early_cs_per_min,early_vision_per_min,early_deaths_per_min,early_kill_participation,early_damage_share,early_solo_kills,early_objective_proximity,early_participacoes_por_min,early_abates_equipe_por_min,mid_cs_per_min,mid_vision_per_min,mid_deaths_per_min,mid_kill_participation,mid_damage_share,mid_solo_kills,mid_objective_proximity,mid_participacoes_por_min,mid_abates_equipe_por_min,late_cs_per_min,late_vision_per_min,late_deaths_per_min,late_kill_participation,late_damage_share,late_solo_kills,late_objective_proximity,late_participacoes_por_min,late_abates_equipe_por_min,early_first_blood_involved,puuid,match_id,patch,early_duration_min,mid_duration_min,late_duration_min,win
7.2261,0.7606,0.2282,0.2,0.2721,1,0.0,0.0761,0.3803,6.8335,0.5906,0.2531,0.6667,0.2176,0.0,0.2,0.3375,0.5062,6.5809,0.5641,0.376,0.2,0.2075,0.0,0.0909,0.094,0.4701,0,GJME4VNOHd9V6unqO-9JzeYaicOX9bYgRdWjfieK1OOc74KNtwfWGmu1bkFkmGpV16SwWudhQ4sarg,BR1_3252837257,16.12,13.147,11.853,10.637,0
6.7857,0.2143,0.1429,0.3333,0.1091,1,0.0,0.1429,0.4286,8.5641,0.403,0.3023,0.75,0.4036,0.0,0.0909,0.3023,0.403,15.0835,1.0056,1.0056,0.0,0.2781,0.0,0.0,0.0,0.0,0,9rEmrenPzReiqkdf0Xmc41uNacC-zjkx-jfw6OlrKoWGhkg-L_KmlNdce5-o8xblCOKMN1WtO-HbqA,BR1_3252556958,16.12,14.0,9.925,0.994,0
5.4867,0.279,0.279,0.1429,0.0971,0,0.0,0.093,0.651,8.0643,0.3325,0.2494,0.2,0.083,0.0,0.2,0.1663,0.8314,6.8793,0.4648,0.4648,0.4167,0.1941,0.0,0.375,0.4648,1.1156,0,4EG9eIp0ZVMaLXQjSNA6OyNXPz31MMI76GMO9QzZGrkwIQ7-aFe7EWO0nw8AhPCgJy74YhSVXvuI7Q,BR1_3252779374,16.12,10.753,12.028,10.757,0
8.2143,0.2857,0.1429,0.1111,0.1159,0,0.0,0.0714,0.6429,8.655,0.2917,0.1945,0.6,0.2821,0.0,0.0,0.2917,0.4862,7.8114,0.0,0.6009,1.0,0.3079,0.0,0.0,0.6009,0.6009,0,5KdHm2xBCmdwakKhX8Q3NMQ3oMZR2YU0pjBQzh4nB5w9tcHsiO4R_lA_qTFQRhvPtiw5KXKUhessRg,BR1_3251736535,16.12,14.0,10.283,1.664,0
8.5837,0.3815,0.0,0.2857,0.2558,4,0.0,0.3815,1.3352,9.7054,0.8439,0.0,0.1667,0.1149,1.0,0.0,0.211,1.2659,,,,,,,,,,0,m80GvtA5xoIu4hmN1V135z3R-gcMn82VUcEzCKplbHB_5JUXOrDZZfnwWRSDzhuxHYFxDpuC_lyalA,BR1_3251466894,16.12,10.485,4.74,0.0,1
7.0714,0.5,0.3571,0.1667,0.1713,1,0.0,0.1429,0.8571,6.5179,0.6518,0.5432,0.125,0.1264,0.0,0.0,0.1086,0.8691,6.0631,0.5512,0.4593,0.2857,0.1173,0.0,0.0769,0.3675,1.2861,0,KKjXQQFKjLuDohvmiTnXyFyK7fK8HLzJ5mrxsP-SpmMbB9J9JBeKhJeAjNGFVl6L_abRI9mgYI2knw,BR1_3252724210,16.12,14.0,9.205,10.886,0
5.1429,0.4286,0.1429,0.4615,0.2793,1,0.0,0.4286,0.9286,6.0909,0.0,0.2727,0.4706,0.1931,0.0,0.1818,0.7273,1.5455,6.8205,0.0,0.3638,0.5556,0.2121,1.0,0.0769,0.4547,0.8185,0,AFtI-T5XibL_owZm_d0uky1R2CZ-cObPct993EP_OFyLNh1Zk7GdNfWxwtFgKIwpW34fVdvsLIObHw,BR1_3250262340,16.11,14.0,11.0,10.996,0
8.5839,0.3637,0.0,0.0833,0.1098,1,0.0,0.0727,0.8729,7.9087,0.5332,0.1777,0.3571,0.2325,3.0,0.0,0.4443,1.2441,7.0303,0.5082,0.2541,0.7273,0.2212,1.0,0.2667,0.6776,0.9317,0,UFAEfxnhGMV0tmXuI7QfeZpz-nTTxvWS4RFdKhfdHly9FTyYU_5nRoTAD9JsR_BRhyZQOVRPgVGZfw,BR1_3247413834,16.11,13.747,11.253,11.806,0
6.5714,0.1429,0.0,0.4118,0.2789,3,0.0,0.5,1.2143,8.2727,0.1818,0.2727,0.5333,0.2533,3.0,0.0909,0.7273,1.3636,6.8493,0.2854,0.1427,1.0,0.2438,0.0,0.1538,1.2842,1.2842,0,nK5wt9cb5G1wgRBrKGdE01hud1D_taR8zs7kX0e4PpqKN48PdWPIypYTTmG1r7sFe3LzORTVnY6MhA,BR1_3248733002,16.11,14.0,11.0,7.008,1
5.9286,0.2143,0.1429,0.6,0.2511,1,0.0,0.2143,0.3571,7.4545,0.3636,0.2727,0.4667,0.1733,0.0,0.1818,0.6364,1.3636,6.3456,0.668,0.3896,0.7037,0.2634,1.0,0.0526,1.0576,1.5029,1,WSo7_9p18PDFIFSDqhLbFshZX0oQbgMs5pTGyD6Zbwb2mAtu7BRWpXgRHEVTXARJC00XZ0Yb-1P8fg,BR1_3251715468,16.12,14.0,11.0,17.965,0
5.8571,0.5,0.2143,0.5385,0.2855,3,0.0,0.5,0.9286,5.9091,0.3636,0.3636,0.3636,0.2265,1.0,0.0,0.3636,1.0,4.6203,0.117,0.3509,0.3636,0.1253,0.0,0.1333,0.4679,1.2867,0,nYfXRXhHDbcYuqPD-TAok8WIT1ZQH2gHQNLxjKMiHNiNZP5iGUYVLHKYRP4b5mMy2ep7BEXheuliAQ,BR1_3251717178,16.12,14.0,11.0,17.098,0
5.7303,0.2456,0.1637,1.0,0.1334,1,0.0,0.0819,0.0819,3.261,0.2965,0.5929,1.0,0.336,0.0,0.0,0.2965,0.2965,,,,,,,,,,1,U3O8RvMvPn98anwlsf-RXctq8M4p0vlfeDSFBbYLD38DtSMhvuP8HJKmB6cb2xoTAiyGLCgy8KIuAg,BR1_3252618930,16.12,12.216,3.373,0.0,0
6.6736,0.4045,0.0,0.2222,0.1421,0,0.0,0.2022,0.91,9.9743,0.3469,0.0867,0.3333,0.1794,3.0,0.0833,0.6071,1.8214,,,,,,,,,,0,mYsYdkky2ZHqdrRDwMMj4hGQE0JpPsUMiefs5fkL1bXoQUT5YXaTrSwV-isP3r3lMc6xvGqBc8t5rg,BR1_3252809565,16.12,9.89,11.53,0.0,1
5.3571,0.2857,0.0,0.3333,0.1819,0,0.2,0.2143,0.6429,5.1818,0.0909,0.3636,0.4286,0.1579,0.0,0.125,0.2727,0.6364,4.8537,0.0,0.5469,0.25,0.0949,0.0,0.2222,0.2734,1.0938,0,ApchgDHy4HNXSl_Id0_qjKIlifFBgoVAr24vfMK8vI_oD0te8M7ssnkRQ1n7NfYqOGUwV0J7LVjUVg,BR1_3252380877,16.12,14.0,11.0,14.628,0
6.1429,0.9286,0.2857,0.3636,0.2124,5,0.0,0.5714,1.5714,4.8182,1.9091,0.4545,0.25,0.2753,2.0,0.1,0.6364,2.5455,3.6621,2.7781,0.6314,0.4667,0.2689,5.0,0.0,0.884,1.8942,0,E_Hyj5N6NU7iTCdB2kUCdLvjMtldL52ySWByt4Z3gfp148CIsIeTXm0RMmLpDocaPF0dIgaLkVddUw,BR1_3252755654,16.12,14.0,11.0,7.919,0
5.6429,0.3571,0.1429,0.125,0.1218,1,0.25,0.1429,1.1429,5.6364,0.3636,0.0,0.5833,0.1931,0.0,0.125,0.6364,1.0909,5.2766,0.3104,0.0,0.4444,0.201,0.0,0.4,1.2416,2.7935,0,9rEmrenPzReiqkdf0Xmc41uNacC-zjkx-jfw6OlrKoWGhkg-L_KmlNdce5-o8xblCOKMN1WtO-HbqA,BR1_3252615972,16.12,14.0,11.0,3.222,1
8.1429,0.2857,0.2143,0.0909,0.1262,0,0.0,0.0714,0.7857,8.9608,0.3773,0.283,0.25,0.1618,0.0,0.0,0.1886,0.7546,13.3813,0.2676,0.5353,0.0,0.1644,0.0,0.0833,0.0,0.0,0,L6-pVFPDVQCqWwIG59YuHmkIouBbccpjbJPHDE4EfLA5MiMjR7b1YH4BNJB48EGiPEbRT8E9zKX-1g,BR1_3252828689,16.12,14.0,10.602,3.737,0
3.3708,0.3457,0.3457,0.4444,0.2015,1,0.0,0.3457,0.7779,7.7116,0.5141,0.2571,0.0,0.3294,0.0,0.3333,0.0,0.2571,,,,,,,,,,0,DvetAhqYTQsHMIkPm_Z04glBwoja3pShLIYlSquvo6WM9gzzjs_0t2ez6wY0ml636ZSQ9-JmW2Lz6Q,BR1_3252786809,16.12,11.57,3.89,0.0,0
5.7857,0.2143,0.2857,0.3333,0.2844,3,0.0,0.4286,1.2857,6.3636,0.4545,0.2727,0.375,0.2672,0.0,0.1,0.5455,1.4545,4.826,0.762,0.254,0.2,0.2597,0.0,0.2857,0.254,1.27,0,5KdHm2xBCmdwakKhX8Q3NMQ3oMZR2YU0pjBQzh4nB5w9tcHsiO4R_lA_qTFQRhvPtiw5KXKUhessRg,BR1_3252818300,16.12,14.0,11.0,3.937,1
5.8523,10.3186,0.077,0.2,0.215,0,0.0,0.154,0.77,5.3968,10.882,0.0885,0.2273,0.1431,0.0,0.25,0.4424,1.9464,4.9972,9.682,0.1562,0.2143,0.1258,0.0,0.125,0.4685,2.1863,0,66ZpwhlxOgiTXqp3DnkIGbXqdtSVXbdgtw5VoItGN000ZFUE_yxpqYQZyKbLm7MMndOkGBJkd5pV1w,BR1_3252323550,16.12,12.986,11.303,6.404,1
5.3308,0.3651,0.146,0.375,0.2389,2,0.0,0.2191,0.5842,5.3069,0.0884,0.4422,0.3846,0.1945,1.0,0.2,0.4422,1.1498,1.1972,0.171,0.5131,0.8,0.1864,0.0,0.1111,0.6841,0.8552,0,XqpqDikZBm9sH1h9vowa_mtZG20QvkdaX4O3fHKkhiiAjgzdiwv-01xuAptIvXek4wSp7_FXreiJdw,BR1_3247456885,16.11,13.694,11.306,5.847,0
6.4917,0.0755,0.5284,0.2727,0.2791,2,0.0,0.2265,0.8303,7.3155,0.095,0.285,0.875,0.3386,0.0,0.125,0.665,0.7601,,,,,,,,,,0,3OoYuJZbHGIKqxWL6PrjrKtSKHnZpnGYwh_y3GrnZoFO2PCFnthu3lPrTrRb3D_-oMrSTYx80BBuIg,BR1_3250850503,16.12,13.248,10.526,0.0,0
8.7143,0.1429,0.0714,0.0,0.0804,0,0.0,0.0,0.5714,11.7273,0.3636,0.0,0.375,0.1239,0.0,0.2,0.2727,0.7273,6.8929,0.1365,0.4095,0.125,0.1436,0.0,0.2143,0.0682,0.546,0,L6-pVFPDVQCqWwIG59YuHmkIouBbccpjbJPHDE4EfLA5MiMjR7b1YH4BNJB48EGiPEbRT8E9zKX-1g,BR1_3252837679,16.12,14.0,11.0,14.653,0
7.6116,0.3659,0.0732,0.75,0.3418,3,0.0,0.6587,0.8783,6.5275,0.3528,0.2646,0.7857,0.3821,2.0,0.1111,0.9703,1.2349,5.9975,0.4916,0.0983,0.95,0.5478,5.0,0.2308,1.8681,1.9664,0,KKjXQQFKjLuDohvmiTnXyFyK7fK8HLzJ5mrxsP-SpmMbB9J9JBeKhJeAjNGFVl6L_abRI9mgYI2knw,BR1_3252706078,16.12,13.663,11.337,10.171,1
7.2479,0.4578,0.1526,0.6,0.2523,2,0.0,0.4578,0.7629,6.3064,0.5886,0.3363,0.5882,0.2696,0.0,0.25,0.8408,1.4294,6.915,1.0373,0.5186,1.0,0.3893,2.0,0.0,0.3458,0.3458,0,CvoDTkDtoDPnxXgugaPQJT76ue7-tBrE2GbFT0D85V8fdAoR3M5rsP50quSwZVXPLECI26bZmvdF2A,BR1_3251791771,16.12,13.107,11.893,5.785,0
6.7657,0.472,0.236,0.3125,0.2026,2,0.0,0.3934,1.2587,6.4286,0.7324,0.3255,0.3478,0.1761,1.0,0.3333,0.651,1.8716,3.4771,0.7633,0.424,0.5,0.2706,2.0,0.0,1.0177,2.0354,0,M1nMhcOhs_EnRPrbCKSJ2Mv9OyanRSKCVJoLq9HIpa6C815FON_myx6YOgKRMhUFsJIR9kRyOx4iXQ,BR1_3252607839,16.12,12.711,12.289,11.791,1
7.4481,0.2234,0.0745,0.1818,0.183,0,0.0,0.149,0.8193,7.085,0.3456,0.2592,0.2727,0.2212,0.0,0.0,0.2592,0.9504,6.0696,0.4335,0.4335,0.3333,0.2279,1.0,0.0,0.4335,1.3006,0,rkgnxLwSKBlB9mmzy8b-m4UXW-AxOooSzjPuo7hNBV5qIL5x-l1LOlYZnIYaRAv5pQCMaZYtBSQ91w,BR1_3252430914,16.12,13.426,11.574,9.226,0
6.9286,0.3571,0.1429,0.4667,0.2527,1,0.0,0.5,1.0714,7.6364,0.5455,0.2727,0.5882,0.2725,2.0,0.0,0.9091,1.5455,3.6278,0.5442,0.3628,0.4545,0.3005,0.0,0.5,0.9069,1.9953,0,A821OP-5dxawAlButOgGyKxGn9AiET1ryOsqmxOv2fKotNC9c6pOxYXlh_IROJz2qTCzVh1UnLKaDQ,BR1_3251717545,16.12,14.0,11.0,5.513,1
9.6755,0.3072,0.0,0.1,0.2071,1,0.0,0.0768,0.7679,8.85,0.4175,0.167,0.3333,0.1736,2.0,0.0,0.2505,0.7514,10.7302,0.438,0.219,0.75,0.3164,1.0,0.0833,0.657,0.8759,0,WJgBkaDPOyifiUFUFhBVCUTLMnZOLY37LILj2KoBKSY5JzJ4WSEYOrm81EcPrZCC7JHuARYnVm2Wyw,BR1_3252701252,16.12,13.023,11.977,9.133,0
6.5714,0.3571,0.1429,0.125,0.0929,1,0.0,0.1429,1.1429,7.0,0.4545,0.1818,0.5,0.1609,0.0,0.0,0.6364,1.2727,5.7238,0.3577,0.0,0.5714,0.1688,0.0,0.2,0.954,1.6695,0,Z2Q5SR4t5ek_GtKViZsd2BdzhlfhqwYXqkcNSbH1WAtsJCU5tKI6ezonLIQe_TZlFWkuU47v2ycqFQ,BR1_3252724197,16.12,14.0,11.0,8.386,1
6.7498,0.2355,0.0785,0.6316,0.328,0,0.0,0.9418,1.4912,10.3916,0.2735,0.0,0.5,0.3633,2.0,0.2,1.0939,2.1877,,,,,,,,,,0,E_Hyj5N6NU7iTCdB2kUCdLvjMtldL52ySWByt4Z3gfp148CIsIeTXm0RMmLpDocaPF0dIgaLkVddUw,BR1_3252490234,16.12,12.741,3.657,0.0,1
6.7143,0.3571,0.1429,0.1667,0.1562,0,0.0,0.1429,0.8571,7.0,0.4545,0.1818,0.6154,0.19,3.0,0.1111,0.7273,1.1818,7.1686,0.1062,0.1062,0.4848,0.2681,2.0,0.3125,0.8496,1.7523,0,0DDlx4jWKb2TwTD_n9096jPYvQithEzVzfBPTZ_9JF4AlgLp-MF41GqNbw1prpzvWrZGiuDhxJ5QGQ,BR1_3252421503,16.12,14.0,11.0,18.832,1
4.3571,0.1429,0.2143,0.2632,0.2635,3,0.0,0.3571,1.3571,5.6364,0.3636,0.4545,0.381,0.1718,1.0,0.2222,0.7273,1.9091,3.4186,0.4022,0.5362,0.5,0.2251,2.0,0.0,0.6033,1.2066,0,XqpqDikZBm9sH1h9vowa_mtZG20QvkdaX4O3fHKkhiiAjgzdiwv-01xuAptIvXek4wSp7_FXreiJdw,BR1_3252617543,16.12,14.0,11.0,14.919,0
5.2857,0.3571,0.0714,0.3333,0.2902,4,0.25,0.5,1.5,14.109,0.0,0.0,0.375,0.1516,1.0,0.3333,1.3227,3.5273,,,,,,,,,,0,yfUPgM0dK4uRFl3-IavjQjpTCQJNUtKdedfexjmle_QpcWsUDpV8pRuK-553TTWTvR6ofrjY8UALww,BR1_3251872853,16.12,14.0,2.268,0.0,1
2.8419,0.2508,0.2508,0.2143,0.1584,1,0.0,0.2508,1.1702,6.7504,0.537,0.3068,0.3,0.1478,2.0,0.1176,0.4603,1.5342,5.7235,0.5203,0.0,0.7143,0.0761,0.0,0.0,1.3008,1.8211,0,ZFTfIvIVBi5gHqRHj-1D9OXKl9bagm1y4B6yTPPHgqWweT5Airez_0kwTuETV9Pnt-EZWGhnY_3eUg,BR1_3252821338,16.12,11.964,13.036,3.844,1
6.8817,0.2518,0.0839,0.625,0.2218,2,0.0,0.4196,0.6714,5.9613,0.3821,0.2293,0.5357,0.2574,0.0,0.1,1.1464,2.14,8.4653,0.5022,0.1435,0.6842,0.3427,0.0,0.0,0.9326,1.3631,0,9rEmrenPzReiqkdf0Xmc41uNacC-zjkx-jfw6OlrKoWGhkg-L_KmlNdce5-o8xblCOKMN1WtO-HbqA,BR1_3252569399,16.12,11.916,13.084,13.939,1
5.9941,0.4333,0.2889,0.2,0.2152,0,0.0,0.1444,0.7222,9.0861,0.3908,0.0977,0.1429,0.1255,0.0,0.0,0.0977,0.6839,6.3096,0.3658,0.1829,0.4091,0.1367,0.0,0.3125,0.823,2.0118,0,OWQ1sz9b8B7JqhDwX2rV8A0au_dRIC1_VBpYz8BWZ17v26kCHq0ySXIxzbRfyTx-5S5CxyV__dPu-Q,BR1_3252542992,16.12,13.847,10.235,10.936,0
8.2455,0.3648,0.073,0.3,0.2105,1,0.0,0.2189,0.7297,8.3218,0.5312,0.3541,0.625,0.2832,2.0,0.0,0.4426,0.7082,5.1365,0.5375,0.3584,0.3913,0.198,1.0,0.2,0.5375,1.3737,0,5RcEVGxu00ZyqOJuTlRLoTcCPvdzWqn5n42PyDFaXGizjGaedXIQziIxCrF6kqBZjbu8nm2DpLsB9A,BR1_3248825971,16.11,13.704,11.296,16.743,0
6.7143,0.5,0.0714,0.6154,0.348,1,0.2,0.5714,0.9286,10.581,0.7667,0.0,0.5,0.2607,0.0,0.0,0.3067,0.6134,5.6443,0.5534,0.2213,0.5556,0.2094,0.0,0.3333,1.1067,1.9921,0,yCVePHi0rJKGCczbQJOC2OleJBabcUccDplQCsGAdU4IvXs7zU896F6pxstjQygwnwSSxJcIMaXSXg,BR1_3250178677,16.11,14.0,6.521,9.036,1
8.0,0.3571,0.1429,0.3333,0.2689,3,0.0,0.2857,0.8571,8.1818,0.5455,0.3636,0.4706,0.3268,1.0,0.0909,0.7273,1.5455,7.5169,0.0,0.9396,0.0,0.2627,0.0,0.0,0.0,2.8188,0,vQ_m9MuJ0QC6x5AXMLjd7vpfcwq72TFdieqK7k9ZgeT9wR2lEhBGX87rZRKmsc-FWR2OdzeBJbsUjg,BR1_3252791517,16.12,14.0,11.0,1.064,1
7.0,0.3571,0.2143,0.2667,0.1824,0,0.0,0.2857,1.0714,5.4894,0.5882,0.2941,0.6429,0.3132,1.0,0.0,0.8822,1.3724,8.1576,0.0,0.2205,0.7273,0.2598,0.0,0.4444,0.8819,1.2126,0,OjPlrZiZnXdvK2TnOKwArx2doidI3FV0Fi3voREndcA-GpYPOHb3wwJ7-mfU2gpXGmef8K73dEt6pw,BR1_3252571354,16.12,14.0,10.201,9.071,1
7.5,0.4286,0.1429,0.3333,0.1785,1,0.0,0.2143,0.6429,7.4545,0.4545,0.1818,0.4375,0.195,3.0,0.2,0.6364,1.4545,4.483,0.2989,0.3985,0.3333,0.2016,0.0,0.2857,0.1992,0.5977,0,tJqi400ATmucJ1WK0oY0awm7S-RweaPy2eHxH1qNcv5UMVnqGRASDOjieNzqYQ8bChQEJy_IsNL4mw,BR1_3252574717,16.12,14.0,11.0,10.038,0
4.7143,0.4286,0.2857,0.375,0.3089,2,0.0,0.2143,0.5714,5.9091,0.4545,0.1818,0.3077,0.1463,0.0,0.0,0.3636,1.1818,4.213,0.7022,0.4681,0.4444,0.1732,0.0,0.1111,0.9362,2.1065,1,mddREOuXPBvaOKX5sK1UL256rkDZUPP_3R1vyGt_GrVqCVPMzSQMjzNyP-6GWLad4KkTDC3ynyfSOg,BR1_3252552477,16.12,14.0,11.0,8.545,1
7.5286,0.3543,0.1771,0.3077,0.1515,1,0.0,0.3543,1.1514,6.1307,0.4905,0.1226,0.5,0.1747,1.0,0.3846,0.9809,1.9618,,,,,,,,,,1,LjZNaS1Qei43IpmGzeYhVEg1YyNaRT7iiwMPT7Dk5bVW6waXALwZZ9o5Ward5nhQC8vg0WDn4Kq76A,BR1_3252751041,16.12,11.29,8.156,0.0,1
5.0093,0.2947,0.4911,0.0909,0.0866,0,0.0,0.0982,1.0804,8.7761,0.3687,0.295,0.375,0.2253,0.0,0.0769,0.2212,0.59,9.9162,0.3541,0.118,0.7143,0.4372,2.0,0.25,0.5902,0.8263,0,jcpJlZoHj7Pe3a1IVbRjfqnlIk3xGmMB_88LBQQQjG7r5ML0jQuRYuQ5aCGw4W4CLMSqM5riBeTrlQ,BR1_3252730356,16.12,10.181,13.56,8.471,0
6.7603,0.4448,0.1779,0.4545,0.2681,2,0.0,0.4448,0.9785,7.1958,0.2907,0.2181,0.4,0.2227,1.0,0.1,0.4361,1.0903,9.036,0.2347,0.1174,0.6923,0.1981,0.0,0.1,1.0562,1.5256,1,Qr-OWwA5xByikrXhi90VZOTXf8Q6M3OSU1uQPbIFz8DaVmpsC-wgouOB6VqPicqHFuFmEnL98wMYDg,BR1_3252572452,16.12,11.242,13.758,8.521,1
7.4957,0.2998,0.0999,0.2353,0.2834,4,0.0,0.3998,1.699,7.0722,0.3823,0.0,0.4286,0.4745,1.0,0.25,0.5734,1.338,,,,,,,,,,0,0yrCk5Y8Cll5KCtjG9u8fwTfsY3iZbEDTAKtmqCEZsybFQcBLcq8LSZrkCUiVZUJYkwFngkALRpzbw,BR1_3252667503,16.12,10.006,5.232,0.0,1
7.8408,0.3105,0.1553,0.2308,0.0784,1,0.0,0.2329,1.0092,9.5924,0.6123,0.102,0.4375,0.1976,1.0,0.3,0.7143,1.6327,7.6804,0.7896,0.3589,0.1905,0.1924,2.0,0.0,0.2871,1.5074,0,2ApDGMHfIkhn_kS37HwsX4XUN6K_OWEaWrZi-nDnmGyiVhP6_MqXe1tsNqyHxEy0Az6wE5d1H8XCSA,BR1_3252750100,16.12,12.881,9.799,13.931,1
5.755,0.2019,0.2019,0.2857,0.297,1,0.25,0.2019,0.7068,6.3594,0.3312,0.265,0.5238,0.231,3.0,0.2308,0.7287,1.3911,4.3868,0.1994,0.3988,0.5,0.2549,0.0,0.4444,0.3988,0.7976,0,QRv2xF9FO4Psf_TTWd7zgfx7Moke5nzYxQTv8ONMRa6UI36k3sWJUP3tirG0f32853Q4N79sVrGwvA,BR1_3252757434,16.12,9.904,15.096,5.015,0
4.2289,0.3076,0.1538,0.25,0.1957,1,0.0,0.2307,0.9227,5.1456,0.4116,0.4116,0.5,0.23,2.0,0.2222,0.2058,0.4116,5.4459,0.4951,0.4951,0.0,0.3695,0.0,0.375,0.0,0.0,0,tFV2zefyV6I4swj3xOGpI-UTTabkIcyZyjWttoRUTO8dw8qtmvGtFMw26NOuQ9TAVbr-uBoI-624Sw,BR1_3252853488,16.12,13.006,9.717,2.02,0
3.8628,0.2272,0.303,0.3636,0.1535,0,0.0,0.303,0.8332,5.2555,0.5934,0.5086,0.4,0.1769,1.0,0.4,0.5086,1.2715,9.2365,0.0,0.0,0.0,0.2536,0.0,0.0,0.0,0.0,0,mddREOuXPBvaOKX5sK1UL256rkDZUPP_3R1vyGt_GrVqCVPMzSQMjzNyP-6GWLad4KkTDC3ynyfSOg,BR1_3252853553,16.12,13.203,11.797,0.65,0
8.1493,0.5433,0.1552,0.5714,0.349,3,0.0,0.3104,0.5433,9.0793,0.6603,0.1651,0.3333,0.2734,2.0,0.125,0.2476,0.7429,6.5614,0.5858,0.4687,0.8333,0.2664,1.0,0.0,0.5858,0.703,0,YV-n2n8naJcABbIucWwOpdQiIib4oW4Fk3_IonVEOVMqPkqN5onbl_ktdrApLQqpFver7FXgD9N8pg,BR1_3252818380,16.12,12.885,12.115,8.535,0
4.7857,0.3571,0.2143,0.5,0.2679,2,0.0,0.6429,1.2857,5.6364,0.5455,0.0,0.4375,0.2749,2.0,0.125,0.6364,1.4545,4.3676,0.3911,0.1956,0.6129,0.2791,5.0,0.2857,1.2386,2.0208,0,IXyXv4_o8F2QVvnMk9sbzUH5imX4YDGMmquRVNGcm3j_Lmu1k8-i2Ki3HNYyJm4DcpaWzhNMGKzFDQ,BR1_3252861211,16.12,14.0,11.0,15.34,1
6.6193,0.2546,0.0,0.1429,0.2357,0,0.0,0.1697,1.1881,4.9938,0.454,0.227,0.6,0.2632,2.0,0.0,0.681,1.135,4.9769,0.2986,0.2986,0.1429,0.2094,1.0,0.3077,0.0995,0.6968,0,dfFpF8dKHmsGWmHeyOuCiLqc-g-yOtsiWbhiTB-zho3eOuSeDKsKnIo3wtVPmF6eCNCwrJZcDV_y8g,BR1_3252763679,16.12,11.784,13.216,10.046,0
7.0631,0.4106,0.3285,0.4615,0.2165,4,0.0,0.4928,1.0677,7.3299,0.5458,0.4679,0.4286,0.2946,2.0,0.0667,0.4679,1.0917,9.9418,0.4142,0.4142,1.0,0.2813,1.0,0.2,0.6214,0.6214,0,qFg-2IZP633Y62fB_lj_0f95rM8fQM8l3wdrDVdct0qDM00u8C6roZ_UR9yEr_mpq9nGgWTAE0Vx3A,BR1_3252654356,16.12,12.176,12.824,4.828,0
7.6982,0.3079,0.154,0.3333,0.1722,1,0.0,0.2309,0.6928,9.0562,0.289,0.4817,0.25,0.1457,2.0,0.0833,0.3854,1.5415,12.4803,0.32,0.32,1.0,0.0855,0.0,0.0,0.32,0.32,0,56GNxr7rUgCA3-MCUt5RYXiR0c9xBFXV-EQXn0EEGYH0Cjfe98Y4Ka2vC6HuHlWQtu2ZiMN-6lJFBg,BR1_3252072334,16.12,12.99,10.38,3.125,0
7.0,0.3571,0.0714,0.5294,0.2331,2,0.5,0.6429,1.2143,5.6131,0.5521,0.3681,0.3333,0.3468,2.0,0.0833,0.2761,0.8282,1.3713,0.3428,0.1714,0.4375,0.18,0.0,0.0,1.1999,2.7426,0,3OoYuJZbHGIKqxWL6PrjrKtSKHnZpnGYwh_y3GrnZoFO2PCFnthu3lPrTrRb3D_-oMrSTYx80BBuIg,BR1_3250836506,16.12,14.0,10.867,5.834,1
9.7532,0.1653,0.0,0.1429,0.2218,1,0.0,0.0827,0.5786,11.7678,0.4526,0.181,0.1875,0.1649,0.0,0.4444,0.2716,1.4483,6.832,0.297,0.297,0.3333,0.084,0.0,0.5714,1.1882,3.5645,0,56GNxr7rUgCA3-MCUt5RYXiR0c9xBFXV-EQXn0EEGYH0Cjfe98Y4Ka2vC6HuHlWQtu2ZiMN-6lJFBg,BR1_3248338437,16.11,12.099,11.047,3.366,1
8.5697,0.4357,0.0726,0.5556,0.2828,0,0.0,0.3631,0.6536,7.3677,0.4037,0.0,0.6,0.1907,0.0,0.0,0.6056,1.0093,5.5785,0.0,0.2231,0.6667,0.3088,0.0,0.1579,0.2975,0.4463,0,m80GvtA5xoIu4hmN1V135z3R-gcMn82VUcEzCKplbHB_5JUXOrDZZfnwWRSDzhuxHYFxDpuC_lyalA,BR1_3252540780,16.12,13.769,9.908,13.444,0
6.7143,0.4286,0.0,0.375,0.1721,2,0.0,0.4286,1.1429,6.7273,0.0909,0.1818,0.4737,0.1804,1.0,0.1111,0.8182,1.7273,4.5465,0.1299,0.5196,0.4545,0.226,1.0,0.2857,0.6495,1.4289,0,l-sbooP4KMYeF4q8wkgyU4kLQseeDQsYPd_6Y4AHRthxNfSJeSLWto6AhuyH6ozaZtE5pSjocFGQ9A,BR1_3251550004,16.12,14.0,11.0,7.698,0
9.4457,0.2725,0.0908,0.3333,0.4092,4,0.0,0.3633,1.0899,11.9706,0.2347,0.0,0.625,0.4755,2.0,0.5,1.1736,1.8777,,,,,,,,,,0,iOjDdbkDyvbj60OcRMVvTTT7pXUAKsfFljD-H-lo95IZi5lFf0T-k-tWWD5xmeJUQeLrTRUE58QDBg,BR1_3252828263,16.12,11.01,4.26,0.0,1
8.7516,0.2525,0.0,0.0,0.1666,0,0.0,0.0,0.3366,8.8438,0.4574,0.0762,0.75,0.5012,4.0,0.0,0.6862,0.9149,10.0161,0.5723,0.2862,1.0,0.4258,0.0,0.0,0.2862,0.2862,0,WJgBkaDPOyifiUFUFhBVCUTLMnZOLY37LILj2KoBKSY5JzJ4WSEYOrm81EcPrZCC7JHuARYnVm2Wyw,BR1_3250834826,16.12,11.884,13.116,6.989,0
6.7857,0.2143,0.0714,0.2857,0.2161,0,0.0,0.1429,0.5,7.5455,0.5455,0.1818,0.3571,0.1392,0.0,0.0,0.4545,1.2727,7.1952,0.3128,0.3128,0.4444,0.2166,0.0,0.1333,0.4171,0.9385,0,EIZq6eY_2dXtSxyzyghicqRN8e7hoNI65cujCY71cPqJsOLL8hNrFPUvEIIFTCMObwb-QS0KDZZPbg,BR1_3250285283,16.11,14.0,11.0,9.59,0
6.4542,0.2176,0.2901,0.0,0.2306,0,0.2,0.0,0.6527,7.1362,0.446,0.446,0.0833,0.124,0.0,0.0,0.1784,2.1409,7.3783,0.6253,0.1251,0.3333,0.1157,0.0,0.0833,0.6253,1.8758,0,cRNieDRj6dPQ2MhN7McPLFy4eSIWK3RR2MHOBVNGR4oakywJzwUZSHJDWy8qXFlXOiQtJ1XzSD5sLQ,BR1_3252637195,16.12,13.79,11.21,7.996,1
5.3131,0.1563,0.1563,0.3846,0.2574,0,0.0,0.3907,1.0157,6.9664,0.3278,0.082,0.4286,0.2835,2.0,0.1,0.4917,1.1474,5.1249,0.554,0.277,0.8,0.4851,2.0,0.0,0.554,0.6926,0,dfFpF8dKHmsGWmHeyOuCiLqc-g-yOtsiWbhiTB-zho3eOuSeDKsKnIo3wtVPmF6eCNCwrJZcDV_y8g,BR1_3252756252,16.12,12.799,12.201,7.22,0
5.282,0.1577,0.473,0.3333,0.2317,2,0.2,0.3153,0.946,3.4469,0.3134,0.3134,0.0,0.4274,0.0,0.5,0.0,0.0,,,,,,,,,,1,rnNkx6xNQ7Hn6K8yl_3ixNobzZAoIPMMVqedXMLshICaT176yc8b9dLTmSw4zgeXF4OhkR1qTvRlyQ,BR1_3252813441,16.12,12.685,3.191,0.0,0
7.5445,0.3593,0.0719,0.5556,0.2664,3,0.0,0.7185,1.2934,8.5464,0.4383,0.2191,0.6364,0.4274,1.0,0.0909,0.767,1.2053,5.9911,0.2031,0.1015,0.5,0.3283,1.0,0.2667,0.7108,1.4216,0,78Be_63SBD4w3DgknftWP5Xg06GYsS5FEO8NKOwEVj6VgDudxvkb3mvyd4DsdoEcFx4rtJefI84J5w,BR1_3252748897,16.12,13.917,9.127,9.848,1
7.3846,0.4057,0.1623,0.0,0.1755,0,0.0,0.0,0.8115,6.9417,0.2366,0.3155,0.1111,0.1512,1.0,0.0,0.0789,0.7099,3.0224,0.7556,0.7556,0.0,0.0,0.0,0.5,0.0,0.0,0,EdyMmwCyTGy1d5K6jPmSLvmZN9njLPE-IyhQ2ir5meuxe3MoIqZnx9jiw2bcVfFPTgjQBBU2Xx16ig,BR1_3249049218,16.11,12.323,12.677,1.323,0
6.3571,0.4286,0.1429,0.4667,0.2865,3,0.0,0.5,1.0714,5.7273,0.3636,0.1818,0.4545,0.2906,0.0,0.0909,0.4545,1.0,6.2241,0.5763,0.2305,0.6667,0.3686,1.0,0.0,0.6916,1.0374,0,KKjXQQFKjLuDohvmiTnXyFyK7fK8HLzJ5mrxsP-SpmMbB9J9JBeKhJeAjNGFVl6L_abRI9mgYI2knw,BR1_3252669866,16.12,14.0,11.0,8.676,0
6.8557,0.0868,0.1736,0.0,0.0807,0,0.0,0.0,0.5207,7.0492,0.371,0.2968,0.3529,0.0935,0.0,0.0909,0.4452,1.2614,10.0915,0.3255,0.1085,0.4706,0.1746,1.0,0.4167,0.8681,1.8447,0,66ZpwhlxOgiTXqp3DnkIGbXqdtSVXbdgtw5VoItGN000ZFUE_yxpqYQZyKbLm7MMndOkGBJkd5pV1w,BR1_3252703253,16.12,11.523,13.477,9.216,1
5.8571,0.2857,0.1429,0.4286,0.2385,0,0.0,0.4286,1.0,5.8182,0.3636,0.2727,0.3,0.2486,0.0,0.2,0.2727,0.9091,8.4448,0.4872,0.1624,0.3333,0.168,1.0,0.0,0.6496,1.9488,0,ZFTfIvIVBi5gHqRHj-1D9OXKl9bagm1y4B6yTPPHgqWweT5Airez_0kwTuETV9Pnt-EZWGhnY_3eUg,BR1_3252806179,16.12,14.0,11.0,6.158,1
6.1013,0.3089,0.1545,0.7273,0.2784,6,0.0,0.6179,0.8496,7.0034,0.2594,0.3891,0.4,0.2288,0.0,0.3,0.5188,1.2969,4.8609,0.5468,0.3038,0.5769,0.2408,2.0,0.1765,0.9114,1.5798,1,yOwj4no3PYMFJKBbhhjnj_ilRVWk-ZZSmdngfFiWXDlsI_b0jse9Yz-0GOskkihisWF0lUpXatFrvw,BR1_3252075669,16.12,12.948,7.71,16.458,1
6.9286,0.3571,0.2143,0.0,0.2768,0,0.0,0.0,0.5,8.6456,0.4871,0.2435,0.6,0.3374,1.0,0.25,0.3653,0.6088,,,,,,,,,,0,bnOFktu2-P3JoT34frC1ydmRqDpMqP7dIi2EQMHovxWSdq5X_uFt-1j3BcYYbtJ2cWR26TVYOaK9xw,BR1_3252580059,16.12,14.0,8.212,0.0,0
5.5,0.5714,0.1429,0.3333,0.1873,0,0.0,0.5714,1.7143,7.3636,0.5455,0.0909,0.5,0.2334,0.0,0.0,0.7273,1.4545,3.28,0.3814,0.3814,0.5417,0.1308,0.0,0.2,0.9916,1.8307,0,ruLYKaIBUeib7jjXbTyP1DjoY7h6YnGiwxqZzz1RuUBeBNLRNiG0Kp0VqM4IGl189jbQw8iZfXpYvg,BR1_3249979748,16.11,14.0,11.0,13.11,0
7.0821,0.3767,0.0753,0.5714,0.2111,1,0.0,0.3014,0.5274,4.4725,0.5367,0.0895,0.7333,0.2577,0.0,0.0,0.984,1.3418,5.0425,0.4016,0.1785,0.381,0.1745,0.0,0.0556,0.357,0.9371,1,WfQFroIeu7S-hjA5QQlOPfCO8tLhyzdrtEt3WmXiAwE-h8t6kI1Ze18Nh6SKWXqbTqm4YSwk2aQA9g,BR1_3252864196,16.12,13.273,11.179,22.409,1
6.4286,0.3571,0.3571,0.1111,0.1557,0,0.0,0.0714,0.6429,6.5455,0.1818,0.4545,0.2,0.1807,1.0,0.1667,0.1818,0.9091,0.0,0.0,0.0,0.0,0.1532,0.0,1.0,0.0,0.0,0,Ff27PVZRUIFEyGj7fe0rY09CSQus4kDxbxUTuoWbOP-p92sBuPGTIIquY_QQr9iexv9QbnNsvzvOOA,BR1_3251692407,16.12,14.0,11.0,0.339,0
7.3571,0.2857,0.0714,0.3333,0.2776,2,0.0,0.4286,1.2857,6.2727,0.0,0.2727,0.5556,0.2192,1.0,0.1,0.9091,1.6364,6.3744,0.0,0.2924,0.4483,0.2006,2.0,0.0667,0.7603,1.6959,0,gPkDaebGY5pMFcvrmMScQ9UlGU5gA8-EDD2rEtJqs4Axmz6VXXY-BMaskAJsGnn3zqAipZpI6JDfiA,BR1_3252785819,16.12,14.0,11.0,17.1,1
6.6215,0.2337,0.3895,0.0,0.0712,0,0.0,0.0,0.8569,7.7284,0.4111,0.3289,0.1429,0.1376,0.0,0.1429,0.1644,1.151,7.1218,0.3957,0.1583,0.3,0.0598,1.0,0.2,0.4748,1.5826,0,IyQGAep6UNTVTccL8h_4eWIItpn6C84dFwtbramTmbHWxBXHyggOhUxwGJpSvOaosW6EGutLAvBC_A,BR1_3252336699,16.12,12.837,12.163,12.637,1
5.7993,0.358,0.4296,0.2778,0.2238,1,0.0,0.358,1.2887,7.523,0.3626,0.3626,0.35,0.2512,1.0,0.2,0.6345,1.8128,3.7766,0.3541,0.118,0.6667,0.2312,0.0,0.2222,1.1802,1.7703,0,NrL9s5r2afHvVFEmOWmAHdr8V7m_fzWEduSW6Af6Jq9jg4Jm94GYHujaHEbLAJfs4I5wqSt8v4qyMw,BR1_3252862154,16.12,13.967,11.033,8.473,1
6.5,0.2143,0.1429,0.5,0.2214,2,0.0,0.4286,0.8571,11.672,0.3072,0.1024,0.2,0.2414,3.0,0.3333,0.3072,1.5358,10.2298,0.7055,0.3528,0.0,0.193,0.0,0.2,0.0,2.1165,0,M8AkDoq7iFNxFpBbLxFA6BCz3TnNfbQ74DdY1IkpFyZ5ndZ9TSrGZ1qzGhEdbrkksA3xj-FsGdWoYA,BR1_3251915903,16.12,14.0,9.767,2.835,1
6.7857,0.4286,0.0,0.1538,0.1533,0,0.0,0.1429,0.9286,8.15,0.8579,0.3217,0.7143,0.2369,1.0,0.1111,0.5362,0.7507,0.8502,0.8502,0.8502,0.0,0.1878,0.0,0.5,0.0,0.8502,1,mXXWAj6U1wmnj5UixJvy0LjkDimeP-CP57YMWCSA97FgYq20l8TGce4gZ5hRYRmlfAQXHhCUazf5bw,BR1_3251897649,16.12,14.0,9.325,1.176,0
5.2143,0.2143,0.2143,0.2222,0.1535,0,0.0,0.1429,0.6429,7.4409,0.3543,0.3543,0.25,0.12,1.0,0.0,0.1772,0.7087,,,,,,,,,,0,ur7lCS205A8n2DGoh3dE6dMgObFK2et4UWlkiLoD5lW2tPyYBvowQMRQJVdWVkt8RQ7IIxaZVYmQbA,BR1_3251145246,16.12,14.0,5.644,0.0,0
5.9286,0.2857,0.2143,0.5625,0.3769,3,0.0,0.6429,1.1429,8.9091,0.6364,0.1818,0.55,0.367,2.0,0.2727,1.0,1.8182,13.7445,0.9371,0.1562,0.5,0.3645,3.0,0.3333,1.0933,2.1866,0,KIcWNnApypcbjFqdnR3U52OphyPgiw0R7axCVJdpwn6oHOyCLgIANUVp4K3q_f_qg6vaEh0vBusB1w,BR1_3252791739,16.12,14.0,11.0,6.403,1
5.2857,0.2857,0.2143,0.3333,0.1486,1,0.0,0.2143,0.6429,5.3585,0.466,0.233,0.5,0.1315,0.0,0.1818,0.5824,1.1649,7.6293,0.4488,0.3366,0.5,0.1094,0.0,0.0,0.6732,1.3463,0,EWyRFhXERE_3oJL20azLza_804fM_QrWbFtSv_2WxBitf4-fE_hBXsD7v2nYq90EbFTsY3hrNX-o_w,BR1_3252714552,16.12,14.0,8.584,8.913,0
6.0714,0.5,0.0714,0.3846,0.2176,0,0.8,0.3571,0.9286,10.6684,0.6096,0.3048,0.6667,0.4182,3.0,0.0,1.8289,2.7433,,,,,,,,,,0,QcDd9G6KWcOkFj_y3u5A7WgYAQV1gJZvNF2X0We3QBL4jmVuNM2VpDRHK-nyV8d3BvYJSg_ARnQH5w,BR1_3252783596,16.12,14.0,3.281,0.0,1
6.5248,0.2681,0.0,0.2727,0.2502,0,0.0,0.2681,0.9832,7.4574,0.5792,0.2172,0.4667,0.2092,1.0,0.1,1.0136,2.172,6.9194,0.659,0.3295,0.2222,0.1417,0.0,0.1818,0.659,2.9655,0,7QhpO7oZxvZuwZMASc-bficwn-QEMLT4cLXJ8yWAG0Y-xXt9bGlAnYIIONKeRjZg6_KlC8R6lMe5nw,BR1_3252217834,16.12,11.188,13.812,6.07,1
4.8427,0.2252,0.3379,0.2,0.1873,0,0.0,0.1126,0.5631,8.0138,0.4714,0.0943,0.6,0.2472,0.0,0.0,0.2828,0.4714,,,,,,,,,,0,SRc1FSD7esblymiMO7Mp1znyCAHi7WCRVBezzTy3jL3b7C1M_mmLKPsZtmw8Sf2Xa4AOxjC79BKyAA,BR1_3251897904,16.12,8.879,10.607,0.0,0
7.7925,0.4453,0.2226,0.2,0.1732,0,0.0,0.2226,1.1132,8.8499,0.4338,0.5206,0.2857,0.3638,4.0,0.0,0.3471,1.2147,11.8017,0.4371,0.4371,0.3333,0.2551,1.0,0.0,0.2186,0.6557,0,5Chij340x6eQfBLKz1PSkVsTvyJV21LSJYvEXFSKuoxTnw-bHV4nrVSZk8CGCUT7G-u-OpjaUM9wkw,BR1_3251892160,16.12,13.474,11.526,4.576,0
6.0,0.0714,0.2857,0.3077,0.2652,2,0.0,0.2857,0.9286,7.5958,0.3929,0.2619,0.25,0.1558,1.0,0.2222,0.3929,1.5715,5.9928,0.4439,0.2959,0.4231,0.1845,1.0,0.2308,0.8138,1.9236,0,n2959LdTvW_KDWCiMlkjc7bxaVDhqBMVVzY9CgKc19A98JKGmTb-Tf9Lxq_asfiyX_oKpzcxLuD2uA,BR1_3251440419,16.12,14.0,7.636,13.516,1
4.2857,0.7143,0.3571,0.1,0.2203,1,0.0,0.0714,0.7143,8.0,0.6364,0.3636,0.0,0.0741,0.0,0.1429,0.0,0.6364,3.3853,0.0,0.5642,0.25,0.1302,0.0,0.4286,0.2821,1.1284,0,NtWIOYCWgE2-BzT6J8hrSVvKoMgbjk2I0ZUay-jN3MOAgjNCW8wEHj1lWfA5wXBzf_4HpDQVz0pU_w,BR1_3252312217,16.12,14.0,11.0,3.545,0
7.0,0.3571,0.0714,0.3,0.2858,0,0.0,0.2143,0.7143,10.6479,0.5324,0.1065,0.5714,0.2417,3.0,0.1111,0.8518,1.4907,4.9952,0.4094,0.0,0.8095,0.4219,1.0,0.2,1.3921,1.7197,0,tJqi400ATmucJ1WK0oY0awm7S-RweaPy2eHxH1qNcv5UMVnqGRASDOjieNzqYQ8bChQEJy_IsNL4mw,BR1_3252699401,16.12,14.0,9.392,12.212,1
6.7857,0.5,0.0,0.2273,0.1952,1,0.2,0.3571,1.5714,5.445,0.733,0.2094,0.3889,0.1464,0.0,0.1818,0.733,1.8848,5.4394,0.5912,0.3547,0.2143,0.188,1.0,0.0769,0.3547,1.6555,0,yCVePHi0rJKGCczbQJOC2OleJBabcUccDplQCsGAdU4IvXs7zU896F6pxstjQygwnwSSxJcIMaXSXg,BR1_3250337773,16.11,14.0,9.55,8.457,1
8.9243,0.1767,0.0884,0.25,0.2037,1,0.0,0.3534,1.4138,5.7738,0.4385,0.1462,0.625,0.2977,2.0,0.1333,1.4617,2.3387,8.3693,0.2041,0.2041,1.0,0.3748,2.0,0.0,1.4289,1.4289,0,WJgBkaDPOyifiUFUFhBVCUTLMnZOLY37LILj2KoBKSY5JzJ4WSEYOrm81EcPrZCC7JHuARYnVm2Wyw,BR1_3252678724,16.12,11.317,13.683,4.899,1
8.0714,0.5714,0.0714,0.3846,0.2298,3,0.2,0.3571,0.9286,4.3636,0.1818,0.1818,0.6667,0.363,1.0,0.0,0.5455,0.8182,5.3111,0.4618,0.2309,0.7857,0.4818,1.0,0.0,1.27,1.6164,1,p3uZ7e7AgFmm_AttGTd3B013_84C_BAM3jvc6d2SHPPzrfEejuzx1X5p-wjwPupEllLl09QtAHresQ,BR1_3252323516,16.12,14.0,11.0,8.661,1
7.1429,0.4286,0.2143,0.4167,0.252,2,0.0,0.3571,0.8571,6.282,0.2813,0.2813,0.3571,0.1692,2.0,0.1,0.4688,1.3127,5.0534,0.266,0.266,0.3333,0.0725,0.0,0.0,0.5319,1.5958,0,GwmBfuzcaXkXQKhtDwV_giYStT_F4LLlx40GUDcijB9ikuumzi-ISD3rzILx5j_8wgmo3qcVBEf4Mg,BR1_3252750848,16.12,14.0,10.665,11.28,1
6.2951,0.3597,0.2698,0.5,0.2188,2,0.0,0.1799,0.3597,8.3194,0.3241,0.3241,0.4,0.2735,0.0,0.2667,0.2161,0.5402,,,,,,,,,,1,tJqi400ATmucJ1WK0oY0awm7S-RweaPy2eHxH1qNcv5UMVnqGRASDOjieNzqYQ8bChQEJy_IsNL4mw,BR1_3251755270,16.12,11.12,9.256,0.0,0
6.9286,0.2143,0.1429,0.0,0.12,0,0.0,0.0,0.7143,11.2604,0.2887,0.0962,0.3636,0.2212,1.0,0.0,0.385,1.0587,7.9208,0.1864,0.4659,0.3636,0.197,0.0,0.25,0.3727,1.0251,0,5KdHm2xBCmdwakKhX8Q3NMQ3oMZR2YU0pjBQzh4nB5w9tcHsiO4R_lA_qTFQRhvPtiw5KXKUhessRg,BR1_3251745933,16.12,14.0,10.39,10.731,0
6.9516,0.3583,0.1433,0.1111,0.1517,1,0.0,0.0717,0.645,8.3274,0.366,0.366,0.2308,0.1831,0.0,0.2308,0.2745,1.1896,10.1933,0.1019,0.2039,0.5294,0.1896,0.0,0.0909,0.9174,1.7329,0,L6-pVFPDVQCqWwIG59YuHmkIouBbccpjbJPHDE4EfLA5MiMjR7b1YH4BNJB48EGiPEbRT8E9zKX-1g,BR1_3252872407,16.12,13.954,10.928,9.81,0
8.2143,0.2857,0.0,0.2222,0.2097,1,0.0,0.1429,0.6429,10.8182,0.3636,0.0,0.2,0.1745,0.0,0.1667,0.2727,1.3636,8.7611,0.4736,0.1184,0.4,0.2661,0.0,0.2222,0.7104,1.7759,0,R7c0iIGYXQaYZG1AdMkOybF5ChkA-uGFEGyJlxJNKYIBgA9M9BUs5T3xyLbQGWgjfV1MQ1M_dY9qqA,BR1_3252287044,16.12,14.0,11.0,8.446,1
7.0681,0.228,0.0,0.4286,0.2044,0,0.0,0.228,0.532,6.404,0.2956,0.197,0.2857,0.2196,0.0,0.1111,0.197,0.6897,8.8774,0.4035,0.0,0.9,0.2406,0.0,0.25,1.2106,1.3451,0,29xoXQ5joQxQnU8ZjEJLmTNJ-JAZjJ6Ry7RYyOFap9papMZKDhdIPAcy3_A__4-OX9kQppT_J7EoNQ,BR1_3252633621,16.12,13.158,10.15,7.435,0
9.5181,0.2284,0.0,0.25,0.1657,1,0.0,0.1523,0.6092,7.7525,0.5056,0.0843,0.6667,0.2977,0.0,0.125,0.3371,0.5056,10.6806,0.2648,0.1765,0.5,0.2633,0.0,0.05,0.2648,0.5296,0,R7c0iIGYXQaYZG1AdMkOybF5ChkA-uGFEGyJlxJNKYIBgA9M9BUs5T3xyLbQGWgjfV1MQ1M_dY9qqA,BR1_3252745480,16.12,13.133,11.867,11.329,0
7.7143,0.2857,0.0714,0.2727,0.2679,1,0.0,0.2143,0.7857,7.6807,0.2743,0.2743,0.5,0.2161,1.0,0.2222,0.1829,0.3657,7.2335,0.2855,0.2855,0.4286,0.3395,0.0,0.0,0.2855,0.6662,0,66ZpwhlxOgiTXqp3DnkIGbXqdtSVXbdgtw5VoItGN000ZFUE_yxpqYQZyKbLm7MMndOkGBJkd5pV1w,BR1_3252295390,16.12,14.0,10.936,10.507,0
4.863,0.3558,0.2372,0.4,0.282,1,,0.2372,0.5931,5.6129,0.4225,0.4225,0.3462,0.2297,1.0,0.1111,0.5432,1.5692,8.0029,0.3936,0.3936,0.8,0.5196,6.0,0.1818,1.0496,1.3119,0,NrL9s5r2afHvVFEmOWmAHdr8V7m_fzWEduSW6Af6Jq9jg4Jm94GYHujaHEbLAJfs4I5wqSt8v4qyMw,BR1_3252799623,16.12,8.431,16.569,7.622,0
5.0,0.2857,0.4286,0.3684,0.2319,3,0.0,0.5,1.3571,4.0,0.5455,0.1818,0.3125,0.1652,0.0,0.1818,0.4545,1.4545,7.2615,0.4538,0.1135,0.6364,0.263,0.0,0.2,0.7942,1.2481,0,rnNkx6xNQ7Hn6K8yl_3ixNobzZAoIPMMVqedXMLshICaT176yc8b9dLTmSw4zgeXF4OhkR1qTvRlyQ,BR1_3252804721,16.12,14.0,11.0,8.814,0
5.3932,0.2451,0.1634,0.0769,0.1246,0,0.0,0.0817,1.0623,3.7973,0.5063,0.0,0.0,0.0079,0.0,0.0,0.0,2.0252,,,,,,,,,,0,taHbTunOxlcN4bMdqAxTA7PlacwmAp6a_NzftRlpca_vfH4GZdf5LqAk1-ko4oKCuQXqM9nlDM4Zng,BR1_3251390235,16.12,12.238,3.95,0.0,1
7.2143,0.6429,0.0714,0.3333,0.2227,2,0.0,0.3571,1.0714,8.0187,0.8019,0.1336,0.75,0.3268,0.0,0.1,1.2028,1.6037,,,,,,,,,,1,QRv2xF9FO4Psf_TTWd7zgfx7Moke5nzYxQTv8ONMRa6UI36k3sWJUP3tirG0f32853Q4N79sVrGwvA,BR1_3251438189,16.12,14.0,7.482,0.0,1
4.6429,0.1429,0.3571,0.2308,0.1423,0,0.0,0.2143,0.9286,5.0,0.5455,0.3636,0.44,0.2149,1.0,0.0,1.0,2.2727,4.8519,0.2348,0.3913,0.6875,0.2024,2.0,0.1429,0.8608,1.2521,0,lSQJlwVHU2Gm4NqZUgV9PI5rtTxNdiOceGgzcALV462wxokv3hzwrk8GdREqLuO2su5AMCm9qNqk6g,BR1_3250845711,16.12,14.0,11.0,12.778,0
7.7005,0.3143,0.1572,0.5,0.2713,4,0.0,0.4715,0.9429,5.613,0.4881,0.244,0.8333,0.3931,0.0,0.25,0.6101,0.7321,4.8342,0.3334,0.3334,0.7692,0.2948,0.0,0.0,0.8335,1.0835,0,0T3mFuKCmGzq8Iexa-pCwY91lJ9Nu5zk-fQoBoacuZsK08Q_Pi5aB3SdV8UxumqBxPGy3iOpCEjY0A,BR1_3252838780,16.12,12.726,8.195,11.998,0
6.5036,0.4591,0.0765,0.2381,0.2389,4,0.0,0.3826,1.6068,6.7861,0.5154,0.1718,0.4667,0.1697,1.0,0.0833,0.6013,1.2885,6.7563,0.1438,0.0,0.5625,0.2411,0.0,0.25,1.2938,2.3,0,Bklpq3TNOH0qMzvqJ68Jz5HfxHClF1MHGHeQtHe6zgGfZ0aNz4cE4SMltZdRuWhYafULGQua4xP3kQ,BR1_3252737091,16.12,13.07,11.642,6.956,1
8.5428,0.52,0.1486,0.5714,0.2241,2,0.0,0.2971,0.52,4.4776,0.6106,0.4071,0.4,0.2343,0.0,0.25,0.4071,1.0176,3.1585,0.7019,0.6142,0.6,0.2393,4.0,0.2857,0.7896,1.3161,0,POLOxsoTyhTTtxWdYcD4n4YsiYgwL5JGlAOkQLkQmIvPAG0AGBvPxBMCgHsf2S0O1KrsYiQ1gSAaiA,BR1_3252677577,16.12,13.462,9.827,11.398,0
8.0218,0.2616,0.0,0.4375,0.2976,1,0.0,0.6104,1.3951,10.5752,0.6101,0.0,0.5,0.2031,0.0,0.0,0.7118,1.4236,4.8484,0.3232,0.3232,0.5,0.153,0.0,0.1053,0.4848,0.9697,0,0T3mFuKCmGzq8Iexa-pCwY91lJ9Nu5zk-fQoBoacuZsK08Q_Pi5aB3SdV8UxumqBxPGy3iOpCEjY0A,BR1_3252822470,16.12,11.469,9.834,12.375,0
6.9286,0.2857,0.2143,0.5714,0.1772,0,0.25,0.2857,0.5,7.1818,0.2727,0.1818,0.625,0.2267,1.0,0.125,0.4545,0.7273,8.257,0.1558,0.2337,0.6364,0.284,0.0,0.2308,0.5453,0.8569,0,Z2Q5SR4t5ek_GtKViZsd2BdzhlfhqwYXqkcNSbH1WAtsJCU5tKI6ezonLIQe_TZlFWkuU47v2ycqFQ,BR1_3252704509,16.12,14.0,11.0,12.838,0
7.9286,0.5,0.1429,0.4167,0.154,1,0.0,0.3571,0.8571,5.3636,0.4545,0.0909,0.6111,0.3757,2.0,0.0,1.0,1.6364,4.8612,0.3353,0.4191,0.5,0.2629,0.0,0.0769,0.6705,1.341,0,0DDlx4jWKb2TwTD_n9096jPYvQithEzVzfBPTZ_9JF4AlgLp-MF41GqNbw1prpzvWrZGiuDhxJ5QGQ,BR1_3252264546,16.12,14.0,11.0,11.931,1
6.168,0.2313,0.1542,0.1333,0.1914,1,0.0,0.1542,1.1565,5.8188,0.0,0.3325,0.4762,0.3215,3.0,0.0,0.8313,1.7457,4.9592,0.0,0.0,0.6364,0.3793,0.0,0.375,2.042,3.2089,0,E_Hyj5N6NU7iTCdB2kUCdLvjMtldL52ySWByt4Z3gfp148CIsIeTXm0RMmLpDocaPF0dIgaLkVddUw,BR1_3252736204,16.12,12.97,12.03,3.428,1
4.5507,0.0989,0.4946,0.0,0.1935,0,0.0,0.0,0.2968,7.3516,0.1581,0.5533,0.2,0.2575,0.0,0.2353,0.1581,0.7905,,,,,,,,,,0,EIZq6eY_2dXtSxyzyghicqRN8e7hoNI65cujCY71cPqJsOLL8hNrFPUvEIIFTCMObwb-QS0KDZZPbg,BR1_3250539049,16.11,10.108,12.65,0.0,0
5.5,0.1429,0.3571,0.4286,0.1941,3,0.0,0.4286,1.0,8.6065,0.4233,0.4233,0.1111,0.1195,0.0,0.2857,0.1411,1.2698,8.5879,0.4809,0.1374,0.2857,0.1033,0.0,0.2727,0.4122,1.4428,0,IyQGAep6UNTVTccL8h_4eWIItpn6C84dFwtbramTmbHWxBXHyggOhUxwGJpSvOaosW6EGutLAvBC_A,BR1_3252181832,16.12,14.0,7.088,14.555,1
6.8571,0.5,0.2143,0.4,0.132,0,0.0,0.2857,0.7143,6.0,0.5455,0.0909,0.7222,0.277,0.0,0.25,1.1818,1.6364,8.0817,0.4553,0.2277,0.7692,0.2362,0.0,0.125,1.1383,1.4798,0,yCVePHi0rJKGCczbQJOC2OleJBabcUccDplQCsGAdU4IvXs7zU896F6pxstjQygwnwSSxJcIMaXSXg,BR1_3250170452,16.11,14.0,11.0,8.785,0
6.2237,0.2964,0.0,0.2,0.1476,0,0.0,0.0741,0.3705,6.0852,0.3477,0.4347,0.5455,0.1936,1.0,0.2143,0.5216,0.9563,13.3638,0.0,1.2149,1.0,0.3492,0.0,0.0,2.4298,2.4298,0,CyeEbdZfQwqsTBka7T0Vksmo5ba972oyZWhxvwpIAxPReKgFGevCsxmjX_L_kPLHFmu4DGidHzhQEQ,BR1_3251600395,16.12,13.497,11.503,0.823,0
7.3661,0.2135,0.0,0.5714,0.2873,2,0.0,0.427,0.7473,5.8405,0.6594,0.0,0.4,0.2627,3.0,0.1176,0.7536,1.884,,,,,,,,,,0,NrL9s5r2afHvVFEmOWmAHdr8V7m_fzWEduSW6Af6Jq9jg4Jm94GYHujaHEbLAJfs4I5wqSt8v4qyMw,BR1_3252871338,16.12,9.367,10.616,0.0,1
6.0,0.2857,0.3571,0.3333,0.2335,2,0.0,0.4286,1.2857,5.5455,0.2727,0.2727,0.6667,0.2426,0.0,0.0769,0.9091,1.3636,2.6749,0.2326,0.4652,1.0,0.3343,1.0,0.25,1.163,1.163,0,_9aCcUVt3niP7SK9WNQQnqxiApW_9TseGZkLqyCZNabLRgbD2nQdkiTiPNPHA2bkyZNSKo3rRhIvtg,BR1_3252806190,16.12,14.0,11.0,8.598,0
6.2857,0.3571,0.2143,0.2,0.2762,0,0.2,0.0714,0.3571,7.3384,0.4645,0.3716,0.3333,0.286,0.0,0.0,0.0929,0.2787,,,,,,,,,,0,mYsYdkky2ZHqdrRDwMMj4hGQE0JpPsUMiefs5fkL1bXoQUT5YXaTrSwV-isP3r3lMc6xvGqBc8t5rg,BR1_3252795408,16.12,14.0,10.765,0.0,0
4.8571,0.2857,0.0714,0.4545,0.2217,1,0.0,0.3571,0.7857,4.0909,0.2727,0.3636,0.3333,0.1153,0.0,0.1818,0.4545,1.3636,4.6856,0.4016,0.1339,0.5,0.1107,0.0,0.1667,1.2049,2.4097,1,w6GYDiSOu1TEBgp6LDsTz72oeaIuiw7yO1QxWEhsI-kiCy4yni54PMLWBlyrpmXrbitt83mqgl8PnA,BR1_3251835876,16.12,14.0,11.0,7.47,1
5.2143,0.4286,0.0714,0.4545,0.2537,1,0.0,0.3571,0.7857,8.4545,0.4545,0.0909,0.875,0.4636,1.0,0.25,0.6364,0.7273,7.9861,0.4698,0.1879,0.7273,0.5202,1.0,0.1667,0.7516,1.0335,0,IN3H3miS7ePWEvYsojGldHTyrYSe7y-rK5S3qMso5Hf6vE2P3T_DmVpKCg0LNqDlQCv0Rt43OA31Uw,BR1_3251955812,16.12,14.0,11.0,10.644,0
6.5626,0.162,0.2431,0.5,0.3143,1,0.0,0.3241,0.6482,5.3808,0.3261,0.6522,0.45,0.2848,2.0,0.1818,0.7337,1.6305,3.9286,0.7051,0.5037,0.4375,0.1705,0.0,0.3571,0.7051,1.6117,0,vQ_m9MuJ0QC6x5AXMLjd7vpfcwq72TFdieqK7k9ZgeT9wR2lEhBGX87rZRKmsc-FWR2OdzeBJbsUjg,BR1_3252835369,16.12,12.343,12.266,9.927,0
4.6713,0.2644,0.2644,0.5,0.3104,0,0.0,0.4407,0.8814,6.8101,0.4751,0.3167,0.2857,0.1604,0.0,0.0769,0.3167,1.1086,7.8395,0.0,0.5004,0.0,0.1736,0.0,0.0833,0.0,0.834,0,OjPlrZiZnXdvK2TnOKwArx2doidI3FV0Fi3voREndcA-GpYPOHb3wwJ7-mfU2gpXGmef8K73dEt6pw,BR1_3252614142,16.12,11.346,12.628,5.995,0
6.7143,0.3571,0.2143,0.25,0.2312,2,0.0,0.1429,0.5714,5.0909,0.5455,0.4545,0.6,0.1687,0.0,0.1818,0.2727,0.4545,5.2865,0.4699,0.3524,0.4,0.1223,1.0,0.25,0.235,0.5874,0,qFg-2IZP633Y62fB_lj_0f95rM8fQM8l3wdrDVdct0qDM00u8C6roZ_UR9yEr_mpq9nGgWTAE0Vx3A,BR1_3252753176,16.12,14.0,11.0,8.512,0
9.1442,0.295,0.0,0.25,0.2483,1,,0.1475,0.5899,,,,,,,,,,,,,,,,,,,0,_9aCcUVt3niP7SK9WNQQnqxiApW_9TseGZkLqyCZNabLRgbD2nQdkiTiPNPHA2bkyZNSKo3rRhIvtg,BR1_3252824771,16.12,6.78,0.0,0.0,0
9.5,0.3571,0.0,0.3333,0.2435,1,0.0,0.2143,0.6429,8.5171,0.2777,0.3703,0.2727,0.2996,1.0,0.0,0.2777,1.0184,6.9889,0.0,1.7472,1.0,0.163,0.0,0.0,1.7472,1.7472,0,M1_zXMFn99Oikyj9fYVcfZ8-TeqpWlkWJ1wNRis5qogcqTeterDgkIFD_CvVaVJO5zlMqT-rvvCsww,BR1_3252838981,16.12,14.0,10.802,0.572,0
7.4286,0.3571,0.0714,0.875,0.2521,2,0.0,0.5,0.5714,7.3636,0.7273,0.0909,0.8125,0.3692,2.0,0.2,1.1818,1.4545,4.0382,0.5325,0.3106,0.5625,0.1875,4.0,0.2917,0.7988,1.42,0,U3O8RvMvPn98anwlsf-RXctq8M4p0vlfeDSFBbYLD38DtSMhvuP8HJKmB6cb2xoTAiyGLCgy8KIuAg,BR1_3250616681,16.11,14.0,11.0,22.535,0
6.9286,0.6429,0.1429,0.1111,0.2723,1,0.0,0.0714,0.6429,9.6019,0.554,0.3693,0.25,0.1334,0.0,0.0,0.1847,0.7386,5.9897,0.4991,0.6655,0.5,0.2746,0.0,0.0,0.4991,0.9983,0,EQe-l1V4fclZMsC43qCy2z-urMC8UVFRzO_ZQWLsMaA1wQcdPlzRBtJvvYmZS6IJjNokUGsNyW3Xzw,BR1_3252253604,16.12,14.0,10.831,6.01,0
6.9859,0.3601,0.072,0.25,0.2934,1,0.25,0.2161,0.8642,7.1075,0.2699,0.09,0.5,0.3532,0.0,0.1818,0.2699,0.5398,4.2212,0.4871,0.4871,0.3333,0.1808,0.0,0.0,0.3247,0.9741,0,yfUPgM0dK4uRFl3-IavjQjpTCQJNUtKdedfexjmle_QpcWsUDpV8pRuK-553TTWTvR6ofrjY8UALww,BR1_3250660094,16.11,13.885,11.115,6.159,0
7.649,0.4079,0.102,0.5,0.2739,1,0.0,0.306,0.6119,6.7128,0.0658,0.1316,0.5,0.2895,2.0,0.1,0.5923,1.1846,5.1396,0.0676,0.4058,0.5909,0.2899,3.0,0.1818,0.8791,1.4878,0,KKjXQQFKjLuDohvmiTnXyFyK7fK8HLzJ5mrxsP-SpmMbB9J9JBeKhJeAjNGFVl6L_abRI9mgYI2knw,BR1_3252601583,16.12,9.805,15.195,14.787,1
6.5,0.2143,0.2143,0.0,0.2028,0,0.0,0.0,0.7857,6.0761,0.434,0.217,0.5455,0.1283,0.0,0.2727,0.651,1.1935,2.824,0.4555,0.1822,0.6,0.2031,0.0,0.2667,1.0932,1.8219,0,t-OtDaH5MD-uAzpAhm_YGvt1JUM7QWt6wU2y5781E_1SNaz2Nf_T_OQsan_B2lvKhk5lORoI9opknA,BR1_3250798109,16.12,14.0,9.216,10.977,0
7.0714,0.4286,0.0714,0.3333,0.1437,0,0.0,0.2143,0.6429,8.8182,0.6364,0.0909,0.3636,0.1935,1.0,0.1111,0.3636,1.0,9.1764,0.6372,0.0,0.5,0.221,1.0,0.0833,0.8921,1.7843,0,2ApDGMHfIkhn_kS37HwsX4XUN6K_OWEaWrZi-nDnmGyiVhP6_MqXe1tsNqyHxEy0Az6wE5d1H8XCSA,BR1_3252735955,16.12,14.0,11.0,7.846,1
5.8537,0.2373,0.1582,0.1429,0.145,0,0.0,0.0791,0.5537,4.9375,0.395,0.395,0.6667,0.2077,1.0,0.1111,0.5925,0.8888,8.5871,0.0,0.101,0.5385,0.2194,0.0,0.1875,0.7072,1.3133,0,EnghEC1Xm20B8s5JEdIK-ZUo3qIwQsdAOrM0ETphQMbz9-X7dz_gaEJ2Rn1AunzdPjeFUyR_lQg6Ng,BR1_3250597876,16.11,12.642,10.126,9.899,0
7.4758,0.336,0.168,0.3,0.2261,1,0.25,0.252,0.84,6.0403,0.0,0.5352,0.4615,0.1784,0.0,0.0909,0.4588,0.994,4.8623,0.0,0.4523,0.3684,0.1401,0.0,0.0,0.7915,2.1485,0,XpRB7trFfUtNgcfFhPZYrmx7a6BgrxEKqNtzXEevfmdsM7ivApI4NX2NtdQDt7qUG-wfovEBGH4_iw,BR1_3250812210,16.12,11.905,13.079,8.844,1
6.7143,0.2857,0.0,0.6,0.2171,2,0.6,0.4286,0.7143,6.5455,0.0,0.3636,0.3333,0.25,1.0,0.1111,0.4545,1.3636,5.1109,0.2463,0.3079,0.6,0.263,1.0,0.25,0.7389,1.2315,1,n2959LdTvW_KDWCiMlkjc7bxaVDhqBMVVzY9CgKc19A98JKGmTb-Tf9Lxq_asfiyX_oKpzcxLuD2uA,BR1_3252813461,16.12,14.0,11.0,16.24,0
7.2766,0.4231,0.0,0.3333,0.3437,2,0.0,0.4231,1.2692,6.752,0.3793,0.2276,0.44,0.2819,1.0,0.1053,0.8345,1.8966,9.2502,1.1563,0.0,0.6667,0.2383,0.0,1.0,2.3125,3.4688,0,mYsYdkky2ZHqdrRDwMMj4hGQE0JpPsUMiefs5fkL1bXoQUT5YXaTrSwV-isP3r3lMc6xvGqBc8t5rg,BR1_3251786048,16.12,11.819,13.181,1.73,1
7.0613,0.3603,0.1441,0.3333,0.1354,0,0.0,0.2162,0.6485,8.6319,0.5395,0.1798,0.3077,0.3317,1.0,0.0833,0.3597,1.1689,10.3113,0.4969,0.3727,0.5,0.2415,1.0,0.1818,0.6212,1.2423,0,4EG9eIp0ZVMaLXQjSNA6OyNXPz31MMI76GMO9QzZGrkwIQ7-aFe7EWO0nw8AhPCgJy74YhSVXvuI7Q,BR1_3252783432,16.12,13.878,11.122,8.049,1
5.1996,0.341,0.2557,0.4286,0.2606,0,0.8,0.2557,0.5967,5.3236,0.4436,0.5324,0.2222,0.2236,0.0,0.0,0.1775,0.7985,4.4227,0.4146,0.3455,0.4118,0.1154,0.0,0.2353,0.4837,1.1748,0,EX1h7LCRP9QhjhHeWsnsa-ciSL1L60VPp12NKCVNvSpcwBtr1tWVLiirIVmUVTu7okc9ref3ufW0KQ,BR1_3250044124,16.11,11.732,11.271,14.471,0
6.3897,0.2028,0.2028,0.1667,0.2056,0,0.0,0.1014,0.6085,4.8215,0.4623,0.1981,0.5,0.2241,1.0,0.1667,0.6605,1.321,3.1259,0.329,0.329,0.52,0.2941,4.0,0.1923,0.5347,1.0283,0,41DGNb2cDMctF3h9xoGtF_OZQLfcjqqZi90SJPAomZXlizy5cweQA5vmwkivtmQ57XCqTMTuMXmzeg,BR1_3252040680,16.12,9.86,15.14,24.313,0
5.6429,0.4286,0.3571,0.3571,0.2936,3,0.2,0.3571,1.0,5.0,0.7273,0.3636,0.4667,0.2849,2.0,0.1,0.6364,1.3636,3.1968,0.6802,0.5441,0.4211,0.2352,0.0,0.1333,0.5441,1.2923,1,CvoDTkDtoDPnxXgugaPQJT76ue7-tBrE2GbFT0D85V8fdAoR3M5rsP50quSwZVXPLECI26bZmvdF2A,BR1_3251927010,16.12,14.0,11.0,14.702,0
5.3571,0.2857,0.0714,0.1429,0.27,0,0.0,0.0714,0.5,6.3636,0.3636,0.0909,0.5,0.1979,0.0,0.25,0.4545,0.9091,4.7801,0.4481,0.4481,0.4286,0.2268,1.0,0.0556,0.4481,1.0457,0,c8krKZRSAekUPVjXj-QPODS-PfyhcN2GhJcovU4NwMWEgdk4b55HhVsxMOt4als5xBXtH2cDqNv_nQ,BR1_3251839534,16.12,14.0,11.0,13.389,0
5.5,0.2857,0.3571,0.3333,0.2473,0,0.0,0.2857,0.8571,5.6364,0.5455,0.2727,0.2222,0.1824,0.0,0.1667,0.1818,0.8182,6.6468,0.4748,0.3165,0.5,0.1845,0.0,0.125,0.1583,0.3165,0,VL-D4cl8CBoSJ6TMQ6DJVy4TDD3It99QINkGcaWVJtCWpl1ckSvDiBGPIsE7PbanhE9tEPM0vxjOWA,BR1_3247434912,16.11,14.0,11.0,6.319,0
7.3571,0.2857,0.0714,0.375,0.2158,2,0.0,0.2143,0.5714,8.7911,0.3936,0.2624,0.4,0.2464,0.0,0.0,0.5248,1.3121,6.1475,0.3659,0.4391,0.4118,0.3257,3.0,0.0,0.5123,1.2441,0,cRNieDRj6dPQ2MhN7McPLFy4eSIWK3RR2MHOBVNGR4oakywJzwUZSHJDWy8qXFlXOiQtJ1XzSD5sLQ,BR1_3252503686,16.12,14.0,7.621,13.664,1
5.5,0.2857,0.2857,0.3571,0.3505,2,0.0,0.3571,1.0,8.2727,0.1818,0.2727,0.6875,0.3717,0.0,0.2,1.0,1.4545,4.9362,0.3291,0.3291,0.7222,0.4497,4.0,0.25,1.426,1.9745,0,n2959LdTvW_KDWCiMlkjc7bxaVDhqBMVVzY9CgKc19A98JKGmTb-Tf9Lxq_asfiyX_oKpzcxLuD2uA,BR1_3252804739,16.12,14.0,11.0,9.116,1
6.9219,0.3377,0.0844,0.5,0.3124,3,0.0,0.4221,0.8441,6.082,0.6842,0.2281,0.5455,0.2753,1.0,0.0909,0.4562,0.8363,5.7816,0.5162,0.3097,0.6,0.2108,0.0,0.0667,0.3097,0.5162,1,KIcWNnApypcbjFqdnR3U52OphyPgiw0R7axCVJdpwn6oHOyCLgIANUVp4K3q_f_qg6vaEh0vBusB1w,BR1_3250816493,16.12,11.847,13.153,9.686,0
6.8509,0.1651,0.0825,0.2778,0.2073,2,0.25,0.4127,1.4857,5.8203,0.3638,0.3638,0.3125,0.2191,0.0,0.1429,0.4547,1.4551,6.5633,0.4688,0.2344,0.7368,0.2257,1.0,0.1364,1.0939,1.4846,0,3OoYuJZbHGIKqxWL6PrjrKtSKHnZpnGYwh_y3GrnZoFO2PCFnthu3lPrTrRb3D_-oMrSTYx80BBuIg,BR1_3250862535,16.12,12.115,10.996,12.798,1
6.2143,0.2857,0.0714,0.1818,0.1149,0,0.2,0.1429,0.7857,6.0,0.4545,0.2727,0.375,0.149,0.0,0.1,0.5455,1.4545,7.4467,0.3155,0.1893,0.4667,0.1831,0.0,0.2857,0.4418,0.9466,0,9rEmrenPzReiqkdf0Xmc41uNacC-zjkx-jfw6OlrKoWGhkg-L_KmlNdce5-o8xblCOKMN1WtO-HbqA,BR1_3251916343,16.12,14.0,11.0,15.846,0
6.2857,0.3571,0.2857,0.5714,0.2531,1,0.5,0.2857,0.5,7.0909,0.1818,0.3636,0.4167,0.3045,3.0,0.2857,0.4545,1.0909,7.4103,0.0,0.3069,0.6333,0.3008,1.0,0.1379,0.8331,1.3154,1,Q4m0CXBC6QUdhnnMuYRhIyPBvgPzxYfIizD3NgRshN5FfrXvXk2RxMkd_3bEkLzNd_Rrl9QCw7CdEA,BR1_3252233091,16.12,14.0,11.0,22.806,1
7.6267,0.492,0.246,0.3333,0.3275,4,0.5,0.328,0.9841,7.0279,0.6247,0.3124,0.5,0.3448,3.0,0.0,0.5466,1.0932,7.5495,0.7864,0.2359,0.2,0.1582,1.0,0.25,0.3146,1.5728,0,YV-n2n8naJcABbIucWwOpdQiIib4oW4Fk3_IonVEOVMqPkqN5onbl_ktdrApLQqpFver7FXgD9N8pg,BR1_3252868345,16.12,12.194,12.806,12.716,1
4.7143,0.4286,0.0714,0.4545,0.1429,1,0.2,0.3571,0.7857,4.0394,0.5049,0.5049,0.2,0.1533,0.0,0.3,0.303,1.5148,6.5517,0.2978,0.2978,0.4286,0.241,1.0,0.0,0.5956,1.3898,0,IXyXv4_o8F2QVvnMk9sbzUH5imX4YDGMmquRVNGcm3j_Lmu1k8-i2Ki3HNYyJm4DcpaWzhNMGKzFDQ,BR1_3252873037,16.12,14.0,9.902,10.074,0
6.6559,0.2863,0.1431,0.4,0.1824,2,0.0,0.1431,0.3578,5.5933,0.4221,0.1055,0.6923,0.3422,1.0,0.0,0.9498,1.3719,4.2655,0.4675,0.2337,0.6111,0.2479,1.0,0.05,0.6427,1.0518,0,yfUPgM0dK4uRFl3-IavjQjpTCQJNUtKdedfexjmle_QpcWsUDpV8pRuK-553TTWTvR6ofrjY8UALww,BR1_3248084436,16.11,13.973,9.476,17.114,0
4.5,0.2857,0.0714,0.6667,0.3068,2,0.4,0.4286,0.6429,4.2043,0.3153,0.5255,0.75,0.2349,3.0,0.125,0.946,1.2613,1.4154,0.0,0.5662,0.6,0.2667,1.0,0.375,0.5662,0.9436,0,DjhqQoLKFuGE591D6Yi8ogtc6t1PuyFKCIxleyl9l6LnnS0ceHtpiGR0u4X8nPT1T4M2TJKeaImiUw,BR1_3252498716,16.12,14.0,9.514,10.598,0
7.9286,0.3571,0.0714,0.4667,0.2174,2,0.0,0.5,1.0714,7.1626,0.3357,0.1119,0.25,0.1674,0.0,0.4444,0.3357,1.343,2.1804,0.3848,0.2565,0.6,0.119,0.0,0.2857,1.1543,1.9239,0,9bku14AC-Z-dvqgqHuL5fdOn839iiW9bqInwf4fE-WKScqepLNbF5sPhNNOD8bfaZpkw9ZaclTm4Gw,BR1_3252861823,16.12,14.0,8.935,7.797,1
4.9486,0.0,0.303,0.6667,0.2715,1,0.0,0.202,0.303,5.4695,0.0793,0.3963,0.4211,0.2123,1.0,0.0,0.6341,1.5061,4.3845,0.2989,0.2989,0.4444,0.247,2.0,0.2,0.7972,1.7937,0,rkgnxLwSKBlB9mmzy8b-m4UXW-AxOooSzjPuo7hNBV5qIL5x-l1LOlYZnIYaRAv5pQCMaZYtBSQ91w,BR1_3252012493,16.12,9.902,12.615,20.071,1
7.1835,0.2799,0.1866,0.1875,0.2402,1,0.0,0.2799,1.4927,3.8513,0.4902,0.3501,0.381,0.1393,1.0,0.1111,0.5602,1.4705,1.0549,0.0,0.7033,0.5,0.177,0.0,0.3333,1.0549,2.1099,0,A821OP-5dxawAlButOgGyKxGn9AiET1ryOsqmxOv2fKotNC9c6pOxYXlh_IROJz2qTCzVh1UnLKaDQ,BR1_3248642694,16.11,10.719,14.281,2.844,1
7.4764,0.3738,0.0,0.1,0.0804,0,0.0,0.0748,0.7476,7.3121,0.086,0.086,0.2143,0.1694,0.0,0.1818,0.2581,1.2043,7.6201,0.0,0.3629,0.2857,0.1868,0.0,0.3,0.2419,0.8467,0,zGX_R8TwLScai5Olw7HVbusMSgH3ZJpBV2CYQv9Fg-7nvizK4qL55YxKpNkXnyw5GGEvg6wSaN1MJQ,BR1_3252819438,16.12,13.375,11.625,8.268,0
8.0834,0.3416,0.1139,0.3333,0.3122,0,0.3333,0.1139,0.3416,7.772,0.3701,0.7402,0.6667,0.517,0.0,0.0,0.7402,1.1103,,,,,,,,,,0,EX1h7LCRP9QhjhHeWsnsa-ciSL1L60VPp12NKCVNvSpcwBtr1tWVLiirIVmUVTu7okc9ref3ufW0KQ,BR1_3251967164,16.12,8.783,2.702,0.0,0
7.6532,0.1486,0.2972,0.4167,0.3146,4,0.0,0.3715,0.8916,6.065,0.2599,0.2599,0.6429,0.4575,6.0,0.0,0.7798,1.213,4.972,0.5099,0.3825,0.2,0.2374,0.0,0.0769,0.1275,0.6374,0,DjhqQoLKFuGE591D6Yi8ogtc6t1PuyFKCIxleyl9l6LnnS0ceHtpiGR0u4X8nPT1T4M2TJKeaImiUw,BR1_3252641287,16.12,13.458,11.542,7.844,0
5.5714,0.5714,0.2857,0.25,0.2598,1,0.0,0.2857,1.1429,6.3636,0.5455,0.4545,0.4444,0.2117,1.0,0.1667,0.7273,1.6364,10.2124,0.8754,0.1459,0.4,0.161,0.0,0.0,0.8754,2.1884,0,n4r7pxsLU7X4YEqxJuEzFqjCIrVdNS0VXl5gbjSJpn3bIDPnS4oWwKS2_kUZAD7cfqazlnxOTKW-GA,BR1_3251715902,16.12,14.0,11.0,6.854,1
6.4496,0.1554,0.0777,0.4,0.1678,1,0.0,0.1554,0.3885,6.3894,0.259,0.1727,0.9,0.2597,2.0,0.1111,0.7771,0.8634,5.0178,0.0,0.3136,1.0,0.4312,0.0,0.375,0.6272,0.6272,0,SRc1FSD7esblymiMO7Mp1znyCAHi7WCRVBezzTy3jL3b7C1M_mmLKPsZtmw8Sf2Xa4AOxjC79BKyAA,BR1_3252340553,16.12,12.869,11.582,3.189,0
7.4286,0.4286,0.2857,0.3125,0.2471,2,0.2,0.3571,1.1429,8.5845,0.3815,0.1908,0.4706,0.3515,1.0,0.1818,0.7631,1.6215,8.8607,0.0,0.4028,0.6,0.3157,2.0,0.125,2.4165,4.0276,0,UZvjKNrQ6wVxGwy61PFcvOPItClfQhnwirB-HNy5bCH6dhMT90c5UMNz2WR_MBU56E8bdgZyeITYsw,BR1_3250724669,16.12,14.0,10.484,2.483,1
5.0,0.2857,0.4286,0.3333,0.1912,0,0.0,0.3571,1.0714,6.9091,0.4545,0.4545,0.1,0.174,0.0,0.0909,0.1818,1.8182,6.2558,0.272,0.816,0.5,0.2858,0.0,0.0,0.272,0.544,0,YshLWzXv-O0fMLGfAUa5o9aDkqyPBj4E2CZCdUQWFbdrQ3Aul2zwmgdAYl5TYsLuDRODJRpxjLKTew,BR1_3252672777,16.12,14.0,11.0,3.677,0
7.5,0.4286,0.1429,0.3,0.2933,0,0.0,0.2143,0.7143,5.8976,0.251,0.3764,0.5,0.2777,0.0,0.0,0.251,0.5019,4.3027,0.1871,0.3741,1.0,0.2297,0.0,0.1818,1.4966,1.4966,0,p3uZ7e7AgFmm_AttGTd3B013_84C_BAM3jvc6d2SHPPzrfEejuzx1X5p-wjwPupEllLl09QtAHresQ,BR1_3252610525,16.12,14.0,7.969,5.345,0
6.6826,0.2905,0.1453,0.1111,0.1667,0,0.0,0.0726,0.6537,7.4336,0.4289,0.5718,0.6667,0.2638,1.0,0.25,0.5718,0.8577,,,,,,,,,,0,UFAEfxnhGMV0tmXuI7QfeZpz-nTTxvWS4RFdKhfdHly9FTyYU_5nRoTAD9JsR_BRhyZQOVRPgVGZfw,BR1_3252831121,16.12,13.767,6.995,0.0,0
7.5714,0.3571,0.2857,0.4286,0.3525,3,0.0,0.2143,0.5,8.6364,0.3636,0.3636,0.0588,0.1967,0.0,0.1667,0.0909,1.5455,11.0839,0.3695,0.1847,0.4615,0.1963,2.0,0.1,1.1084,2.4015,0,bnOFktu2-P3JoT34frC1ydmRqDpMqP7dIi2EQMHovxWSdq5X_uFt-1j3BcYYbtJ2cWR26TVYOaK9xw,BR1_3252651526,16.12,14.0,11.0,5.413,1
6.2188,0.1555,0.3109,0.1333,0.1248,0,0.0,0.1555,1.166,6.4961,0.0,0.4331,0.3684,0.203,1.0,0.1818,0.6063,1.6457,7.5458,0.1728,0.2304,0.5455,0.1705,1.0,0.1667,0.6912,1.2672,0,M8AkDoq7iFNxFpBbLxFA6BCz3TnNfbQ74DdY1IkpFyZ5ndZ9TSrGZ1qzGhEdbrkksA3xj-FsGdWoYA,BR1_3251766044,16.12,12.864,11.545,17.361,0
6.8502,0.3468,0.1734,0.4,0.1697,1,0.0,0.3468,0.8671,7.1283,0.3713,0.2228,0.4615,0.2068,0.0,0.0,0.4455,0.9653,5.1832,0.3628,0.311,0.4762,0.1855,0.0,0.1053,0.5183,1.0885,0,ZFTfIvIVBi5gHqRHj-1D9OXKl9bagm1y4B6yTPPHgqWweT5Airez_0kwTuETV9Pnt-EZWGhnY_3eUg,BR1_3252754769,16.12,11.533,13.467,19.293,0
4.6429,0.3571,0.2143,0.6,0.3126,0,1.0,0.2143,0.3571,9.7714,0.2272,0.4545,0.0,0.2136,0.0,0.0,0.0,0.2272,,,,,,,,,,0,IXyXv4_o8F2QVvnMk9sbzUH5imX4YDGMmquRVNGcm3j_Lmu1k8-i2Ki3HNYyJm4DcpaWzhNMGKzFDQ,BR1_3252807250,16.12,14.0,4.401,0.0,0
6.6253,0.3841,0.096,0.3125,0.2739,2,0.0,0.4801,1.5363,4.1137,0.4114,0.3428,0.6154,0.2791,6.0,0.25,1.097,1.7826,2.1296,0.5093,0.4167,0.6087,0.2817,2.0,0.0769,0.6481,1.0648,0,01Ii9IXS9Zmc1E4drD52u-t7pq-RvF97LO7CB6_vFxeflULMAkdIvSw1dMkt69CzxtNfeDNyYscaVQ,BR1_3251333847,16.12,10.415,14.585,21.6,0
8.3056,0.3534,0.1767,0.3,0.1756,1,0.0,0.2651,0.8836,7.2356,0.3654,0.4385,0.3889,0.2439,1.0,0.2,0.5116,1.3156,7.3929,0.5914,0.4436,0.5,0.3081,1.0,0.25,0.7393,1.4786,0,NrL9s5r2afHvVFEmOWmAHdr8V7m_fzWEduSW6Af6Jq9jg4Jm94GYHujaHEbLAJfs4I5wqSt8v4qyMw,BR1_3252853691,16.12,11.318,13.682,6.763,0
5.1898,0.0824,0.3295,0.25,0.3255,1,0.0,0.0824,0.3295,4.6169,0.0,0.3221,0.2,0.1943,0.0,0.2,0.2147,1.0737,,,,,,,,,,0,b_p7lsrKf2mFmuGVTOh8hi6vXbXsZxE1zsxXAMJRxBlNNTf69Kksu1hCwKWZTJ6QssYus0ylp6vymw,BR1_3250604256,16.11,12.139,9.314,0.0,0
6.3991,0.2258,0.1506,0.2778,0.2019,1,0.5,0.3764,1.3551,7.3524,0.387,0.387,0.5,0.1856,0.0,0.1,0.5804,1.1609,0.6567,0.6567,0.6567,0.0,0.3598,0.0,0.0,0.0,0.0,0,taHbTunOxlcN4bMdqAxTA7PlacwmAp6a_NzftRlpca_vfH4GZdf5LqAk1-ko4oKCuQXqM9nlDM4Zng,BR1_3251402185,16.12,13.283,10.337,1.523,0
7.6429,0.1429,0.1429,0.2,0.116,0,0.2,0.1429,0.7143,8.5455,0.3636,0.3636,0.2857,0.2123,0.0,0.0769,0.1818,0.6364,6.4706,0.0,0.5882,0.1667,0.1185,0.0,0.0,0.2941,1.7647,0,L6-pVFPDVQCqWwIG59YuHmkIouBbccpjbJPHDE4EfLA5MiMjR7b1YH4BNJB48EGiPEbRT8E9zKX-1g,BR1_3252856466,16.12,14.0,11.0,3.4,0
4.1532,0.0814,0.4886,0.2222,0.213,1,0.75,0.1629,0.7329,4.6382,0.3145,0.3145,0.3333,0.1534,0.0,0.1111,0.4717,1.415,6.231,0.472,0.3776,0.4,0.1089,0.0,0.1429,0.5665,1.4161,0,XqpqDikZBm9sH1h9vowa_mtZG20QvkdaX4O3fHKkhiiAjgzdiwv-01xuAptIvXek4wSp7_FXreiJdw,BR1_3252226246,16.12,12.28,12.72,10.592,0
4.7717,0.2982,0.2982,0.5,0.2859,1,0.0,0.1491,0.2982,3.263,0.2797,0.5594,0.5385,0.3473,2.0,0.1667,0.6526,1.212,3.4776,0.6552,0.3024,0.7143,0.2352,3.0,0.1429,1.008,1.4112,0,UZvjKNrQ6wVxGwy61PFcvOPItClfQhnwirB-HNy5bCH6dhMT90c5UMNz2WR_MBU56E8bdgZyeITYsw,BR1_3250732437,16.12,13.413,10.726,19.841,0
7.5871,0.2616,0.0872,0.0,0.1832,0,0.0,0.0,0.6977,7.2557,0.5004,0.2502,0.2273,0.1686,1.0,0.0833,0.417,1.8348,5.6576,0.3017,0.4526,0.3333,0.0976,0.0,0.2222,0.4526,1.3578,0,b_p7lsrKf2mFmuGVTOh8hi6vXbXsZxE1zsxXAMJRxBlNNTf69Kksu1hCwKWZTJ6QssYus0ylp6vymw,BR1_3250825044,16.12,11.467,11.991,13.257,0
6.3856,0.3702,0.3702,0.2,0.2314,3,0.0,0.2776,1.3882,4.0156,0.3522,0.4931,0.3478,0.2316,3.0,0.1667,0.5636,1.6203,5.7217,0.4238,0.3179,0.5294,0.288,2.0,0.3,0.9536,1.8013,0,JP98zTMNq0vuohV9_xinuwh-mzhAYhS9fydpPve-XPgMlwyjv4h8AQbwbyDMmsslCnDKh-LhSWKq0w,BR1_3252866018,16.12,10.806,14.194,9.438,1
5.1617,0.3128,0.0,0.5,0.3252,2,0.25,0.391,0.7821,4.7385,0.3025,0.2016,0.8571,0.4413,0.0,0.1,1.2098,1.4115,4.2792,0.7306,0.3131,0.8182,0.4606,0.0,0.0769,0.9393,1.1481,0,7QhpO7oZxvZuwZMASc-bficwn-QEMLT4cLXJ8yWAG0Y-xXt9bGlAnYIIONKeRjZg6_KlC8R6lMe5nw,BR1_3252529984,16.12,12.787,9.919,9.581,0
8.2634,0.2874,0.1437,0.4444,0.3694,3,0.0,0.2874,0.6467,8.1437,0.2776,0.1851,0.7778,0.3432,0.0,0.125,0.6478,0.8329,4.7102,0.1208,0.4831,0.5556,0.2548,0.0,0.0909,0.6039,1.087,0,OjPlrZiZnXdvK2TnOKwArx2doidI3FV0Fi3voREndcA-GpYPOHb3wwJ7-mfU2gpXGmef8K73dEt6pw,BR1_3250558516,16.11,13.917,10.806,8.28,0
5.5181,0.1623,0.2434,0.2,0.1978,0,0.0,0.1623,0.8115,4.5752,0.5522,0.3944,0.381,0.1953,2.0,0.1667,0.6311,1.6565,1.5781,0.4509,0.6763,0.5,0.2301,0.0,0.1429,0.6763,1.3527,0,UZvjKNrQ6wVxGwy61PFcvOPItClfQhnwirB-HNy5bCH6dhMT90c5UMNz2WR_MBU56E8bdgZyeITYsw,BR1_3250912245,16.12,12.323,12.677,4.436,0
8.3571,0.0,0.0714,0.6667,0.4525,2,0.0,0.4286,0.6429,8.3636,0.4545,0.1818,0.8095,0.5216,1.0,0.2667,1.5455,1.9091,8.2592,0.3591,0.1795,0.5833,0.3422,2.0,0.625,1.2568,2.1546,0,R7c0iIGYXQaYZG1AdMkOybF5ChkA-uGFEGyJlxJNKYIBgA9M9BUs5T3xyLbQGWgjfV1MQ1M_dY9qqA,BR1_3252759641,16.12,14.0,11.0,5.57,1
6.6001,0.3626,0.1451,0.2105,0.2355,2,0.0,0.2901,1.378,7.9377,0.3568,0.1784,0.4667,0.2248,3.0,0.0,0.6243,1.3378,2.9024,0.4837,0.3225,0.0,0.2123,0.0,0.0,0.0,1.2899,0,78Be_63SBD4w3DgknftWP5Xg06GYsS5FEO8NKOwEVj6VgDudxvkb3mvyd4DsdoEcFx4rtJefI84J5w,BR1_3252709287,16.12,13.788,11.212,6.202,1
5.6429,0.4286,0.3571,0.2778,0.2154,1,0.5,0.3571,1.2857,4.4545,0.9091,0.4545,0.2308,0.1587,0.0,0.1111,0.2727,1.1818,5.6348,0.1657,0.3315,0.25,0.0836,0.0,0.0,0.6629,2.6517,1,M1nMhcOhs_EnRPrbCKSJ2Mv9OyanRSKCVJoLq9HIpa6C815FON_myx6YOgKRMhUFsJIR9kRyOx4iXQ,BR1_3252847720,16.12,14.0,11.0,6.034,1
8.0714,0.4286,0.1429,0.2,0.1674,0,0.25,0.1429,0.7143,8.1818,0.5455,0.1818,0.6364,0.2583,1.0,0.25,0.6364,1.0,6.9368,0.4404,0.1101,0.6,0.2284,1.0,0.125,0.991,1.6516,0,t-OtDaH5MD-uAzpAhm_YGvt1JUM7QWt6wU2y5781E_1SNaz2Nf_T_OQsan_B2lvKhk5lORoI9opknA,BR1_3250810075,16.12,14.0,11.0,9.082,1
5.5548,0.0794,0.3968,0.0,0.2186,0,0.0,0.0,0.6348,8.7916,0.242,0.3226,0.1,0.1875,0.0,0.2727,0.0807,0.8066,8.2243,0.2893,0.1653,0.2941,0.1794,1.0,0.08,0.4133,1.4052,0,M8AkDoq7iFNxFpBbLxFA6BCz3TnNfbQ74DdY1IkpFyZ5ndZ9TSrGZ1qzGhEdbrkksA3xj-FsGdWoYA,BR1_3251783169,16.12,12.602,12.398,24.197,1
6.1785,0.337,0.0,0.0,0.1186,0,0.0,0.0,0.4493,7.5883,0.4426,0.1265,0.3077,0.175,0.0,0.2632,0.2529,0.8221,,,,,,,,,,0,t-OtDaH5MD-uAzpAhm_YGvt1JUM7QWt6wU2y5781E_1SNaz2Nf_T_OQsan_B2lvKhk5lORoI9opknA,BR1_3250821650,16.12,8.902,15.814,0.0,0
6.7143,0.3571,0.4286,0.3,0.2022,1,0.0,0.2143,0.7143,9.1012,0.492,0.123,0.6364,0.1984,1.0,0.1111,0.8609,1.3529,6.2353,0.3959,0.4949,0.5714,0.202,1.0,0.0714,0.7918,1.3856,0,Q4m0CXBC6QUdhnnMuYRhIyPBvgPzxYfIizD3NgRshN5FfrXvXk2RxMkd_3bEkLzNd_Rrl9QCw7CdEA,BR1_3252362404,16.12,14.0,8.131,10.104,0
8.0682,0.3586,0.0896,0.5333,0.3563,6,0.0,0.7172,1.3447,9.914,0.3706,0.1853,0.7857,0.5159,10.0,0.3125,2.0384,2.5943,36.4372,0.0,0.0,1.0,0.8439,3.0,0.0,7.2874,7.2874,1,KKjXQQFKjLuDohvmiTnXyFyK7fK8HLzJ5mrxsP-SpmMbB9J9JBeKhJeAjNGFVl6L_abRI9mgYI2knw,BR1_3252692081,16.12,11.155,10.793,0.412,1
6.943,0.4339,0.1736,0.5,0.4381,1,0.0,0.3471,0.6943,8.5642,0.3202,0.3202,0.6667,0.3667,1.0,0.2143,0.4802,0.7204,4.2392,0.0,0.7065,0.5,0.162,0.0,0.1429,0.3533,0.7065,0,c9ZGWdilxz61P9u-S_GGTaUfukg4gog4fWWZr6-ebnegzzmyXB-nPdJsoXT4fVy7tIYMdkypDN-LHQ,BR1_3252857221,16.12,11.522,12.494,2.831,0
6.9055,0.3002,0.1501,0.0,0.1797,0,0.0,0.0,1.0508,5.8233,0.3425,0.3425,0.15,0.1355,1.0,0.2727,0.2569,1.7127,6.2658,0.2299,0.2874,0.4783,0.1885,1.0,0.2632,0.6323,1.3221,0,EdyMmwCyTGy1d5K6jPmSLvmZN9njLPE-IyhQ2ir5meuxe3MoIqZnx9jiw2bcVfFPTgjQBBU2Xx16ig,BR1_3252474908,16.12,13.323,11.677,17.396,1
6.1429,0.3571,0.2143,0.4286,0.1419,1,0.5,0.4286,1.0,7.6364,0.2727,0.1818,0.5714,0.2849,1.0,0.4545,0.7273,1.2727,10.3684,0.6689,0.0,0.3846,0.2138,2.0,0.0,0.8362,2.174,0,SRc1FSD7esblymiMO7Mp1znyCAHi7WCRVBezzTy3jL3b7C1M_mmLKPsZtmw8Sf2Xa4AOxjC79BKyAA,BR1_3252595186,16.12,14.0,11.0,5.98,1
8.2342,0.3709,0.0742,0.3,0.2742,1,0.0,0.2225,0.7418,6.5974,0.434,0.434,0.6667,0.3396,2.0,0.1818,0.8681,1.3021,9.3396,0.4324,0.3459,0.4286,0.2539,3.0,0.0,0.5189,1.2107,0,NZZfaigS2lCimoqBDTfN9WqWEsD95YMXhmFkzw6h3DU1rNWKBNgvta3x0xbJhsmgeBZ1J6SCNVlvNg,BR1_3251428493,16.12,13.48,11.52,11.564,0
7.0,0.2857,0.0,0.0,0.0849,0,0.0,0.0,0.3571,6.1818,0.4545,0.0909,0.5882,0.2685,2.0,0.375,0.9091,1.5455,5.8333,0.3955,0.0989,0.75,0.3899,2.0,0.0667,0.5932,0.791,0,ur7lCS205A8n2DGoh3dE6dMgObFK2et4UWlkiLoD5lW2tPyYBvowQMRQJVdWVkt8RQ7IIxaZVYmQbA,BR1_3250401061,16.11,14.0,11.0,10.114,0
5.8571,0.3571,0.2143,0.2727,0.254,1,0.0,0.2143,0.7857,7.1818,0.4545,0.3636,0.4286,0.2797,5.0,0.0909,0.8182,1.9091,1.9062,1.4297,0.4766,0.4,0.1712,1.0,0.0,0.9531,2.3828,0,taHbTunOxlcN4bMdqAxTA7PlacwmAp6a_NzftRlpca_vfH4GZdf5LqAk1-ko4oKCuQXqM9nlDM4Zng,BR1_3252563918,16.12,14.0,11.0,2.098,1
7.2709,0.1691,0.0845,0.3,0.2525,1,0.2,0.2536,0.8454,6.5636,0.1526,0.3816,0.5,0.2301,1.0,0.1538,0.6106,1.2211,4.5653,0.6522,0.6522,1.0,0.2209,0.0,0.6667,0.6522,0.6522,0,A821OP-5dxawAlButOgGyKxGn9AiET1ryOsqmxOv2fKotNC9c6pOxYXlh_IROJz2qTCzVh1UnLKaDQ,BR1_3249458004,16.11,11.828,13.103,1.533,0
5.774,0.3447,0.3447,0.5,0.1967,1,0.0,0.0862,0.1724,3.0907,0.1145,0.6868,0.7,0.1982,0.0,0.1111,0.8013,1.1447,6.024,0.5476,0.2738,0.6667,0.1281,0.0,0.0,0.5476,0.8215,0,WfQFroIeu7S-hjA5QQlOPfCO8tLhyzdrtEt3WmXiAwE-h8t6kI1Ze18Nh6SKWXqbTqm4YSwk2aQA9g,BR1_3252855502,16.12,11.604,8.736,3.652,0
7.7936,0.382,0.0764,0.2308,0.2037,2,0.0,0.2292,0.9933,5.2886,0.4197,0.2518,0.4583,0.2273,0.0,0.1,0.9234,2.0147,6.6842,0.557,0.1393,0.4706,0.1897,0.0,0.25,1.114,2.3673,0,VojWyX4Iamqxr8-aP1XLF6vqCSzK_PSVUhngKXKPDG4gkhm9YLPtzqdnNVkkYqf38KR4p7pPFUZMiA,BR1_3252805194,16.12,13.088,11.912,7.181,1
7.0714,0.2857,0.2143,0.375,0.1542,1,0.0,0.2143,0.5714,7.0803,0.4227,0.4227,0.1875,0.1953,1.0,0.1,0.317,1.6908,7.1164,0.7491,0.1248,0.5625,0.1736,1.0,0.1429,1.1236,1.9976,0,bnOFktu2-P3JoT34frC1ydmRqDpMqP7dIi2EQMHovxWSdq5X_uFt-1j3BcYYbtJ2cWR26TVYOaK9xw,BR1_3252673397,16.12,14.0,9.463,8.01,1
4.1812,0.2613,0.3484,0.2727,0.2548,2,0.0,0.2613,0.9582,4.8816,0.3698,0.3698,0.5556,0.2806,1.0,0.0833,0.7396,1.3313,2.8209,0.4592,0.4592,0.381,0.147,0.0,0.0,0.5248,1.3777,0,P10SjysnZuhSSNxunhY4OPBPXn5i7ek-B0NMAvY6quyYUf46IxDSpF1K1MDteulie3BbXBE8SNBJvg,BR1_3252863579,16.12,11.48,13.52,15.243,1
5.4713,0.2189,0.2189,0.7692,0.3059,0,0.0,0.7295,0.9484,5.4335,0.5573,0.1393,0.6667,0.1827,0.0,0.1429,0.5573,0.8359,3.7906,0.1264,0.2527,0.7857,0.2412,0.0,0.1579,0.6949,0.8845,0,ruLYKaIBUeib7jjXbTyP1DjoY7h6YnGiwxqZzz1RuUBeBNLRNiG0Kp0VqM4IGl189jbQw8iZfXpYvg,BR1_3252650714,16.12,13.708,7.178,15.829,0
6.308,0.3115,0.1558,0.4545,0.335,3,0.0,0.3894,0.8566,6.7553,0.1407,0.4222,1.0,0.2086,1.0,0.1,0.2815,0.2815,,,,,,,,,,0,zqMhO1YX_oxAT-c-xc0qppWBuRfWw6dgR3eCcor6LOYUfBJQL6tdgAp6rHVsK02snuhJt3aSKwCJqA,BR1_3252829346,16.12,12.841,7.106,0.0,0
7.7391,0.0932,0.0,0.3,0.2716,1,0.0,0.2797,0.9324,7.2599,0.363,0.2904,0.5,0.2614,1.0,0.1667,0.5082,1.0164,4.5604,0.0991,0.2974,0.5278,0.2659,2.0,0.1667,0.9418,1.7845,0,3I-6NjJfuLV_qTs1iF5oxLJEqAukYo-XdZ8IzvviyU7oaLyELezCrFBcYXsCegQkyiB2IrnJ_xa-Qg,BR1_3252050630,16.12,10.725,13.774,20.173,0
5.7508,0.3783,0.0757,0.5,0.2461,2,0.0,0.454,0.908,5.9089,0.5183,0.1037,0.3333,0.071,0.0,0.1,0.2073,0.622,4.7761,0.0,0.2239,0.6,0.1549,2.0,0.0,0.4478,0.7463,1,Bklpq3TNOH0qMzvqJ68Jz5HfxHClF1MHGHeQtHe6zgGfZ0aNz4cE4SMltZdRuWhYafULGQua4xP3kQ,BR1_3252270909,16.12,13.216,9.647,13.4,0
6.0905,0.3206,0.0801,0.125,0.162,0,0.5,0.0801,0.6411,3.2744,0.1597,0.0799,0.0,0.0767,0.0,0.1875,0.0,0.559,0.0,0.0,0.0,0.0,0.0,0.0,,0.0,0.0,0,0DDlx4jWKb2TwTD_n9096jPYvQithEzVzfBPTZ_9JF4AlgLp-MF41GqNbw1prpzvWrZGiuDhxJ5QGQ,BR1_3252212488,16.12,12.478,12.522,1.643,0
6.3333,0.2533,0.1689,0.3077,0.1876,2,0.0,0.3378,1.0978,7.4241,0.4304,0.3228,0.5,0.3121,4.0,0.125,0.7532,1.5063,,,,,,,,,,0,f_sKjC_jT_uVFmw_P9yYuS3xiURzydAf5BgIWs_5loxMiVzq0UgK2PV2NWO_g-B73m9B6IW-kAAeQw,BR1_3252557564,16.12,11.842,9.294,0.0,1
5.1378,0.5138,0.1713,0.8,0.3015,0,0.0,0.3425,0.4281,8.885,0.5553,0.0793,0.25,0.1691,0.0,0.2,0.1587,0.6346,,,,,,,,,,0,GJME4VNOHd9V6unqO-9JzeYaicOX9bYgRdWjfieK1OOc74KNtwfWGmu1bkFkmGpV16SwWudhQ4sarg,BR1_3252849640,16.12,11.678,12.606,0.0,0
6.5714,0.2143,0.1429,0.4,0.1674,2,0.0,0.2857,0.7143,5.7273,0.5455,0.3636,0.6154,0.2572,0.0,0.1667,0.7273,1.1818,7.3298,0.3258,0.1629,0.5,0.3516,3.0,0.125,0.8144,1.6289,0,P10SjysnZuhSSNxunhY4OPBPXn5i7ek-B0NMAvY6quyYUf46IxDSpF1K1MDteulie3BbXBE8SNBJvg,BR1_3252856333,16.12,14.0,11.0,6.139,0
6.4779,0.3085,0.0771,0.0,0.135,0,0.0,0.0,0.1542,6.0667,0.2493,0.0,0.6154,0.1868,1.0,0.0833,0.6648,1.0804,0.0,0.0,0.0,0.0,0.0,0.0,0.0,0.0,0.4477,0,ho7blAjhBR_p0E_cbM310vniSogbA8-2NB0DpNpQZ0BECGkY22V86aovuMfZnnXjxR4oBuWKqT18iQ,BR1_3248071779,16.11,12.967,12.033,2.234,0
3.8008,0.4319,0.4319,0.5556,0.2586,2,0.25,0.4319,0.7774,6.1832,0.149,0.3725,0.5,0.2299,1.0,0.0,0.6705,1.3409,7.7588,0.0,0.3527,0.0,0.3233,0.0,0.0,0.0,0.0,0,AmoMoOKBPQb-TqmN32dLnnQHioafc6Erz_6wjTwqIkWQ08vWAYwQfOdgOcKpq8vEJIjbkcmrdiuMxA,BR1_3251989306,16.12,11.577,13.423,2.836,0
9.1516,0.3183,0.0,0.3846,0.2917,4,0.0,0.3979,1.0345,8.6859,0.0,0.1609,0.65,0.304,2.0,0.1538,1.0455,1.6085,2.309,0.0,0.3299,0.4,0.2661,2.0,0.25,1.3194,3.2985,0,gPkDaebGY5pMFcvrmMScQ9UlGU5gA8-EDD2rEtJqs4Axmz6VXXY-BMaskAJsGnn3zqAipZpI6JDfiA,BR1_3252665731,16.12,12.566,12.434,3.032,1
7.0561,0.5951,0.17,0.25,0.2054,2,0.0,0.17,0.6801,5.8925,0.6799,0.3022,0.4545,0.267,5.0,0.0833,0.7555,1.662,4.2579,0.7451,0.6387,0.1667,0.2247,0.0,0.0,0.1064,0.6387,0,cRNieDRj6dPQ2MhN7McPLFy4eSIWK3RR2MHOBVNGR4oakywJzwUZSHJDWy8qXFlXOiQtJ1XzSD5sLQ,BR1_3252706317,16.12,11.763,13.237,9.394,0
5.8269,0.5036,0.0719,0.6,0.3218,3,0.0,0.4316,0.7194,5.5371,0.4153,0.2769,1.0,0.3296,1.0,0.25,0.5537,0.5537,4.3006,0.6758,0.3686,0.7391,0.2302,2.0,0.1333,1.0444,1.4131,0,NZ6ZD_9OeLT1lQzQewAaoTcgAx2smsz3G0TmANHTPpnH1lmxOvxvb6tgVze-E6i-vA8iPkRsC27tfg,BR1_3245707737,16.10,13.901,7.224,16.277,0
6.8584,0.3082,0.1541,0.3,0.218,0,0.25,0.2312,0.7706,7.5049,0.3002,0.1001,0.3125,0.1362,1.0,0.2222,0.5003,1.6011,4.5172,0.7227,0.1807,0.5455,0.1643,0.0,0.0,1.0841,1.9876,0,41DGNb2cDMctF3h9xoGtF_OZQLfcjqqZi90SJPAomZXlizy5cweQA5vmwkivtmQ57XCqTMTuMXmzeg,BR1_3249299862,16.11,12.977,9.993,5.534,1
6.1201,0.3732,0.1493,0.4,0.2296,1,0.0,0.1493,0.3732,5.4303,0.431,0.5172,0.4286,0.3071,2.0,0.0769,0.2586,0.6034,0.7344,0.0,0.7344,0.0,0.2448,0.0,1.0,0.0,0.0,0,_XvxLVK0MvvL8TDB1_yZCnd-a36eO5gdag8Yybvir7qgeRtEUKOC5XbzlP2qW6U1tXcOsPbF7FTKGQ,BR1_3252678200,16.12,13.398,11.602,1.362,0
6.5379,0.3801,0.152,0.5625,0.397,6,0.0,0.6842,1.2164,4.6429,0.6753,0.4221,0.5556,0.2575,3.0,0.1667,0.8442,1.5195,5.4807,0.2835,0.4725,0.6154,0.3934,3.0,0.3077,0.756,1.2284,0,KIcWNnApypcbjFqdnR3U52OphyPgiw0R7axCVJdpwn6oHOyCLgIANUVp4K3q_f_qg6vaEh0vBusB1w,BR1_3252799339,16.12,13.154,11.846,10.583,0
6.8272,0.2768,0.0,0.0,0.07,0,,0.0,0.369,7.5088,0.4315,0.1726,0.55,0.1061,0.0,0.0769,0.9494,1.7262,7.2393,0.6227,0.2335,0.4,0.1135,1.0,0.1538,0.467,1.1676,0,Bklpq3TNOH0qMzvqJ68Jz5HfxHClF1MHGHeQtHe6zgGfZ0aNz4cE4SMltZdRuWhYafULGQua4xP3kQ,BR1_3249125320,16.11,10.839,11.586,12.847,0
6.8571,0.2857,0.0,0.6364,0.3382,6,0.0,0.5,0.7857,8.0,0.4545,0.0909,0.4167,0.2892,1.0,0.1,0.4545,1.0909,7.2429,0.5415,0.2708,0.3333,0.2898,5.0,0.2,0.5415,1.6246,0,iOjDdbkDyvbj60OcRMVvTTT7pXUAKsfFljD-H-lo95IZi5lFf0T-k-tWWD5xmeJUQeLrTRUE58QDBg,BR1_3252816547,16.12,14.0,11.0,14.773,1
8.0,0.2143,0.0714,0.4286,0.2267,1,0.0,0.4286,1.0,9.9091,0.3636,0.0909,0.8125,0.3191,0.0,0.2,1.1818,1.4545,6.6631,0.2298,0.1149,0.5,0.1869,0.0,0.1667,0.9191,1.8381,0,56GNxr7rUgCA3-MCUt5RYXiR0c9xBFXV-EQXn0EEGYH0Cjfe98Y4Ka2vC6HuHlWQtu2ZiMN-6lJFBg,BR1_3251938058,16.12,14.0,11.0,8.705,1
5.0714,0.3571,0.2857,0.2,0.2091,2,0.0,0.1429,0.7143,7.9178,0.3894,0.5192,0.3333,0.2407,0.0,0.1429,0.2596,0.7788,9.0175,0.4534,0.2519,0.4286,0.2662,3.0,0.1,0.4534,1.0579,0,jcpJlZoHj7Pe3a1IVbRjfqnlIk3xGmMB_88LBQQQjG7r5ML0jQuRYuQ5aCGw4W4CLMSqM5riBeTrlQ,BR1_3252713402,16.12,14.0,7.704,19.85,0
5.4286,0.2143,0.0714,0.6875,0.3453,4,0.2,0.7857,1.1429,5.9091,0.5455,0.0909,0.3889,0.2722,2.0,0.0769,0.6364,1.6364,5.0152,0.3934,0.295,0.5652,0.2732,3.0,0.2857,1.2784,2.2618,0,dfFpF8dKHmsGWmHeyOuCiLqc-g-yOtsiWbhiTB-zho3eOuSeDKsKnIo3wtVPmF6eCNCwrJZcDV_y8g,BR1_3252848291,16.12,14.0,11.0,10.169,1
9.7591,0.3253,0.0813,0.0,0.1208,0,0.0,0.0,0.3253,6.6909,0.4723,0.3149,0.4375,0.2194,0.0,0.0833,0.551,1.2595,8.1099,0.3956,0.2967,0.3125,0.2292,0.0,0.0,0.4945,1.5824,0,ytYNIfvtsgxf96anDtMp6HwKndesX1yGUxvm-GfCtgex1CzS-aTi0gAiR09zYkbZwVL1U3RpP7MuTg,BR1_3252686034,16.12,12.296,12.704,10.111,0
6.2083,0.2922,0.1461,0.4375,0.2627,2,0.4,0.5113,1.1686,7.1627,0.4421,0.1769,0.3333,0.2492,1.0,0.125,0.2653,0.7959,3.6211,0.4875,0.4178,0.7059,0.3612,3.0,0.0667,0.8356,1.1838,1,WSo7_9p18PDFIFSDqhLbFshZX0oQbgMs5pTGyD6Zbwb2mAtu7BRWpXgRHEVTXARJC00XZ0Yb-1P8fg,BR1_3251877815,16.12,13.691,11.309,14.36,0
6.783,0.3717,0.0929,0.0,0.2142,0,0.75,0.0,0.1858,17.6657,0.803,0.0,1.0,0.1708,0.0,0.5,2.409,2.409,,,,,,,,,,0,tJqi400ATmucJ1WK0oY0awm7S-RweaPy2eHxH1qNcv5UMVnqGRASDOjieNzqYQ8bChQEJy_IsNL4mw,BR1_3252568595,16.12,10.762,1.245,0.0,1
7.7857,0.3571,0.2143,0.2,0.3256,0,0.0,0.0714,0.3571,9.0,0.3636,0.2727,0.1429,0.2137,1.0,0.0,0.1818,1.2727,8.8863,0.3332,0.0,0.7692,0.3471,3.0,0.0,1.1108,1.444,0,EdyMmwCyTGy1d5K6jPmSLvmZN9njLPE-IyhQ2ir5meuxe3MoIqZnx9jiw2bcVfFPTgjQBBU2Xx16ig,BR1_3250244443,16.11,14.0,11.0,9.003,1
6.7143,1.1429,0.0,0.1667,0.1913,1,0.0,0.0714,0.4286,3.5455,1.5455,0.2727,0.375,0.1495,1.0,0.1111,0.2727,0.7273,7.8775,1.2438,0.4146,0.0,0.1754,0.0,0.3333,0.0,0.0,0,QRv2xF9FO4Psf_TTWd7zgfx7Moke5nzYxQTv8ONMRa6UI36k3sWJUP3tirG0f32853Q4N79sVrGwvA,BR1_3251906518,16.12,14.0,11.0,2.412,0
6.0384,0.0929,0.1858,0.5455,0.2768,1,0.0,0.5574,1.0219,4.5539,0.198,0.594,0.625,0.1709,0.0,0.2667,0.495,0.792,8.7478,0.0,0.0,0.0,0.2725,0.0,0.0,0.0,0.0,0,QRv2xF9FO4Psf_TTWd7zgfx7Moke5nzYxQTv8ONMRa6UI36k3sWJUP3tirG0f32853Q4N79sVrGwvA,BR1_3252720612,16.12,10.764,10.101,0.8,0
5.6314,0.3362,0.2522,1.0,0.2717,2,0.0,0.1681,0.1681,9.3477,0.2526,0.2526,0.5714,0.2731,1.0,0.0526,0.3369,0.5895,8.3555,0.7596,0.3038,0.1667,0.2691,0.0,0.375,0.1519,0.9115,0,gPkDaebGY5pMFcvrmMScQ9UlGU5gA8-EDD2rEtJqs4Axmz6VXXY-BMaskAJsGnn3zqAipZpI6JDfiA,BR1_3252644913,16.12,11.898,11.875,6.582,0
6.1039,0.2543,0.1696,0.2,0.2167,1,0.0,0.1696,0.8478,4.6197,0.4544,0.2272,0.2609,0.2518,4.0,0.0556,0.4544,1.7419,5.3219,0.0,0.887,0.6,0.1382,0.0,0.0,2.661,4.4349,0,RYop7vaLo_aYIByO7rpmvQco-kgBifMMABLoE1cwdU6Ka6tkHo5a-tFEnvmbofXWU7Ce8sE7xvH_Tg,BR1_3248811295,16.11,11.796,13.204,1.127,1
6.5757,0.3288,0.1644,0.25,0.1724,0,0.0,0.1644,0.6576,5.6101,0.3117,0.1558,0.5882,0.1982,1.0,0.1429,0.7792,1.3246,3.7793,0.0,0.3286,0.6,0.3461,0.0,0.1667,1.4789,2.4648,0,NtWIOYCWgE2-BzT6J8hrSVvKoMgbjk2I0ZUay-jN3MOAgjNCW8wEHj1lWfA5wXBzf_4HpDQVz0pU_w,BR1_3252292187,16.12,12.166,12.834,6.086,1
6.9286,0.2857,0.1429,0.4667,0.215,1,0.5,0.5,1.0714,7.5611,0.6377,0.1822,0.3636,0.2213,2.0,0.2727,0.7288,2.0041,3.4515,0.4314,0.4314,0.5,0.2576,0.0,0.0,0.8629,1.7257,0,mddREOuXPBvaOKX5sK1UL256rkDZUPP_3R1vyGt_GrVqCVPMzSQMjzNyP-6GWLad4KkTDC3ynyfSOg,BR1_3252598900,16.12,14.0,10.977,2.318,1
7.9081,0.2876,0.0719,0.1818,0.2601,2,0.0,0.1438,0.7908,7.2136,0.3607,0.3607,0.2917,0.2192,3.0,0.1818,0.6312,2.1641,2.0792,0.0,0.3199,0.6667,0.2632,1.0,0.25,1.5994,2.3991,0,WdGDFFJT49BLLEhBhX4G9TWEYGv_LP7YMpJO9VumhtELsO4qKXYgDSzWE7Ot945HmZiarEEAr0hBFA,BR1_3252553872,16.12,13.91,11.09,6.252,1
7.4345,0.4552,0.1517,0.4286,0.2798,0,0.0,0.4552,1.0621,10.5027,0.7327,0.2442,0.5455,0.2362,2.0,0.0,0.7327,1.3434,7.3604,0.6465,0.3979,0.3478,0.2509,1.0,0.08,0.3979,1.1439,0,XZmeGAtOjdqW7TXDg1Fs0vKLBT8XUlhnIYeT3xuTIcLWf0tZlWfvHb3PEK6u1jZ3kgmt5T9uwVXtTw,BR1_3252736675,16.12,13.182,8.188,20.107,0
6.7857,0.1429,0.1429,0.6667,0.3188,3,0.0,0.7143,1.0714,7.3636,0.0909,0.1818,0.4444,0.1929,3.0,0.1,0.3636,0.8182,3.3634,0.2925,0.4387,0.6,0.3353,0.0,0.1818,0.4387,0.7312,0,yOwj4no3PYMFJKBbhhjnj_ilRVWk-ZZSmdngfFiWXDlsI_b0jse9Yz-0GOskkihisWF0lUpXatFrvw,BR1_3252066620,16.12,14.0,11.0,6.838,0
2.5,0.2143,0.5,0.3889,0.2554,4,0.0,0.5,1.2857,5.9025,0.3162,0.3162,0.32,0.2208,1.0,0.0,0.8432,2.6351,6.6379,0.0,0.3688,0.5,0.1658,0.0,0.0,1.4751,2.9502,0,f_sKjC_jT_uVFmw_P9yYuS3xiURzydAf5BgIWs_5loxMiVzq0UgK2PV2NWO_g-B73m9B6IW-kAAeQw,BR1_3252548340,16.12,14.0,9.487,2.712,1
2.2102,0.3844,0.3844,0.5,0.1743,0,1.0,0.1922,0.3844,4.9677,0.828,0.414,1.0,0.2515,1.0,0.0,0.207,0.207,,,,,,,,,,0,IXyXv4_o8F2QVvnMk9sbzUH5imX4YDGMmquRVNGcm3j_Lmu1k8-i2Ki3HNYyJm4DcpaWzhNMGKzFDQ,BR1_3252644078,16.12,10.406,4.831,0.0,0
8.1749,0.3856,0.0771,0.1,0.0808,0,0.0,0.0771,0.7712,4.6537,0.0831,0.0831,0.3333,0.0399,1.0,0.0769,0.2493,0.7479,0.0,0.0,0.0,0.0,0.0,0.0,0.0,0.0,1.4234,0,Z2Q5SR4t5ek_GtKViZsd2BdzhlfhqwYXqkcNSbH1WAtsJCU5tKI6ezonLIQe_TZlFWkuU47v2ycqFQ,BR1_3252327889,16.12,12.967,12.033,10.538,0
7.5365,0.2724,0.0908,0.1667,0.1891,0,0.0,0.0908,0.5448,5.9459,0.2787,0.1858,0.3077,0.1817,1.0,0.3333,0.3716,1.2078,4.9751,0.0,0.0,0.3333,0.203,0.0,0.5,0.4523,1.3569,0,ho7blAjhBR_p0E_cbM310vniSogbA8-2NB0DpNpQZ0BECGkY22V86aovuMfZnnXjxR4oBuWKqT18iQ,BR1_3248031596,16.11,11.013,10.764,2.211,0
5.4286,0.1429,0.4286,0.0,0.1819,0,0.0,0.0,0.6429,8.8182,0.3636,0.2727,0.25,0.1238,0.0,0.2222,0.2727,1.0909,11.096,0.402,0.2412,0.25,0.1802,1.0,0.0,0.3216,1.2865,0,Qr-OWwA5xByikrXhi90VZOTXf8Q6M3OSU1uQPbIFz8DaVmpsC-wgouOB6VqPicqHFuFmEnL98wMYDg,BR1_3252587374,16.12,14.0,11.0,12.437,0
5.2075,0.0744,0.372,0.1765,0.1463,1,0.0,0.2232,1.2647,7.7507,0.4627,0.347,0.75,0.2428,1.0,0.125,0.347,0.4627,2.9548,0.1738,0.6953,1.0,0.3769,0.0,0.3,0.1738,0.1738,0,WSo7_9p18PDFIFSDqhLbFshZX0oQbgMs5pTGyD6Zbwb2mAtu7BRWpXgRHEVTXARJC00XZ0Yb-1P8fg,BR1_3251796729,16.12,13.442,8.644,5.753,0
7.5829,0.383,0.0766,0.125,0.0789,0,0.0,0.0766,0.6128,11.224,0.3563,0.0,0.5333,0.1731,0.0,0.0833,0.7126,1.3362,9.7625,0.5374,0.1791,0.3,0.1501,1.0,0.1538,0.5374,1.7913,0,tJqi400ATmucJ1WK0oY0awm7S-RweaPy2eHxH1qNcv5UMVnqGRASDOjieNzqYQ8bChQEJy_IsNL4mw,BR1_3252593134,16.12,13.056,11.226,11.165,1
5.8571,0.3571,0.0714,0.6667,0.3466,1,0.2,0.5714,0.8571,4.5455,0.3636,0.2727,0.6364,0.2829,0.0,0.125,0.6364,1.0,4.8032,0.1601,0.1601,0.5714,0.1177,0.0,0.2,1.2808,2.2415,0,JP98zTMNq0vuohV9_xinuwh-mzhAYhS9fydpPve-XPgMlwyjv4h8AQbwbyDMmsslCnDKh-LhSWKq0w,BR1_3252639650,16.12,14.0,11.0,6.246,1
8.3575,0.3246,0.0811,0.4167,0.3907,2,0.0,0.4057,0.9737,5.8807,0.4705,0.1176,0.6923,0.2334,0.0,0.0,1.0585,1.529,5.9211,0.3289,0.1645,0.5,0.2129,0.0,0.1,1.1513,2.3026,0,a5ifg9O95LhmYN83Mg-Al63ByL38mzkHLTn9_nMHhTwhTmvy0T9H5P6604Ik18hY0CJ7YJNX_R8GRQ,BR1_3252513659,16.12,12.324,8.502,6.08,1
8.0,0.4286,0.4286,0.2857,0.1867,2,0.0,0.1429,0.5,9.8055,0.5448,0.5448,0.8,0.3784,0.0,0.1111,1.0895,1.3619,,,,,,,,,,0,vQ_m9MuJ0QC6x5AXMLjd7vpfcwq72TFdieqK7k9ZgeT9wR2lEhBGX87rZRKmsc-FWR2OdzeBJbsUjg,BR1_3252814146,16.12,14.0,7.343,0.0,0
6.0933,0.0983,0.3931,0.3333,0.2734,2,0.0,0.2948,0.8845,5.4719,0.2328,0.4657,0.6667,0.3665,1.0,0.2727,0.2328,0.3493,,,,,,,,,,1,cCQePUBjZQ7QYYBLLWk49_O9XzxjjmEaC_ObtVSrZwcEetkGbzdyMvRSpQw0EdKaBF1sY6f3A9Z7Tw,BR1_3251777178,16.12,10.175,8.589,0.0,0
8.5714,0.2857,0.0714,0.375,0.2617,3,0.0,0.2143,0.5714,8.8182,0.4545,0.1818,0.7143,0.3853,3.0,0.4286,0.4545,0.6364,9.296,0.4427,0.1476,0.4,0.2131,0.0,0.3333,0.5902,1.4756,0,Q4m0CXBC6QUdhnnMuYRhIyPBvgPzxYfIizD3NgRshN5FfrXvXk2RxMkd_3bEkLzNd_Rrl9QCw7CdEA,BR1_3252180097,16.12,14.0,11.0,6.777,1
5.0714,0.3571,0.3571,0.5455,0.2647,3,0.2,0.4286,0.7857,4.3636,0.5455,0.4545,0.5882,0.3017,1.0,0.1111,0.9091,1.5455,7.5927,0.4898,0.2449,0.75,0.3064,4.0,0.0,0.7348,0.9797,1,KIcWNnApypcbjFqdnR3U52OphyPgiw0R7axCVJdpwn6oHOyCLgIANUVp4K3q_f_qg6vaEh0vBusB1w,BR1_3252782426,16.12,14.0,11.0,12.249,0
8.1054,0.4013,0.0803,0.25,0.2239,3,0.0,0.2408,0.963,7.0977,0.5582,0.319,0.3333,0.2026,0.0,0.1818,0.3987,1.1962,4.9425,1.2814,0.1831,0.5,0.2652,2.0,0.0714,0.8237,1.6475,0,CEb6Bgxx-BCDTpVbbSSxAOokxyp9VCjKWxCt6ewkQwdoK1LgjPvCc6IDIvOlA_Ahr2jJIOEv2ZmSxA,BR1_3246961850,16.11,12.461,12.539,10.926,1
6.9286,0.4286,0.1429,0.0909,0.1539,0,0.0,0.0714,0.7857,7.0909,0.6364,0.0909,0.0833,0.076,0.0,0.0833,0.0909,1.0909,1.8123,0.0,0.4531,0.0,0.0618,0.0,0.0,0.0,0.9062,0,EWyRFhXERE_3oJL20azLza_804fM_QrWbFtSv_2WxBitf4-fE_hBXsD7v2nYq90EbFTsY3hrNX-o_w,BR1_3252700243,16.12,14.0,11.0,2.207,0
6.3324,0.3423,0.5134,0.0833,0.2614,0,0.0,0.0856,1.0269,5.8585,0.3004,0.6009,0.2857,0.2232,0.0,0.2,0.1502,0.5258,9.0959,0.2934,0.2934,1.0,0.1825,0.0,0.2857,0.8802,0.8802,0,AsX6WEhcJm9nqUuA0XKORQ_4rJkvgNgzQhfpmTVM7k2W2Kk_k2YYjGoGEuFAWnQlAJ77fCgfeeFx1w,BR1_3252194847,16.12,11.686,13.314,3.408,0
5.8466,0.2579,0.3439,0.4,0.3623,1,0.0,0.3439,0.8598,8.8548,0.398,0.2985,0.4286,0.1686,1.0,0.0833,0.2985,0.6964,9.4028,0.2474,0.4949,0.5,0.3175,0.0,0.1,0.4949,0.9898,0,f_sKjC_jT_uVFmw_P9yYuS3xiURzydAf5BgIWs_5loxMiVzq0UgK2PV2NWO_g-B73m9B6IW-kAAeQw,BR1_3252565677,16.12,11.631,10.051,4.041,0
6.5,0.3571,0.0714,0.6,0.3081,5,0.0,0.4286,0.7143,8.6364,0.5455,0.0909,0.5,0.1725,0.0,0.1818,0.5455,1.0909,4.2455,0.4653,0.2908,0.4444,0.1706,1.0,0.3529,0.6979,1.5703,1,SRc1FSD7esblymiMO7Mp1znyCAHi7WCRVBezzTy3jL3b7C1M_mmLKPsZtmw8Sf2Xa4AOxjC79BKyAA,BR1_3252789982,16.12,14.0,11.0,17.195,1
6.1429,0.4286,0.0714,0.3333,0.1855,2,0.0,0.2143,0.6429,7.8182,0.3636,0.2727,0.2857,0.0746,0.0,0.1818,0.3636,1.2727,6.0835,0.6208,0.1242,0.3077,0.0842,0.0,0.0,0.4966,1.614,0,78Be_63SBD4w3DgknftWP5Xg06GYsS5FEO8NKOwEVj6VgDudxvkb3mvyd4DsdoEcFx4rtJefI84J5w,BR1_3252724759,16.12,14.0,11.0,8.055,1
5.8435,0.2191,0.2922,0.4545,0.2285,2,0.4,0.3652,0.8035,4.5554,0.3106,0.5177,0.3,0.263,0.0,0.4375,0.3106,1.0353,,,,,,,,,,0,NrL9s5r2afHvVFEmOWmAHdr8V7m_fzWEduSW6Af6Jq9jg4Jm94GYHujaHEbLAJfs4I5wqSt8v4qyMw,BR1_3252840877,16.12,13.691,9.659,0.0,0
6.0644,0.3838,0.2303,0.25,0.2214,0,0.0,0.0768,0.3071,8.4576,0.3488,0.3488,0.3333,0.1373,1.0,0.0833,0.2616,0.7847,0.8049,0.0,0.8049,0.0,0.1872,0.0,0.1429,0.0,0.4025,0,jcpJlZoHj7Pe3a1IVbRjfqnlIk3xGmMB_88LBQQQjG7r5ML0jQuRYuQ5aCGw4W4CLMSqM5riBeTrlQ,BR1_3252691423,16.12,13.027,11.469,2.485,0
4.2143,0.2857,0.1429,0.4,0.165,0,0.2,0.1429,0.3571,7.4714,0.3179,0.159,0.25,0.1297,0.0,0.25,0.159,0.6359,3.742,0.1701,0.1701,0.0,0.1409,0.0,0.2308,0.0,0.0,0,ur7lCS205A8n2DGoh3dE6dMgObFK2et4UWlkiLoD5lW2tPyYBvowQMRQJVdWVkt8RQ7IIxaZVYmQbA,BR1_3251135600,16.12,14.0,6.291,5.879,0
8.1429,0.2143,0.1429,0.5455,0.2541,4,0.0,0.4286,0.7857,7.5455,0.3636,0.1818,0.5,0.3729,4.0,0.4286,0.7273,1.4545,6.7887,0.1151,0.3452,0.55,0.3889,4.0,0.1818,1.2657,2.3012,0,8FZWeDg4WFRlZZFWNDa0mk9IJAhk6sSYRFPEWsjVdhQeG3VSsne1aBsIYUNao9RESKkuFMp4nEpSPA,BR1_3248073749,16.11,14.0,11.0,8.691,1
6.8823,0.3128,0.3128,0.6,0.3966,2,0.0,0.2346,0.391,10.6439,0.5731,0.3275,0.3077,0.1868,0.0,0.0909,0.3275,1.0644,11.5536,0.7968,0.0,0.3333,0.1364,1.0,0.3333,0.3984,1.1952,1,XZmeGAtOjdqW7TXDg1Fs0vKLBT8XUlhnIYeT3xuTIcLWf0tZlWfvHb3PEK6u1jZ3kgmt5T9uwVXtTw,BR1_3252794257,16.12,12.786,12.214,2.51,1
5.2143,0.3571,0.1429,0.35,0.2365,3,0.0,0.5,1.4286,2.7273,0.1818,0.2727,0.5714,0.2159,0.0,0.2,1.0909,1.9091,4.1627,0.3083,0.0,0.4,0.1818,1.0,0.375,0.925,2.3126,0,tn089FtrOikzTyKw_4IOkb_pU8WBkZTGEGB3KKLeu-2K2VbDCLv-lU7aaXgldq3xJxMC0neuCjtZGQ,BR1_3252721360,16.12,14.0,11.0,6.486,1
9.2342,0.5894,0.0982,0.6667,0.3805,6,0.0,0.5894,0.8841,9.244,0.4048,0.2699,0.5238,0.2793,4.0,0.1176,0.7422,1.417,9.4168,0.3924,0.0,0.8,0.2549,1.0,0.25,1.5695,1.9618,1,qFg-2IZP633Y62fB_lj_0f95rM8fQM8l3wdrDVdct0qDM00u8C6roZ_UR9yEr_mpq9nGgWTAE0Vx3A,BR1_3252742036,16.12,10.18,14.82,2.549,1
5.4286,0.5,0.1429,0.7273,0.4297,4,0.0,0.5714,0.7857,6.0,0.7273,0.2727,0.3889,0.358,0.0,0.25,0.6364,1.6364,6.8781,0.9826,0.3275,0.4667,0.2321,0.0,0.125,0.5732,1.2282,0,CvoDTkDtoDPnxXgugaPQJT76ue7-tBrE2GbFT0D85V8fdAoR3M5rsP50quSwZVXPLECI26bZmvdF2A,BR1_3252130450,16.12,14.0,11.0,12.213,0
3.2027,0.2288,0.4575,0.0,0.2086,0,,0.0,0.8007,5.1542,0.3077,0.4616,0.3333,0.1672,0.0,0.1875,0.1539,0.4616,14.0509,0.0,0.0,0.0,0.1359,0.0,0.5,0.0,1.4051,0,m80GvtA5xoIu4hmN1V135z3R-gcMn82VUcEzCKplbHB_5JUXOrDZZfnwWRSDzhuxHYFxDpuC_lyalA,BR1_3252534514,16.12,8.743,12.999,0.712,0
5.9286,0.3571,0.0714,0.2941,0.2243,0,0.0,0.3571,1.2143,8.6406,0.3798,0.095,0.3077,0.1367,1.0,0.3,0.3798,1.2344,3.2439,0.4634,0.2781,0.6154,0.1865,0.0,0.2143,0.7415,1.2049,0,IXyXv4_o8F2QVvnMk9sbzUH5imX4YDGMmquRVNGcm3j_Lmu1k8-i2Ki3HNYyJm4DcpaWzhNMGKzFDQ,BR1_3252815994,16.12,14.0,10.532,10.789,0
7.5,0.2143,0.0714,0.44,0.2251,0,0.5,0.7857,1.7857,9.6536,0.1322,0.1322,0.2857,0.222,2.0,0.1429,0.2645,0.9257,8.2357,0.405,0.135,0.5172,0.2864,3.0,0.1579,1.0126,1.9577,0,R7c0iIGYXQaYZG1AdMkOybF5ChkA-uGFEGyJlxJNKYIBgA9M9BUs5T3xyLbQGWgjfV1MQ1M_dY9qqA,BR1_3252032567,16.12,14.0,7.562,14.814,1
6.2857,0.2143,0.1429,0.2222,0.239,1,0.0,0.2857,1.2857,7.6026,0.3754,0.1877,0.2381,0.1073,0.0,0.0909,0.4693,1.9711,7.008,0.1797,0.0,0.6667,0.1546,0.0,0.0909,1.4375,2.1563,0,nK5wt9cb5G1wgRBrKGdE01hud1D_taR8zs7kX0e4PpqKN48PdWPIypYTTmG1r7sFe3LzORTVnY6MhA,BR1_3251744286,16.12,14.0,10.654,5.565,1
6.768,0.3709,0.0927,0.2857,0.2758,1,0.0,0.1854,0.649,7.2464,0.4221,0.1407,0.4545,0.2807,1.0,0.3077,0.7035,1.5478,9.1603,0.5388,0.1796,0.3333,0.3626,0.0,0.2222,0.3592,1.0777,0,ho7blAjhBR_p0E_cbM310vniSogbA8-2NB0DpNpQZ0BECGkY22V86aovuMfZnnXjxR4oBuWKqT18iQ,BR1_3248043703,16.11,10.786,14.214,5.567,0
7.2143,0.5,0.2143,0.2857,0.3577,1,0.0,0.1429,0.5,6.6364,0.3636,0.2727,0.5833,0.2224,0.0,0.1,0.6364,1.0909,3.7646,0.348,0.4113,0.5745,0.195,1.0,0.1034,0.8542,1.4869,0,Qr-OWwA5xByikrXhi90VZOTXf8Q6M3OSU1uQPbIFz8DaVmpsC-wgouOB6VqPicqHFuFmEnL98wMYDg,BR1_3252287664,16.12,14.0,11.0,31.61,1
7.3571,0.2143,0.0714,0.5,0.317,0,0.0,0.1429,0.2857,10.0,0.2727,0.2727,0.3333,0.2725,0.0,0.1,0.0909,0.2727,4.1074,0.1956,0.3912,0.6667,0.2611,0.0,0.2727,0.3912,0.5868,0,M8AkDoq7iFNxFpBbLxFA6BCz3TnNfbQ74DdY1IkpFyZ5ndZ9TSrGZ1qzGhEdbrkksA3xj-FsGdWoYA,BR1_3251932724,16.12,14.0,11.0,5.113,0
8.5029,0.2858,0.0715,0.3846,0.3644,3,0.0,0.3573,0.9289,9.9481,0.635,0.2117,0.5882,0.3837,5.0,0.2727,1.0583,1.7991,4.4729,0.0,0.2156,0.5862,0.2647,2.0,0.0,0.9161,1.5628,0,gPkDaebGY5pMFcvrmMScQ9UlGU5gA8-EDD2rEtJqs4Axmz6VXXY-BMaskAJsGnn3zqAipZpI6JDfiA,BR1_3252837670,16.12,13.995,9.449,18.556,1
7.4286,0.3571,0.0,0.6667,0.1624,0,0.2,0.4286,0.6429,6.7273,0.4545,0.1818,0.5833,0.289,1.0,0.1429,0.6364,1.0909,4.0941,0.2047,0.2047,1.0,0.241,0.0,0.0,2.4565,2.4565,0,9rEmrenPzReiqkdf0Xmc41uNacC-zjkx-jfw6OlrKoWGhkg-L_KmlNdce5-o8xblCOKMN1WtO-HbqA,BR1_3252589331,16.12,14.0,11.0,4.885,1
7.2143,0.2857,0.1429,0.0909,0.155,1,0.0,0.0714,0.7857,6.4545,0.1818,0.2727,0.3077,0.1344,1.0,0.1,0.3636,1.1818,5.4823,0.347,0.2776,0.303,0.1946,2.0,0.2667,0.347,1.145,1,ur7lCS205A8n2DGoh3dE6dMgObFK2et4UWlkiLoD5lW2tPyYBvowQMRQJVdWVkt8RQ7IIxaZVYmQbA,BR1_3251048025,16.12,14.0,11.0,28.82,0
7.6429,0.3571,0.0714,0.1538,0.0985,0,0.0,0.1429,0.9286,3.5455,0.3636,0.2727,0.5,0.2236,0.0,0.0833,0.3636,0.7273,8.047,0.4877,0.4877,0.5,0.1516,0.0,0.25,0.2438,0.4877,0,UZvjKNrQ6wVxGwy61PFcvOPItClfQhnwirB-HNy5bCH6dhMT90c5UMNz2WR_MBU56E8bdgZyeITYsw,BR1_3250933536,16.12,14.0,11.0,8.202,0
7.8295,0.348,0.0,0.75,0.2814,2,0.0,0.261,0.348,11.803,0.3883,0.1553,0.6,0.2184,1.0,0.1176,0.6989,1.1648,19.9228,0.0,0.8301,0.0,0.678,0.0,0.25,0.0,0.0,1,bnOFktu2-P3JoT34frC1ydmRqDpMqP7dIi2EQMHovxWSdq5X_uFt-1j3BcYYbtJ2cWR26TVYOaK9xw,BR1_3252635321,16.12,11.495,12.878,1.205,0
6.9026,0.3595,0.0719,0.0909,0.1327,1,0.0,0.0719,0.7909,4.5076,0.3606,0.3606,0.5833,0.2903,1.0,0.1111,0.6311,1.0818,0.0,0.0,0.0,0.0,0.4028,0.0,0.5,0.0,0.0,0,IN3H3miS7ePWEvYsojGldHTyrYSe7y-rK5S3qMso5Hf6vE2P3T_DmVpKCg0LNqDlQCv0Rt43OA31Uw,BR1_3251974730,16.12,13.908,11.092,0.307,0
6.2882,0.3267,0.0817,0.3333,0.2027,0,0.0,0.0817,0.245,8.5191,0.3829,0.0957,0.2,0.2711,1.0,0.1,0.1914,0.9572,5.4116,0.2122,0.3183,0.6364,0.1955,1.0,0.1429,0.7428,1.1672,0,GJME4VNOHd9V6unqO-9JzeYaicOX9bYgRdWjfieK1OOc74KNtwfWGmu1bkFkmGpV16SwWudhQ4sarg,BR1_3252826647,16.12,12.245,10.447,9.424,1
6.5,0.6429,0.0,0.4286,0.2395,0,0.0,0.2143,0.5,5.8412,0.8479,0.2826,0.8571,0.2789,1.0,0.1111,0.5653,0.6595,,,,,,,,,,0,tghL6-3ozOMyguImqsSV2OonKjaQgkDtFoOP-s2Jtsbm5DtJ1DsJEwVuPd6u48Kzl9Qr0QEWXuhg0g,BR1_3250248779,16.11,14.0,10.614,0.0,0
9.5974,0.0,0.244,0.5,0.3363,0,0.0,0.244,0.488,8.1071,0.3148,0.2361,0.4706,0.2833,4.0,0.2,0.6297,1.3381,13.7206,0.5965,0.2983,1.0,0.2331,1.0,0.125,0.8948,0.8948,0,WSo7_9p18PDFIFSDqhLbFshZX0oQbgMs5pTGyD6Zbwb2mAtu7BRWpXgRHEVTXARJC00XZ0Yb-1P8fg,BR1_3251710037,16.12,12.295,12.705,3.353,0
7.2857,0.1429,0.0714,0.125,0.1221,0,0.0,0.0714,0.5714,9.3517,0.334,0.334,0.0,0.1571,0.0,,0.0,0.334,,,,,,,,,,0,b_p7lsrKf2mFmuGVTOh8hi6vXbXsZxE1zsxXAMJRxBlNNTf69Kksu1hCwKWZTJ6QssYus0ylp6vymw,BR1_3250837536,16.12,14.0,2.994,0.0,0
6.2358,0.3849,0.077,0.3846,0.2558,2,0.0,0.3849,1.0008,8.2427,0.4996,0.0833,0.5833,0.2449,4.0,0.375,0.5828,0.9991,7.2825,0.4046,0.1349,0.4167,0.2025,1.0,0.2222,0.6743,1.6183,0,nK5wt9cb5G1wgRBrKGdE01hud1D_taR8zs7kX0e4PpqKN48PdWPIypYTTmG1r7sFe3LzORTVnY6MhA,BR1_3248714023,16.11,12.989,12.011,7.415,1
5.2509,0.1811,0.3621,0.75,0.4212,4,0.5,0.8148,1.0864,,,,,,,,,,,,,,,,,,,1,WSo7_9p18PDFIFSDqhLbFshZX0oQbgMs5pTGyD6Zbwb2mAtu7BRWpXgRHEVTXARJC00XZ0Yb-1P8fg,BR1_3251877068,16.12,11.046,0.0,0.0,1
6.2143,0.5,0.2143,0.7143,0.3317,1,0.0,0.3571,0.5,11.2827,0.688,0.2752,0.3571,0.232,2.0,0.1429,0.688,1.9263,5.7577,0.7197,0.3084,0.2667,0.1688,0.0,0.1,0.4113,1.5422,0,UvY7nGhotqjQO75nUYe14s-VifswQcL_q0_hm2WjJHvC50pm590fJuccdk9YEH9nLNpasmoOSeJffA,BR1_3247622206,16.11,14.0,7.268,9.726,1
6.3571,0.2857,0.1429,0.4375,0.3,1,0.2,0.5,1.1429,8.2586,0.6194,0.0,0.3,0.2375,5.0,0.2857,0.6194,2.0646,5.4354,0.7179,0.4102,0.48,0.3415,2.0,0.1667,1.2307,2.5639,0,cCQePUBjZQ7QYYBLLWk49_O9XzxjjmEaC_ObtVSrZwcEetkGbzdyMvRSpQw0EdKaBF1sY6f3A9Z7Tw,BR1_3251659466,16.12,14.0,9.687,9.751,1
8.3178,0.2446,0.0815,0.0909,0.1049,1,0.0,0.0815,0.897,8.9054,0.4498,0.3598,0.3571,0.1119,0.0,0.0833,0.4498,1.2593,4.6018,0.6471,0.3595,0.4286,0.2847,0.0,0.5833,0.4314,1.0066,0,dfFpF8dKHmsGWmHeyOuCiLqc-g-yOtsiWbhiTB-zho3eOuSeDKsKnIo3wtVPmF6eCNCwrJZcDV_y8g,BR1_3252747151,16.12,12.263,11.117,13.908,0
7.2857,0.4286,0.1429,0.1429,0.2171,1,0.0,0.0714,0.5,7.6364,0.5455,0.0909,0.6429,0.2053,1.0,0.2222,0.8182,1.2727,6.5024,0.8714,0.2011,0.44,0.2128,2.0,0.3125,0.7374,1.6759,1,2ApDGMHfIkhn_kS37HwsX4XUN6K_OWEaWrZi-nDnmGyiVhP6_MqXe1tsNqyHxEy0Az6wE5d1H8XCSA,BR1_3252719451,16.12,14.0,11.0,14.918,1
6.4923,0.3864,0.2319,0.4545,0.2225,3,0.2,0.3864,0.8502,8.6986,0.5369,0.2148,0.3333,0.2237,2.0,0.2,0.5369,1.6108,2.4208,0.2848,0.1424,0.3889,0.1565,0.0,0.5455,0.9968,2.5632,1,QcDd9G6KWcOkFj_y3u5A7WgYAQV1gJZvNF2X0We3QBL4jmVuNM2VpDRHK-nyV8d3BvYJSg_ARnQH5w,BR1_3252784972,16.12,12.938,9.312,7.022,1
8.6123,0.219,0.073,0.2,0.2305,1,0.0,0.073,0.3649,6.5253,0.4728,0.1891,0.8333,0.3097,0.0,0.0,0.9457,1.1348,1.573,0.3146,0.2097,0.6154,0.2591,0.0,0.1176,0.8389,1.3633,0,R7c0iIGYXQaYZG1AdMkOybF5ChkA-uGFEGyJlxJNKYIBgA9M9BUs5T3xyLbQGWgjfV1MQ1M_dY9qqA,BR1_3252447789,16.12,13.701,10.574,9.536,1
9.2857,0.5,0.0714,0.4286,0.1282,0,0.0,0.2143,0.5,8.7273,0.2727,0.3636,0.2353,0.1712,0.0,0.1111,0.3636,1.5455,9.108,0.7286,0.0,0.3333,0.1518,0.0,0.25,0.7286,2.1859,0,mH9Qfe2qwdxNPl-Fh2UpbySJoX6rrrJg2TrTx0ZPKVNgFbmZlNzlpfeh6ynx85WZ51O9okFoj9s6vw,BR1_3252063484,16.12,14.0,11.0,5.49,1
4.1429,0.0714,0.4286,0.1667,0.1946,0,0.0,0.0714,0.4286,3.3636,0.4545,0.5455,0.3333,0.1177,0.0,0.3333,0.1818,0.5455,5.7169,0.0,1.0394,0.5,0.1215,1.0,0.0,0.5197,1.0394,0,5KdHm2xBCmdwakKhX8Q3NMQ3oMZR2YU0pjBQzh4nB5w9tcHsiO4R_lA_qTFQRhvPtiw5KXKUhessRg,BR1_3250578582,16.11,14.0,11.0,1.924,0
5.4206,0.4517,0.2259,0.2,0.0935,1,0.0,0.1506,0.7529,6.4687,0.3405,0.4539,0.5,0.1735,0.0,0.4286,0.3405,0.6809,8.4018,0.2049,0.3074,0.5833,0.2834,0.0,0.2667,0.7172,1.2295,0,SRc1FSD7esblymiMO7Mp1znyCAHi7WCRVBezzTy3jL3b7C1M_mmLKPsZtmw8Sf2Xa4AOxjC79BKyAA,BR1_3252786404,16.12,13.283,8.812,9.76,0
6.4225,0.3568,0.0892,0.0,0.0731,0,0.0,0.0,0.446,8.1221,0.3493,0.1747,0.2222,0.1936,0.0,0.0,0.1747,0.786,2.8694,0.4782,0.4782,0.75,0.4123,0.0,0.3333,0.7174,0.9565,0,YV-n2n8naJcABbIucWwOpdQiIib4oW4Fk3_IonVEOVMqPkqN5onbl_ktdrApLQqpFver7FXgD9N8pg,BR1_3252810147,16.12,11.211,11.45,4.182,0
7.8287,0.228,0.076,0.2,0.2465,1,0.0,0.152,0.7601,5.4884,0.3377,0.2533,0.4375,0.1662,0.0,0.0909,0.5911,1.351,7.4261,0.2912,0.2912,0.25,0.1053,0.0,0.1111,0.2912,1.1649,0,0DDlx4jWKb2TwTD_n9096jPYvQithEzVzfBPTZ_9JF4AlgLp-MF41GqNbw1prpzvWrZGiuDhxJ5QGQ,BR1_3252194473,16.12,13.157,11.843,6.868,0
3.6501,0.2281,0.3042,0.5333,0.3411,4,0.0,0.6084,1.1407,6.1544,0.5045,0.3027,0.3182,0.2214,1.0,0.0,0.7062,2.2196,,,,,,,,,,1,cRNieDRj6dPQ2MhN7McPLFy4eSIWK3RR2MHOBVNGR4oakywJzwUZSHJDWy8qXFlXOiQtJ1XzSD5sLQ,BR1_3252524567,16.12,13.15,9.912,0.0,1
6.4224,0.4587,0.3058,0.2,0.224,0,0.0,0.0765,0.3823,4.7816,0.5033,0.3355,0.5833,0.2141,1.0,0.125,0.5872,1.0066,15.5987,0.6782,0.0,1.0,0.269,0.0,0.0,1.3564,1.3564,0,Qr-OWwA5xByikrXhi90VZOTXf8Q6M3OSU1uQPbIFz8DaVmpsC-wgouOB6VqPicqHFuFmEnL98wMYDg,BR1_3252113998,16.12,13.079,11.921,1.474,0
7.7857,0.3571,0.0714,0.3846,0.2596,0,0.0,0.3571,0.9286,5.6364,0.3636,0.2727,0.5556,0.3443,0.0,0.3333,0.4545,0.8182,8.1945,0.2969,0.0,0.6538,0.3195,4.0,0.3125,1.0095,1.5439,0,bnOFktu2-P3JoT34frC1ydmRqDpMqP7dIi2EQMHovxWSdq5X_uFt-1j3BcYYbtJ2cWR26TVYOaK9xw,BR1_3252587855,16.12,14.0,11.0,16.84,1
5.7857,0.4286,0.5,0.3333,0.2435,2,0.2,0.2857,0.8571,10.2968,0.2783,0.3711,0.1667,0.1112,0.0,0.1667,0.1855,1.1132,10.9068,0.1818,0.1818,0.0,0.0593,0.0,0.1667,0.0,2.5449,1,qFg-2IZP633Y62fB_lj_0f95rM8fQM8l3wdrDVdct0qDM00u8C6roZ_UR9yEr_mpq9nGgWTAE0Vx3A,BR1_3252756895,16.12,14.0,10.78,5.501,1
4.7857,0.1429,0.5,0.375,0.1758,0,0.0,0.2143,0.5714,6.1872,0.4125,0.4125,0.1875,0.1417,0.0,0.2,0.3094,1.6499,5.3159,0.5316,0.2658,0.6111,0.2409,2.0,0.3571,0.5847,0.9569,0,YshLWzXv-O0fMLGfAUa5o9aDkqyPBj4E2CZCdUQWFbdrQ3Aul2zwmgdAYl5TYsLuDRODJRpxjLKTew,BR1_3252754313,16.12,14.0,9.697,18.812,0
6.7143,0.4286,0.2857,0.4545,0.3035,3,0.0,0.3571,0.7857,8.1818,0.4545,0.2727,0.4615,0.2671,1.0,0.0,0.5455,1.1818,7.1133,0.4664,0.2332,0.5,0.3475,3.0,0.3636,0.5831,1.1661,0,Q4m0CXBC6QUdhnnMuYRhIyPBvgPzxYfIizD3NgRshN5FfrXvXk2RxMkd_3bEkLzNd_Rrl9QCw7CdEA,BR1_3252201919,16.12,14.0,11.0,17.151,1
9.0142,0.2931,0.0,0.1667,0.2751,1,0.5,0.0733,0.4397,8.9945,0.5552,0.111,0.25,0.2108,0.0,0.1111,0.2221,0.8883,6.8314,0.4671,0.2336,0.4545,0.2856,1.0,0.0556,0.5839,1.2845,0,4EG9eIp0ZVMaLXQjSNA6OyNXPz31MMI76GMO9QzZGrkwIQ7-aFe7EWO0nw8AhPCgJy74YhSVXvuI7Q,BR1_3252834769,16.12,13.645,9.006,17.127,1
5.0,0.3571,0.2143,0.1429,0.0987,0,0.0,0.0714,0.5,8.2704,0.2712,0.2712,0.375,0.1325,0.0,0.0,0.4067,1.0846,6.0884,0.2686,0.4477,0.6667,0.3294,1.0,0.1875,0.5372,0.8058,0,8PMkBiKQbDrpV1LmrWwXJNtLk_XRZ1j_8EJXJD-sUbbYSFwbjS0p71N1halvq4QKYhq7aq0UOdKFow,BR1_3252522064,16.12,14.0,7.376,11.169,0
6.2857,0.2857,0.3571,0.125,0.2291,1,0.0,0.0714,0.5714,7.3636,0.5455,0.1818,0.2222,0.1293,0.0,0.1818,0.1818,0.8182,8.8092,0.5873,0.2517,0.5,0.136,0.0,0.0,0.7551,1.5101,1,NtWIOYCWgE2-BzT6J8hrSVvKoMgbjk2I0ZUay-jN3MOAgjNCW8wEHj1lWfA5wXBzf_4HpDQVz0pU_w,BR1_3252328765,16.12,14.0,11.0,11.919,1
7.1264,0.3608,0.3608,0.5,0.2168,0,0.0,0.3608,0.7217,5.462,0.3593,0.4312,0.2778,0.2002,0.0,0.2222,0.3593,1.2936,5.9582,0.3858,0.3001,0.4545,0.1537,0.0,0.2963,0.643,1.4145,0,ytYNIfvtsgxf96anDtMp6HwKndesX1yGUxvm-GfCtgex1CzS-aTi0gAiR09zYkbZwVL1U3RpP7MuTg,BR1_3252656535,16.12,11.086,13.914,23.329,0
5.9708,0.4369,0.3641,0.25,0.2583,1,0.0,0.2184,0.8738,5.8581,0.4438,0.355,0.4,0.2381,0.0,0.125,0.7101,1.7752,4.7452,0.2673,0.2005,0.5789,0.2905,1.0,0.1,0.7352,1.2698,0,t-OtDaH5MD-uAzpAhm_YGvt1JUM7QWt6wU2y5781E_1SNaz2Nf_T_OQsan_B2lvKhk5lORoI9opknA,BR1_3250537122,16.11,13.733,11.267,14.963,0
5.1429,0.3571,0.2857,0.4615,0.269,0,0.0,0.4286,0.9286,4.1818,0.5455,0.2727,0.5556,0.3466,1.0,0.1429,0.4545,0.8182,9.6772,0.2481,0.2481,0.6,0.1876,1.0,0.0,0.7444,1.2407,0,ytYNIfvtsgxf96anDtMp6HwKndesX1yGUxvm-GfCtgex1CzS-aTi0gAiR09zYkbZwVL1U3RpP7MuTg,BR1_3252702947,16.12,14.0,11.0,4.03,0
6.3384,0.3674,0.0,0.125,0.2341,1,0.0,0.0919,0.7349,7.1321,0.3919,0.1567,0.5833,0.1916,2.0,0.0,1.0972,1.881,6.0705,0.5575,0.1239,0.45,0.1524,1.0,0.0,0.5575,1.2389,0,yfUPgM0dK4uRFl3-IavjQjpTCQJNUtKdedfexjmle_QpcWsUDpV8pRuK-553TTWTvR6ofrjY8UALww,BR1_3248111566,16.11,10.886,12.759,16.144,1
5.4149,0.2321,0.1547,0.375,0.252,2,0.0,0.2321,0.6188,5.0527,0.4142,0.2485,0.4444,0.2755,2.0,0.0,0.6627,1.491,3.0686,0.3836,0.3836,0.3929,0.1459,0.0,0.36,0.6028,1.5343,0,XqpqDikZBm9sH1h9vowa_mtZG20QvkdaX4O3fHKkhiiAjgzdiwv-01xuAptIvXek4wSp7_FXreiJdw,BR1_3252661243,16.12,12.927,12.073,18.249,1
6.7733,0.5292,0.2117,0.3333,0.2933,2,0.0,0.3175,0.9525,5.0157,0.5144,0.3215,0.3333,0.2589,0.0,0.2727,0.2572,0.7716,6.2693,0.6966,0.2322,0.6154,0.2884,0.0,0.1429,0.6192,1.0062,0,CvoDTkDtoDPnxXgugaPQJT76ue7-tBrE2GbFT0D85V8fdAoR3M5rsP50quSwZVXPLECI26bZmvdF2A,BR1_3252703784,16.12,9.449,15.551,12.92,0
5.5555,0.3704,0.3704,0.1176,0.1785,0,0.0,0.1481,1.2592,6.5218,0.6087,0.3478,0.1905,0.1105,0.0,0.1538,0.3478,1.8261,7.241,0.6034,0.3017,0.4286,0.1171,0.0,0.2,0.9051,2.112,0,Q4m0CXBC6QUdhnnMuYRhIyPBvgPzxYfIizD3NgRshN5FfrXvXk2RxMkd_3bEkLzNd_Rrl9QCw7CdEA,BR1_3252335491,16.12,13.5,11.5,6.629,1
6.6349,0.0885,0.0885,0.5,0.1748,0,0.0,0.2654,0.5308,4.5998,0.4381,0.3651,0.7727,0.3823,2.0,0.2308,1.2412,1.6063,3.9778,0.2411,0.1607,0.8095,0.4207,5.0,0.05,1.3661,1.6875,0,P10SjysnZuhSSNxunhY4OPBPXn5i7ek-B0NMAvY6quyYUf46IxDSpF1K1MDteulie3BbXBE8SNBJvg,BR1_3252829065,16.12,11.304,13.696,24.888,1
6.6586,0.0765,0.2296,0.0909,0.1864,0,0.0,0.0765,0.8419,7.4973,0.4516,0.271,0.2632,0.1046,0.0,0.25,0.4516,1.7162,6.1302,0.5062,0.225,0.3704,0.1474,0.0,0.0909,0.5624,1.5185,0,nK5wt9cb5G1wgRBrKGdE01hud1D_taR8zs7kX0e4PpqKN48PdWPIypYTTmG1r7sFe3LzORTVnY6MhA,BR1_3251763388,16.12,13.066,11.071,17.781,0
7.5655,0.1528,0.1528,0.1667,0.1976,0,0.0,0.0764,0.4585,1.1346,0.2269,0.3404,0.4,0.1278,0.0,0.0,0.4539,1.1346,,,,,,,,,,0,3OoYuJZbHGIKqxWL6PrjrKtSKHnZpnGYwh_y3GrnZoFO2PCFnthu3lPrTrRb3D_-oMrSTYx80BBuIg,BR1_3252533935,16.12,13.086,8.813,0.0,0
6.4633,0.3631,0.0726,0.0,0.1204,0,0.0,0.0,1.0893,6.8421,0.5031,0.3019,0.3,0.1195,2.0,0.2857,0.3019,1.0062,7.1756,0.3262,0.3262,0.2778,0.1749,2.0,0.0,0.5436,1.957,0,OjPlrZiZnXdvK2TnOKwArx2doidI3FV0Fi3voREndcA-GpYPOHb3wwJ7-mfU2gpXGmef8K73dEt6pw,BR1_3252591617,16.12,13.77,9.939,9.198,1
8.5863,0.3435,0.0,0.5,0.3118,1,0.0,0.4293,0.8586,4.0546,0.662,0.331,0.625,0.271,2.0,0.2308,0.8275,1.3239,4.1507,0.2185,0.2185,0.6,0.2197,0.0,0.1667,0.6554,1.0923,1,NtWIOYCWgE2-BzT6J8hrSVvKoMgbjk2I0ZUay-jN3MOAgjNCW8wEHj1lWfA5wXBzf_4HpDQVz0pU_w,BR1_3252489321,16.12,11.646,12.085,4.577,0
6.3535,0.4073,0.0815,0.25,0.1842,1,0.5,0.2444,0.9775,7.0734,0.6189,0.0884,0.2857,0.2021,1.0,0.2,0.3537,1.2378,3.7641,0.941,0.941,0.6667,0.0763,0.0,0.6667,1.8821,2.8231,0,M1nMhcOhs_EnRPrbCKSJ2Mv9OyanRSKCVJoLq9HIpa6C815FON_myx6YOgKRMhUFsJIR9kRyOx4iXQ,BR1_3252865890,16.12,12.277,11.31,1.063,1
5.0691,0.0,0.3218,0.4286,0.2702,3,0.0,0.4828,1.1265,6.4575,0.0,0.2654,0.25,0.168,0.0,0.0,0.3538,1.4153,5.4745,0.0,0.476,0.2857,0.1304,1.0,0.0,0.476,1.6661,0,f_sKjC_jT_uVFmw_P9yYuS3xiURzydAf5BgIWs_5loxMiVzq0UgK2PV2NWO_g-B73m9B6IW-kAAeQw,BR1_3252537877,16.12,12.428,11.305,8.403,1
5.6384,0.1465,0.3661,0.2222,0.1237,0,0.0,0.1465,0.659,7.1406,0.3526,0.1763,0.0,0.1333,0.0,0.1538,0.0,0.1763,12.7386,0.0,0.0,0.0,0.0652,0.0,0.5,0.0,0.9799,0,56GNxr7rUgCA3-MCUt5RYXiR0c9xBFXV-EQXn0EEGYH0Cjfe98Y4Ka2vC6HuHlWQtu2ZiMN-6lJFBg,BR1_3252673792,16.12,13.656,11.344,2.041,0
5.9286,0.2857,0.2143,0.4615,0.2513,1,0.0,0.4286,0.9286,5.6364,0.3636,0.2727,0.6667,0.1884,1.0,0.0909,0.5455,0.8182,2.9668,0.2697,0.5394,0.6667,0.2814,0.0,0.375,0.5394,0.8091,0,p3uZ7e7AgFmm_AttGTd3B013_84C_BAM3jvc6d2SHPPzrfEejuzx1X5p-wjwPupEllLl09QtAHresQ,BR1_3252398171,16.12,14.0,11.0,3.708,0
6.8149,0.3324,0.0,0.25,0.2632,1,0.0,0.1662,0.6649,,,,,,,,,,,,,,,,,,,0,m80GvtA5xoIu4hmN1V135z3R-gcMn82VUcEzCKplbHB_5JUXOrDZZfnwWRSDzhuxHYFxDpuC_lyalA,BR1_3251490006,16.12,6.016,0.0,0.0,1
7.4187,0.3124,0.1562,0.125,0.2242,0,0.0,0.0781,0.6247,8.3644,0.492,0.41,0.1111,0.112,0.0,0.1,0.082,0.738,11.0205,0.5207,0.1736,0.1364,0.0783,2.0,0.0,0.2603,1.9091,0,2ApDGMHfIkhn_kS37HwsX4XUN6K_OWEaWrZi-nDnmGyiVhP6_MqXe1tsNqyHxEy0Az6wE5d1H8XCSA,BR1_3252599070,16.12,12.805,12.195,11.524,1
6.7857,0.2857,0.1429,0.0,0.1428,0,0.0,0.0,0.7143,6.8182,0.3636,0.3636,0.6364,0.1573,0.0,0.0,1.2727,2.0,7.3776,0.2236,0.3353,0.6364,0.3096,1.0,0.0,0.7825,1.2296,0,Z2Q5SR4t5ek_GtKViZsd2BdzhlfhqwYXqkcNSbH1WAtsJCU5tKI6ezonLIQe_TZlFWkuU47v2ycqFQ,BR1_3252309366,16.12,14.0,11.0,8.946,0
5.8571,0.2857,0.0,0.4375,0.1799,2,0.25,0.5,1.1429,5.0,0.0909,0.0,0.52,0.2243,1.0,0.0,1.1818,2.2727,6.2507,0.0,0.0,0.5714,0.3058,0.0,0.2,2.5003,4.3755,1,QRv2xF9FO4Psf_TTWd7zgfx7Moke5nzYxQTv8ONMRa6UI36k3sWJUP3tirG0f32853Q4N79sVrGwvA,BR1_3252751155,16.12,14.0,11.0,1.6,1
7.1701,0.3019,0.1509,0.3636,0.163,1,0.0,0.3019,0.8302,8.8178,0.5039,0.126,0.1818,0.1282,1.0,0.1111,0.2519,1.3857,2.8805,0.0,0.24,0.5172,0.1471,1.0,0.1111,0.7201,1.3922,0,m80GvtA5xoIu4hmN1V135z3R-gcMn82VUcEzCKplbHB_5JUXOrDZZfnwWRSDzhuxHYFxDpuC_lyalA,BR1_3251474283,16.12,13.249,7.938,20.83,1
6.7857,0.2143,0.0714,0.3,0.1302,0,0.0,0.2143,0.7143,7.3636,0.2727,0.0909,0.7059,0.349,4.0,0.2,1.0909,1.5455,3.2296,0.0,0.3341,0.75,0.334,2.0,0.3333,1.0023,1.3364,0,nYfXRXhHDbcYuqPD-TAok8WIT1ZQH2gHQNLxjKMiHNiNZP5iGUYVLHKYRP4b5mMy2ep7BEXheuliAQ,BR1_3252602473,16.12,14.0,11.0,8.979,0
7.369,0.2377,0.2377,0.5455,0.2495,4,0.0,0.4754,0.8716,9.2896,0.4039,0.4039,0.35,0.3043,6.0,0.1667,0.5655,1.6156,5.0322,0.4575,0.1525,0.625,0.2852,1.0,0.1111,0.7625,1.2199,0,EdyMmwCyTGy1d5K6jPmSLvmZN9njLPE-IyhQ2ir5meuxe3MoIqZnx9jiw2bcVfFPTgjQBBU2Xx16ig,BR1_3252483434,16.12,12.62,12.38,6.558,0
5.6429,0.5714,0.0,1.0,0.4116,5,0.0,0.5714,0.5714,6.0,0.0909,0.1818,0.2778,0.1763,3.0,0.1111,0.4545,1.6364,6.115,0.0,0.0,0.25,0.13,0.0,0.2727,0.5436,2.1742,0,Bklpq3TNOH0qMzvqJ68Jz5HfxHClF1MHGHeQtHe6zgGfZ0aNz4cE4SMltZdRuWhYafULGQua4xP3kQ,BR1_3252722366,16.12,14.0,11.0,7.359,1
8.4135,0.4507,0.0751,0.25,0.1242,1,0.0,0.2254,0.9014,5.7324,0.5133,0.1711,0.6667,0.2868,0.0,0.0909,1.0267,1.54,10.5649,0.3987,0.0997,0.4667,0.1512,0.0,0.1333,0.6977,1.495,0,yJj0spii3Rjfs6sfG6js2wSMuL5Q1t9Pjk3eazyZNYEX5txsxBCBfp2DG7kybvXTrkpw3yZlBolUQg,BR1_3252231236,16.12,13.312,11.688,10.033,0
7.3217,0.3291,0.1645,0.1053,0.1595,1,0.0,0.1645,1.5631,4.6152,0.3692,0.2769,0.4583,0.2102,2.0,0.3333,1.0153,2.2153,9.8149,0.4461,0.0,0.1667,0.1494,0.0,0.0,0.4461,2.6768,0,7oS4kusLEb_nh06D2ZZNLtYw_BoM6fDya5202X0vsnu4BZXzR2WeYbnQYZ5Nwh4LI5wHJJFWNJgiLA,BR1_3252723484,16.12,12.156,10.834,2.241,1
8.7363,0.2361,0.1574,0.0625,0.1422,0,0.0,0.0787,1.2593,6.263,0.4067,0.3254,0.3,0.2348,2.0,0.0,0.488,1.6268,5.0251,0.0,0.5583,0.0,0.2175,0.0,0.5,0.0,1.675,0,5KdHm2xBCmdwakKhX8Q3NMQ3oMZR2YU0pjBQzh4nB5w9tcHsiO4R_lA_qTFQRhvPtiw5KXKUhessRg,BR1_3252828426,16.12,12.706,12.294,1.791,1
4.8509,0.3404,0.2553,0.4444,0.207,0,0.0,0.3404,0.7659,5.2988,0.0,0.1558,0.2857,0.1853,1.0,0.0769,0.6234,2.1819,4.7522,0.0,0.3587,0.25,0.1683,1.0,0.1538,0.269,1.076,0,ZTNFEFNGkR1yKax69GyKoAZ2QuhzGx59LfN7OzW4jzbWK3VVdyB4IoNR7MmNzM27xa91cK-pgia9Lw,BR1_3252805265,16.12,11.75,12.833,11.153,0
5.8384,0.1557,0.3892,0.25,0.2136,0,0.0,0.0778,0.3114,8.3101,0.3291,0.3291,0.5556,0.2038,1.0,0.2667,0.4114,0.7405,8.1974,0.5123,0.5123,0.5,0.2299,0.0,0.0,0.5123,1.0247,0,9rEmrenPzReiqkdf0Xmc41uNacC-zjkx-jfw6OlrKoWGhkg-L_KmlNdce5-o8xblCOKMN1WtO-HbqA,BR1_3252544324,16.12,12.846,12.154,1.952,0
8.4231,0.2905,0.0726,0.3333,0.1817,3,0.25,0.4357,1.307,11.756,0.2672,0.0891,0.5714,0.2339,1.0,0.0,0.3562,0.6234,2.9888,0.0,0.7472,1.0,0.3937,0.0,0.0,0.3736,0.3736,0,OWQ1sz9b8B7JqhDwX2rV8A0au_dRIC1_VBpYz8BWZ17v26kCHq0ySXIxzbRfyTx-5S5CxyV__dPu-Q,BR1_3251803242,16.12,13.772,11.228,2.677,0
6.2857,0.2143,0.1429,0.4444,0.2754,1,0.6,0.2857,0.6429,7.2727,0.2727,0.1818,0.6111,0.3494,1.0,0.1111,1.0,1.6364,4.5652,0.3804,0.3804,0.5,0.3371,0.0,0.3333,0.2536,0.5072,0,QcDd9G6KWcOkFj_y3u5A7WgYAQV1gJZvNF2X0We3QBL4jmVuNM2VpDRHK-nyV8d3BvYJSg_ARnQH5w,BR1_3252843252,16.12,14.0,11.0,7.886,0
6.7657,0.4666,0.1555,0.3889,0.2072,3,0.0,0.5444,1.3998,6.6149,0.4222,0.1407,0.4286,0.2909,2.0,0.0,0.8445,1.9704,,,,,,,,,,1,Bklpq3TNOH0qMzvqJ68Jz5HfxHClF1MHGHeQtHe6zgGfZ0aNz4cE4SMltZdRuWhYafULGQua4xP3kQ,BR1_3252294895,16.12,12.859,7.105,0.0,1
6.3203,0.3058,0.1019,0.375,0.1089,0,0.0,0.3058,0.8155,7.142,0.1428,0.3571,0.3846,0.1372,0.0,0.2,0.3571,0.9285,9.9354,0.0,0.3426,0.0,0.0741,0.0,0.1,0.0,0.0,0,66ZpwhlxOgiTXqp3DnkIGbXqdtSVXbdgtw5VoItGN000ZFUE_yxpqYQZyKbLm7MMndOkGBJkd5pV1w,BR1_3252684908,16.12,9.81,14.002,2.919,0
4.3533,0.4186,0.2512,0.2941,0.1962,3,0.25,0.4186,1.4232,4.7491,0.2298,0.3064,0.2105,0.1579,0.0,0.2,0.3064,1.4554,3.1887,0.1772,0.1772,0.8333,0.2286,0.0,0.7143,1.7715,2.1258,0,dyFux5MHjI3OiSTzl__0zvKcyZmkPSaU0xMqNLvbRM7HVpEyQELyHj3ZpWErdKJO8_ECi5QuOf2olQ,BR1_3276865155,16.17,11.945,13.055,5.645,1
7.7143,0.2857,0.0714,0.0,0.188,0,0.0,0.0,0.6429,7.0909,0.4545,0.1818,0.2222,0.1851,3.0,0.0,0.3636,1.6364,5.7765,0.4814,0.2407,0.4,0.2301,1.0,0.0,0.9628,2.4069,0,dyFux5MHjI3OiSTzl__0zvKcyZmkPSaU0xMqNLvbRM7HVpEyQELyHj3ZpWErdKJO8_ECi5QuOf2olQ,BR1_3276847414,16.17,14.0,11.0,4.155,1
6.8571,0.4286,0.0,0.4286,0.1645,0,0.5,0.4286,1.0,4.1564,0.3667,0.3667,0.4667,0.1676,0.0,0.0,0.8557,1.8337,2.7743,0.4783,0.3827,0.5714,0.1963,0.0,0.2667,0.7653,1.3393,0,Qfl1g9-c3KoEFhMxUsir6aDrl4z1m9ncXnARImJOE-_-AxFPuuZNA65u8HIXbQjk3LjoMZwMjV_H7A,BR1_3276604754,16.17,14.0,8.18,10.453,1
6.2857,0.2857,0.1429,0.2667,0.2341,2,0.0,0.2857,1.0714,5.7427,0.3745,0.3745,0.6667,0.2565,1.0,0.2222,0.4994,0.749,4.0301,0.0,0.0,0.5,0.2429,0.0,0.5,0.6717,1.3434,1,MwFgWuPFyE77_d4knsS07mqtfWEVQvPVK-2Kjo2nAHjnL6leyH5TLZLzGsXMvZnNHEPnG7v5M1YtsQ,BR1_3276023971,16.16,14.0,8.01,1.489,0
8.1267,0.3187,0.0797,0.25,0.3193,4,0.0,0.3187,1.2748,5.2113,0.3065,0.3065,0.4286,0.2347,2.0,0.2222,0.6131,1.4305,3.4337,0.1908,0.1908,0.4583,0.1624,2.0,0.1176,1.0492,2.2892,0,MwFgWuPFyE77_d4knsS07mqtfWEVQvPVK-2Kjo2nAHjnL6leyH5TLZLzGsXMvZnNHEPnG7v5M1YtsQ,BR1_3275979984,16.16,12.551,9.786,10.484,1
5.0714,0.3571,0.2143,0.2308,0.2674,0,0.0,0.2143,0.9286,6.8182,0.3636,0.0909,0.5,0.2814,0.0,0.0,0.6364,1.2727,5.4038,0.4579,0.5495,0.5455,0.2498,0.0,0.0833,0.5495,1.0075,0,fRLxgWyld3rrNERAbSPF0D8SO6vl-0Km_vkFegbNsx0fFjSeh5JFMt1H-iW1Zn71OQSxRCThURA7ag,BR1_3277241995,16.17,14.0,11.0,10.918,0
7.4286,0.5,0.1429,0.3333,0.2499,2,0.0,0.2143,0.6429,2.6364,0.3636,0.5455,0.5625,0.2478,1.0,0.3333,0.8182,1.4545,5.058,0.4895,0.3807,0.4688,0.1541,1.0,0.2917,0.8158,1.7404,0,fRLxgWyld3rrNERAbSPF0D8SO6vl-0Km_vkFegbNsx0fFjSeh5JFMt1H-iW1Zn71OQSxRCThURA7ag,BR1_3277232165,16.17,14.0,11.0,18.387,1
5.4026,0.3087,0.2315,0.0,0.2062,0,0.0,0.0,0.6174,7.0579,0.4152,0.2491,0.375,0.2012,0.0,0.0667,0.2491,0.6643,10.2973,0.6241,0.312,0.0,0.2668,0.0,0.3333,0.0,0.0,0,fRLxgWyld3rrNERAbSPF0D8SO6vl-0Km_vkFegbNsx0fFjSeh5JFMt1H-iW1Zn71OQSxRCThURA7ag,BR1_3277216691,16.17,12.957,12.043,3.205,0
5.8571,0.4286,0.1429,0.3,0.2347,0,0.0,0.2143,0.7143,9.502,0.5353,0.2677,0.3,0.2174,0.0,0.0,0.4015,1.3383,3.8072,0.5439,0.0,0.6364,0.3515,0.0,0.2727,1.2691,1.9942,0,fRLxgWyld3rrNERAbSPF0D8SO6vl-0Km_vkFegbNsx0fFjSeh5JFMt1H-iW1Zn71OQSxRCThURA7ag,BR1_3277200955,16.17,14.0,7.472,5.516,1
6.0378,0.6038,0.3019,0.3333,0.2436,0,0.0,0.3019,0.9057,6.9045,0.2656,0.3983,0.125,0.0907,0.0,0.2667,0.1328,1.0622,10.4634,0.532,0.266,0.0769,0.0896,0.0,0.2222,0.0887,1.1527,0,n2mO88sJ1luhYcg1tgz8q1_OIg6DVKrZRRW41CvVnMj_Y3tZaEuGbCGuh7YM9EhOUQ4DJXSvHz9Qwg,BR1_3277022273,16.17,9.937,15.063,11.277,0
7.5243,0.367,0.2753,0.0,0.1715,0,0.0,0.0,0.5506,8.391,0.3323,0.1662,0.3333,0.1992,0.0,0.0,0.1662,0.4985,6.2069,0.1379,0.2759,0.5625,0.1451,0.0,0.2308,1.2414,2.2069,0,mfLIomBKx5ghrwwtRbpHFztH6QbN6GYqR-8RBaBvnpTsmLKwez89hTTp87m39J0oZTpDhCGDREjTPQ,BR1_3274647679,16.16,10.898,12.037,7.25,1
5.9282,0.2505,0.334,0.2222,0.1978,1,0.0,0.167,0.7515,6.592,0.4944,0.412,0.5,0.2271,0.0,0.0909,0.6592,1.3184,,,,,,,,,,0,mfLIomBKx5ghrwwtRbpHFztH6QbN6GYqR-8RBaBvnpTsmLKwez89hTTp87m39J0oZTpDhCGDREjTPQ,BR1_3273071387,16.16,11.977,12.136,0.0,0
7.3571,0.2857,0.3571,0.0,0.1702,0,0.0,0.0,0.4286,7.0909,0.3636,0.1818,0.3,0.1303,0.0,0.1,0.2727,0.9091,8.4146,0.5194,0.1039,0.45,0.1356,0.0,0.2308,0.935,2.0777,0,mfLIomBKx5ghrwwtRbpHFztH6QbN6GYqR-8RBaBvnpTsmLKwez89hTTp87m39J0oZTpDhCGDREjTPQ,BR1_3273053516,16.16,14.0,11.0,9.626,1
9.3772,0.443,0.0738,0.3636,0.2392,1,0.0,0.2953,0.8122,8.9453,0.5262,0.3508,0.7,0.3922,0.0,0.1,0.6139,0.877,8.9697,0.4181,0.3041,0.4706,0.2403,2.0,0.0968,0.6081,1.2922,0,QcYSsqFOEIsgyq9e_sI4A-5F6qsIkWHofZqVKsN_Lgmg-OiyoeG_Kzdl_m8oxTCLlCknrK7aLDomhA,BR1_3276987635,16.17,13.544,11.403,26.311,0
8.2195,0.5191,0.0,0.4545,0.1988,4,0.0,0.4326,0.9517,11.5709,1.0164,0.1564,0.5294,0.3756,3.0,0.0909,0.7036,1.3291,8.0383,0.5131,0.3421,0.4545,0.2915,3.0,0.5556,0.8551,1.8813,1,QcYSsqFOEIsgyq9e_sI4A-5F6qsIkWHofZqVKsN_Lgmg-OiyoeG_Kzdl_m8oxTCLlCknrK7aLDomhA,BR1_3276923958,16.17,11.558,12.791,5.847,1
8.3884,0.5992,0.0,0.8182,0.2694,1,0.0,0.6741,0.8239,9.5493,0.3331,0.2221,0.8,0.3734,1.0,0.1111,0.8883,1.1104,6.0432,0.3249,0.3249,0.75,0.4028,3.0,0.1053,0.9747,1.2996,1,QcYSsqFOEIsgyq9e_sI4A-5F6qsIkWHofZqVKsN_Lgmg-OiyoeG_Kzdl_m8oxTCLlCknrK7aLDomhA,BR1_3275702081,16.16,13.352,9.006,15.389,1
8.4286,0.4286,0.0714,0.1818,0.2041,1,0.0,0.1429,0.7857,9.4545,0.4545,0.1818,0.8889,0.3338,2.0,0.1667,0.7273,0.8182,6.851,0.3187,0.1593,0.6667,0.5015,2.0,0.0,0.956,1.4339,0,QcYSsqFOEIsgyq9e_sI4A-5F6qsIkWHofZqVKsN_Lgmg-OiyoeG_Kzdl_m8oxTCLlCknrK7aLDomhA,BR1_3275319779,16.16,14.0,11.0,6.276,0
5.4286,0.3571,0.2857,0.2308,0.1377,0,0.0,0.2143,0.9286,3.619,0.4524,0.3393,0.6429,0.2178,0.0,0.2222,1.0178,1.5833,4.2967,0.0,0.4297,0.0,0.2223,0.0,0.375,0.0,0.4297,0,dNSAzzaVDR1Gwd5wBqGkJ8R9-nSFL15uyP3d4KuefZBtoxOMR7F047-1o5cNM8ECSr2f9Ipq4vJzXA,BR1_3276874370,16.17,14.0,8.842,2.327,0
6.2563,0.1762,0.1762,0.25,0.2606,2,0.0,0.1762,0.7049,6.5927,0.4395,0.1465,0.5833,0.43,2.0,0.2222,0.5128,0.879,3.8395,0.144,0.288,0.5333,0.2954,0.0,0.1304,0.384,0.7199,0,dNSAzzaVDR1Gwd5wBqGkJ8R9-nSFL15uyP3d4KuefZBtoxOMR7F047-1o5cNM8ECSr2f9Ipq4vJzXA,BR1_3276485371,16.17,11.349,13.651,20.836,0
4.7102,0.4618,0.2771,0.0,0.3258,0,0.0,0.0,0.3694,8.2349,0.4525,0.181,0.35,0.3093,1.0,0.3333,0.6335,1.8099,6.2844,0.3786,0.3786,0.5238,0.2745,1.0,0.1765,0.8329,1.59,0,dNSAzzaVDR1Gwd5wBqGkJ8R9-nSFL15uyP3d4KuefZBtoxOMR7F047-1o5cNM8ECSr2f9Ipq4vJzXA,BR1_3276127064,16.16,10.828,11.051,13.207,0
5.972,0.1572,0.4715,0.4,0.3147,2,0.0,0.1572,0.3929,3.2035,0.2563,0.6407,0.2857,0.2021,0.0,0.125,0.2563,0.897,12.612,0.0,1.5765,0.5,0.4711,0.0,0.0,1.5765,3.153,0,BTzo0vKiL5CrbKa2SUtsFmwND6JjC9Gc81upIXPerIHAAfD3M8w4bAp1hBvTmuk-FlmrHo409kXc8g,BR1_3275515894,16.16,12.726,7.804,0.634,0
5.73,0.2149,0.3581,0.1429,0.247,0,0.0,0.0716,0.5014,5.1638,0.453,0.5436,0.75,0.3013,5.0,0.0,1.0871,1.4495,5.5447,0.478,0.3824,0.3077,0.23,2.0,0.0,0.3824,1.2428,0,BTzo0vKiL5CrbKa2SUtsFmwND6JjC9Gc81upIXPerIHAAfD3M8w4bAp1hBvTmuk-FlmrHo409kXc8g,BR1_3275500046,16.16,13.962,11.038,10.46,0
6.5714,0.2857,0.1429,0.3846,0.2853,0,0.2,0.3571,0.9286,7.1818,0.3636,0.0909,0.4211,0.1884,2.0,0.0,0.7273,1.7273,5.2927,0.4234,0.0,0.7143,0.2775,0.0,0.5,1.0585,1.482,0,BTzo0vKiL5CrbKa2SUtsFmwND6JjC9Gc81upIXPerIHAAfD3M8w4bAp1hBvTmuk-FlmrHo409kXc8g,BR1_3275475706,16.16,14.0,11.0,4.723,1
7.3981,0.4878,0.3252,0.3571,0.2865,0,0.0,0.4065,1.1382,5.8221,0.3756,0.2817,0.3684,0.1881,0.0,0.2727,0.6573,1.7842,6.7961,0.577,0.3847,0.3462,0.1573,1.0,0.0667,0.577,1.667,0,uqta1FDxxaYBPjciJs3K0Mp1gbaZRtB0DPYVwUYWkJbN0FuZ9QIBfTclNCRWBuIdf3qKRKSB2ZGrNw,BR1_3277265450,16.17,12.3,10.649,15.597,1
8.6626,0.3269,0.0817,0.2667,0.1197,0,0.0,0.3269,1.2258,8.3606,0.4778,0.1194,0.6,0.1601,0.0,0.1818,1.0749,1.7916,,,,,,,,,,0,uqta1FDxxaYBPjciJs3K0Mp1gbaZRtB0DPYVwUYWkJbN0FuZ9QIBfTclNCRWBuIdf3qKRKSB2ZGrNw,BR1_3277256924,16.17,12.236,8.373,0.0,1
8.0181,0.4859,0.324,0.2857,0.2852,0,0.0,0.162,0.5669,6.1222,0.3549,0.6211,0.4,0.2148,1.0,0.1667,0.3549,0.8873,7.9998,0.448,0.256,0.76,0.3057,0.0,0.15,1.216,1.6,0,uqta1FDxxaYBPjciJs3K0Mp1gbaZRtB0DPYVwUYWkJbN0FuZ9QIBfTclNCRWBuIdf3qKRKSB2ZGrNw,BR1_3277252967,16.17,12.347,11.271,15.625,1
6.7143,0.3571,0.2143,0.1429,0.1769,0,0.0,0.0714,0.5,11.0909,0.3636,0.0909,0.2667,0.1959,2.0,0.1111,0.3636,1.3636,6.8641,0.528,0.352,0.3571,0.1964,1.0,0.1818,0.88,2.464,1,uqta1FDxxaYBPjciJs3K0Mp1gbaZRtB0DPYVwUYWkJbN0FuZ9QIBfTclNCRWBuIdf3qKRKSB2ZGrNw,BR1_3277252232,16.17,14.0,11.0,5.682,1
6.7127,0.2549,0.1699,0.1667,0.0754,0,0.0,0.085,0.5098,6.1975,0.4535,0.2267,0.3529,0.1232,0.0,0.2727,0.4535,1.2848,5.0058,0.8191,0.182,0.5333,0.1922,0.0,0.1667,0.7281,1.3652,0,w7FAZbVEURGORDupAcoeRc-HlA9NGZxbC6kNnDAAJ7cEm-v_0NQtMEvbSmXL_TXe5VAWPbRJQAifNQ,BR1_3272153552,16.16,11.769,13.231,10.987,0
7.4286,0.2143,0.1429,0.1,0.2687,0,0.0,0.0714,0.7143,6.9091,0.4545,0.4545,0.3125,0.3141,3.0,0.1,0.4545,1.4545,6.1603,0.3271,0.3816,0.381,0.18,3.0,0.0,0.4361,1.1448,0,RP4R0zdbPew0EiPbVHjEYRcc3Ut6HKbbMGwFCretTazZ2yXzyweZcgJKTSTt8-ME-jefp2mhKTFODw,BR1_3277290221,16.17,14.0,11.0,18.343,0
6.5,0.2143,0.2857,0.4615,0.3111,2,0.0,0.4286,0.9286,11.0909,0.3636,0.1818,0.6,0.4181,7.0,0.4,0.8182,1.3636,10.544,0.4393,0.0549,0.5,0.3234,5.0,0.3333,0.9336,1.8672,1,RP4R0zdbPew0EiPbVHjEYRcc3Ut6HKbbMGwFCretTazZ2yXzyweZcgJKTSTt8-ME-jefp2mhKTFODw,BR1_3277277988,16.17,14.0,11.0,18.209,1
6.6429,0.3571,0.2143,0.5,0.1924,0,0.0,0.2857,0.5714,6.0,0.3636,0.1818,0.3571,0.1458,1.0,0.0,0.4545,1.2727,3.9427,0.0,0.1834,0.55,0.1493,0.0,0.0,1.0086,1.8338,0,X8Bry9Vlq2Dw9IZrP5UMlxe4CuJMoFXWdpUU_6fIFabUpwsM5BHugb0G0xjRn5KwoWXwAxeV7ujv7Q,BR1_3277164090,16.17,14.0,11.0,10.906,1
5.2143,0.3571,0.1429,0.5,0.2275,1,0.0,0.7143,1.4286,4.9831,0.575,0.0958,0.5263,0.2338,1.0,0.1538,0.9583,1.8207,3.5407,0.1686,0.3372,0.75,0.2046,0.0,0.3636,0.5058,0.6744,0,X8Bry9Vlq2Dw9IZrP5UMlxe4CuJMoFXWdpUU_6fIFabUpwsM5BHugb0G0xjRn5KwoWXwAxeV7ujv7Q,BR1_3277138712,16.17,14.0,10.435,5.931,0
9.4286,0.2143,0.0,0.1429,0.1302,1,0.0,0.1429,1.0,7.2519,0.4649,0.0,0.4167,0.1787,0.0,0.25,0.9297,2.2314,,,,,,,,,,0,X8Bry9Vlq2Dw9IZrP5UMlxe4CuJMoFXWdpUU_6fIFabUpwsM5BHugb0G0xjRn5KwoWXwAxeV7ujv7Q,BR1_3277123296,16.17,14.0,10.756,0.0,1
6.5714,0.2857,0.0,0.2857,0.224,1,0.2,0.2857,1.0,5.6364,0.5455,0.1818,0.5652,0.2449,0.0,0.1538,1.1818,2.0909,5.6818,0.0,0.5411,0.625,0.3223,0.0,0.0,1.3528,2.1645,0,X8Bry9Vlq2Dw9IZrP5UMlxe4CuJMoFXWdpUU_6fIFabUpwsM5BHugb0G0xjRn5KwoWXwAxeV7ujv7Q,BR1_3277086173,16.17,14.0,11.0,3.696,1
6.5793,0.4112,0.1645,0.5385,0.3341,2,0.0,0.5757,1.0691,6.3922,0.4205,0.3364,0.5714,0.3034,2.0,0.1538,1.0093,1.7663,6.8666,0.4478,0.4478,0.6,0.4567,3.0,0.1,0.6717,1.1195,0,_68WGpBGd9Zmf3G4HmiJ3h1KwhfGOZ8BayWK-wXOPuExXWvAkfJPfMj4cY0r5C3V9tFlg-MgHNm1LA,BR1_3276756833,16.17,12.159,11.889,13.398,0
6.9187,0.374,0.0935,0.0909,0.1495,1,0.25,0.0935,1.0285,8.6795,0.496,0.0827,0.2,0.102,1.0,0.25,0.3306,1.6532,8.7114,0.6038,0.1725,0.1667,0.1388,3.0,0.2667,0.2588,1.5525,0,_68WGpBGd9Zmf3G4HmiJ3h1KwhfGOZ8BayWK-wXOPuExXWvAkfJPfMj4cY0r5C3V9tFlg-MgHNm1LA,BR1_3276580238,16.17,10.696,12.097,11.594,1
4.2143,0.2857,0.2143,0.0,0.1212,0,0.0,0.0,0.6429,7.8182,0.3636,0.1818,0.1333,0.1031,0.0,0.1,0.1818,1.3636,6.4217,0.672,0.3734,0.4,0.1538,1.0,0.1667,0.448,1.1201,0,_68WGpBGd9Zmf3G4HmiJ3h1KwhfGOZ8BayWK-wXOPuExXWvAkfJPfMj4cY0r5C3V9tFlg-MgHNm1LA,BR1_3276491177,16.17,14.0,11.0,13.392,0
6.4314,0.5627,0.2412,0.1667,0.2729,1,0.75,0.0804,0.4824,6.3673,0.5714,0.3265,0.2,0.1558,3.0,0.0909,0.3265,1.6326,8.0914,0.9582,0.4259,0.625,0.31,0.0,0.0,0.5323,0.8517,0,_68WGpBGd9Zmf3G4HmiJ3h1KwhfGOZ8BayWK-wXOPuExXWvAkfJPfMj4cY0r5C3V9tFlg-MgHNm1LA,BR1_3276473222,16.17,12.439,12.25,9.393,0
8.0271,0.0,0.0979,0.2857,0.2212,1,0.0,0.1958,0.6852,8.2031,0.0,0.2797,0.5625,0.2563,2.0,0.1111,0.839,1.4915,9.1109,0.1769,0.2654,0.45,0.2264,0.0,0.0,0.7961,1.7691,1,HpWra3WY_OydNUffIOsjyVOkot6II7N3hcYOj6m9P2sqhkkmHLSLD52mURq8gvNXIkKC5Hdf9agB7g,BR1_3276591977,16.17,10.215,10.728,11.305,0
6.6551,0.2925,0.0731,0.2308,0.1681,0,0.0,0.2194,0.9507,8.3876,0.4415,0.1766,0.3333,0.159,0.0,0.2222,0.2649,0.7946,3.4489,0.0,0.363,0.5,0.1115,0.0,0.5,0.363,0.7261,0,CxaY0prW096YHp4r7FBBQj8pJhdPYnTRoA_gtuC9MKjnYgaAWBtEbsURx1HZVM2L-0_cmygXtv-9jg,BR1_3276781319,16.17,13.674,11.326,5.509,0
6.2857,0.5,0.0714,0.4545,0.2272,0,0.25,0.3571,0.7857,4.2694,0.4744,0.3795,0.625,0.2461,0.0,0.25,0.4744,0.759,7.7709,0.4037,0.2018,0.5556,0.2024,0.0,0.0,0.5046,0.9083,0,CxaY0prW096YHp4r7FBBQj8pJhdPYnTRoA_gtuC9MKjnYgaAWBtEbsURx1HZVM2L-0_cmygXtv-9jg,BR1_3276758818,16.17,14.0,10.54,9.909,0
6.8945,0.3099,0.0,0.3077,0.2174,2,0.0,0.3099,1.0071,11.5936,0.6102,0.0,0.2727,0.139,0.0,0.1,0.6102,2.2374,5.4529,0.6059,0.202,0.7368,0.3263,1.0,0.1765,1.4137,1.9186,0,CxaY0prW096YHp4r7FBBQj8pJhdPYnTRoA_gtuC9MKjnYgaAWBtEbsURx1HZVM2L-0_cmygXtv-9jg,BR1_3276403064,16.17,12.909,9.833,9.903,1
6.0714,0.5,0.1429,0.4667,0.236,1,0.0,0.5,1.0714,6.9525,0.6621,0.1104,0.7273,0.2943,1.0,0.2,0.8829,1.2139,3.9999,0.4179,0.1791,0.4091,0.2045,1.0,0.1429,0.5373,1.3134,1,CxaY0prW096YHp4r7FBBQj8pJhdPYnTRoA_gtuC9MKjnYgaAWBtEbsURx1HZVM2L-0_cmygXtv-9jg,BR1_3276377861,16.17,14.0,9.061,16.751,1
5.2857,0.3571,0.3571,0.4286,0.2613,3,0.2,0.4286,1.0,7.4545,0.1818,0.1818,0.6154,0.2885,0.0,0.1,0.7273,1.1818,6.2089,0.0,0.27,0.375,0.2481,0.0,0.0909,0.4049,1.0798,0,acD5w0g3E4xtOWgXxOyFUipBo3-8C9AwrNtby3ygAWLBe2pyVl94ZH7Z0eG654pWfnsw-4F4AItwYg,BR1_3276938113,16.17,14.0,11.0,7.409,0
7.8442,1.3211,0.1651,0.0769,0.143,0,0.0,0.0826,1.0734,8.2435,1.7728,0.0886,0.1111,0.1235,0.0,0.0,0.1773,1.5955,2.7361,3.1269,0.3909,0.2857,0.088,0.0,0.4444,0.7817,2.7361,0,acD5w0g3E4xtOWgXxOyFUipBo3-8C9AwrNtby3ygAWLBe2pyVl94ZH7Z0eG654pWfnsw-4F4AItwYg,BR1_3276879295,16.17,12.111,11.282,2.558,1
6.4451,0.2998,0.1499,0.5833,0.3345,4,0.0,0.5246,0.8993,9.2652,0.4289,0.0858,0.5333,0.3296,3.0,0.0,0.6863,1.2868,6.6809,0.0,0.2227,0.5,0.2332,1.0,0.1,0.6681,1.3362,0,acD5w0g3E4xtOWgXxOyFUipBo3-8C9AwrNtby3ygAWLBe2pyVl94ZH7Z0eG654pWfnsw-4F4AItwYg,BR1_3275946205,16.16,13.344,11.656,8.981,1
6.2857,0.3571,0.0714,0.2222,0.18,0,0.25,0.1429,0.6429,7.4545,0.3636,0.0,0.5,0.1977,0.0,0.0,0.5455,1.0909,5.5664,0.5301,0.2651,0.3889,0.1936,0.0,0.0909,0.6185,1.5904,0,Iomew9bMYVVRGIlfhqUjUylCpi5YzccpsVWH6_PsjVDT-1t5mxirBvhgXDHRT1pcetdvqUGh6dhlAg,BR1_3277180877,16.17,14.0,11.0,11.318,1
6.6939,0.3825,0.0956,0.25,0.1894,1,0.0,0.0956,0.3825,7.46,0.609,0.2284,0.3571,0.305,0.0,0.1538,0.3806,1.0657,3.3876,0.4839,0.6453,0.3636,0.2301,0.0,0.1818,0.6453,1.7745,0,hUdjiQa0ubjmeMOzD4bIzm29fvMPD2jQ8odWSjzV3U2KycKNPH7B5CnSaG3QsDA8cB7rQPU9fvdBqQ,BR1_3277027785,16.17,10.457,13.137,6.199,0
2.6429,0.5714,0.3571,0.2,0.208,1,0.0,0.1429,0.7143,6.0311,0.7539,0.3769,0.2,0.1229,0.0,0.0,0.1256,0.6282,7.4423,0.4801,0.4801,1.0,0.2271,0.0,0.0,0.4801,0.4801,1,hUdjiQa0ubjmeMOzD4bIzm29fvMPD2jQ8odWSjzV3U2KycKNPH7B5CnSaG3QsDA8cB7rQPU9fvdBqQ,BR1_3276662004,16.17,14.0,7.959,4.165,0
6.0841,0.4056,0.2028,0.0909,0.1732,0,0.0,0.1014,1.1154,6.6127,0.6613,0.1653,0.1818,0.1114,0.0,0.25,0.1653,0.9092,4.785,0.33,0.33,0.2727,0.2469,0.0,0.0,0.495,1.815,0,hn4gfgqnEc21QfiLy-UGmDJTxUARnsXZJEXE2I7vatCoWVPQ4wf1q4nU4Vzlk-Mi4gCdRp7CEwIPGA,BR1_3274101244,16.16,9.862,12.098,6.061,1
6.2599,0.1508,0.3771,0.4286,0.281,0,0.0,0.4525,1.0559,5.3658,0.3407,0.4259,0.4737,0.2549,2.0,0.0,0.7665,1.6182,6.899,0.276,0.4139,0.5,0.2876,0.0,0.0,0.4139,0.8279,0,dz1WVEUGjX8XRbtuLS711eH073r9wL-xUZwugCJ7TjvtftdXBaSu17mnNJNLqzMTsEPLO9ec0YaaJw,BR1_3276860466,16.17,13.259,11.741,7.247,0
5.5143,0.2177,0.2902,0.2308,0.2366,1,0.0,0.2177,0.9432,6.9533,0.4457,0.4457,0.3333,0.2434,1.0,0.0769,0.4457,1.3372,10.6456,0.0,0.4436,0.3333,0.2166,0.0,0.5,0.4436,1.3307,0,dz1WVEUGjX8XRbtuLS711eH073r9wL-xUZwugCJ7TjvtftdXBaSu17mnNJNLqzMTsEPLO9ec0YaaJw,BR1_3276849457,16.17,13.782,11.218,2.254,0
7.8512,0.2287,0.0762,0.5,0.3598,2,0.0,0.5336,1.0671,7.8277,0.4208,0.0842,0.5789,0.2868,1.0,0.0,0.9259,1.5992,3.4146,0.2696,0.2696,0.5,0.2101,0.0,0.1538,0.8087,1.6174,0,dz1WVEUGjX8XRbtuLS711eH073r9wL-xUZwugCJ7TjvtftdXBaSu17mnNJNLqzMTsEPLO9ec0YaaJw,BR1_3276826874,16.17,13.119,11.881,11.129,1
7.8186,0.295,0.0,0.2083,0.1703,1,0.2,0.3688,1.7703,11.1613,0.3562,0.0,0.1176,0.0868,1.0,0.2,0.2375,2.0185,6.7555,0.4358,0.4358,0.1818,0.2071,2.0,0.0,0.4358,2.3971,0,EkvR5asKpez22uf2uFb7OVlK48pMqBSsiYDt_kNAXclo68jnCleN4eUu10s5w0PbjkAdL5IOIdIJHA,BR1_3277227508,16.17,13.557,8.422,4.589,1
7.8571,0.1429,0.2143,0.1667,0.1838,1,0.0,0.0714,0.4286,9.7533,0.1912,0.2869,0.6364,0.3349,1.0,0.1,0.6693,1.0518,,,,,,,,,,0,EkvR5asKpez22uf2uFb7OVlK48pMqBSsiYDt_kNAXclo68jnCleN4eUu10s5w0PbjkAdL5IOIdIJHA,BR1_3277210928,16.17,14.0,10.458,0.0,0
6.3259,0.2286,0.1524,0.3333,0.3299,2,0.25,0.1524,0.4573,4.4615,0.5051,0.4209,0.0,0.3985,0.0,0.3333,0.0,0.2525,1.823,0.1302,0.1302,0.0,0.0079,0.0,0.0,0.0,0.5209,0,bXaBd9avzZj3qGhGiGCBusF4vd9_tK1IuAU7JRFZ6wS_Tpxfl1NsiAjMw_anKgVOfP0VeO1EcazKNw,BR1_3277251103,16.17,13.121,11.879,7.68,0
7.4286,0.2857,0.0714,0.5714,0.3921,0,0.0,0.2857,0.5,8.9091,0.3636,0.3636,0.3158,0.1909,1.0,0.1538,0.5455,1.7273,9.4414,0.4532,0.3777,0.4,0.2927,2.0,0.1667,0.4532,1.133,0,bXaBd9avzZj3qGhGiGCBusF4vd9_tK1IuAU7JRFZ6wS_Tpxfl1NsiAjMw_anKgVOfP0VeO1EcazKNw,BR1_3276195027,16.16,14.0,11.0,13.239,0
5.3571,0.2857,0.4286,0.3529,0.3292,2,0.0,0.4286,1.2143,9.1818,0.4545,0.1818,0.2609,0.1696,0.0,0.2727,0.5455,2.0909,7.4516,0.9936,0.0,1.0,0.2531,0.0,0.0,2.4839,2.4839,0,bXaBd9avzZj3qGhGiGCBusF4vd9_tK1IuAU7JRFZ6wS_Tpxfl1NsiAjMw_anKgVOfP0VeO1EcazKNw,BR1_3276183584,16.16,14.0,11.0,2.013,1
8.0709,0.4656,0.0776,0.3158,0.2204,0,0.0,0.4656,1.4745,9.1351,0.519,0.2076,0.4,0.2834,3.0,0.5,0.4152,1.0381,5.1524,0.3123,0.3903,0.5556,0.3504,1.0,0.3529,0.7807,1.4052,0,kl_opXgdizCdYzEWJJcOtKOnGdXkFB63VZrzSi1QRPa8czVYHbGmcEyWuhWbO2TBzUB_4RtAZEwt_w,BR1_3277216793,16.17,12.886,9.633,12.81,0
4.8317,0.3451,0.3451,0.2,0.196,1,0.0,0.0863,0.4314,5.8372,0.7429,0.4245,0.8571,0.1512,0.0,0.4444,0.6368,0.7429,0.9558,0.4779,0.9558,1.0,0.3588,0.0,0.1111,1.4337,1.4337,0,kl_opXgdizCdYzEWJJcOtKOnGdXkFB63VZrzSi1QRPa8czVYHbGmcEyWuhWbO2TBzUB_4RtAZEwt_w,BR1_3277208201,16.17,11.59,9.422,2.093,0
6.7059,0.6464,0.1616,0.3333,0.2127,0,0.0,0.3232,0.9695,5.4663,0.1584,0.2377,0.5238,0.2207,0.0,0.0,0.8714,1.6636,1.677,0.2396,0.3993,0.6,0.1405,0.0,0.0833,0.7187,1.1979,0,kl_opXgdizCdYzEWJJcOtKOnGdXkFB63VZrzSi1QRPa8czVYHbGmcEyWuhWbO2TBzUB_4RtAZEwt_w,BR1_3276781343,16.17,12.377,12.623,12.522,0
7.0,0.5,0.1429,0.3333,0.2122,2,0.0,0.2857,0.8571,6.1818,0.1818,0.0909,0.6087,0.202,0.0,0.1111,1.2727,2.0909,6.8068,0.0,0.0,0.125,0.1592,1.0,0.0,0.2836,2.2689,0,kl_opXgdizCdYzEWJJcOtKOnGdXkFB63VZrzSi1QRPa8czVYHbGmcEyWuhWbO2TBzUB_4RtAZEwt_w,BR1_3276764159,16.17,14.0,11.0,3.526,1
5.2143,0.3571,0.1429,0.3333,0.2208,0,0.0,0.1429,0.4286,5.1818,0.3636,0.4545,0.4615,0.2621,0.0,0.0,0.5455,1.1818,5.0872,0.3115,0.2076,0.7778,0.3165,0.0,0.1,0.7267,0.9344,0,mr6lx77ek96CqIpbDnNgew2SMHJx7Lk3xBl-JBvR3MiSSunW6GeIUpuxTVQoSU9khjkKjcduZroaSA,BR1_3277151045,16.17,14.0,11.0,9.632,0
4.8979,0.3655,0.1462,0.25,0.2052,1,0.25,0.2924,1.1696,2.5738,0.495,0.099,0.9231,0.1961,0.0,0.2222,1.1879,1.2869,1.8824,0.2689,0.2689,0.6,0.1538,0.0,0.0909,0.8068,1.3446,0,mr6lx77ek96CqIpbDnNgew2SMHJx7Lk3xBl-JBvR3MiSSunW6GeIUpuxTVQoSU9khjkKjcduZroaSA,BR1_3277107896,16.17,13.679,10.102,11.156,0
6.0714,0.2857,0.0714,0.2,0.1445,1,0.0,0.1429,0.7143,3.5998,0.3857,0.2571,0.5714,0.2325,0.0,0.1667,0.5143,0.9,2.4983,0.4252,0.2126,0.5556,0.178,0.0,0.2353,0.5316,0.9568,0,mr6lx77ek96CqIpbDnNgew2SMHJx7Lk3xBl-JBvR3MiSSunW6GeIUpuxTVQoSU9khjkKjcduZroaSA,BR1_3276453097,16.17,14.0,7.778,18.813,0
5.0,0.3571,0.1429,0.4706,0.1789,0,0.2,0.5714,1.2143,2.9796,0.3845,0.1922,0.5455,0.0768,0.0,0.1,0.5767,1.0573,0.0,0.0,0.0,0.0,,0.0,0.0,0.0,0.0,0,mr6lx77ek96CqIpbDnNgew2SMHJx7Lk3xBl-JBvR3MiSSunW6GeIUpuxTVQoSU9khjkKjcduZroaSA,BR1_3276437201,16.17,14.0,10.404,0.253,1
7.5018,0.0834,0.0,0.2,0.2006,1,0.0,0.1667,0.8335,4.3067,0.1538,0.4614,0.3333,0.1707,0.0,0.2727,0.3845,1.1536,3.4881,0.0,0.6342,0.5,0.1846,0.0,0.375,0.9513,1.9026,0,Abqw9EBN4_yvphzGIVFqeZ-aVf9C6ypJJsOHAl0s8i9ndoWV-WeU1ebEPuy7TZq1N5ozuoflM5vWCQ,BR1_3277243171,16.17,11.997,13.003,3.154,0
7.0495,0.0,0.2431,0.25,0.185,1,0.0,0.1621,0.6482,7.0315,0.2009,0.3014,0.75,0.3678,3.0,0.0667,0.6027,0.8036,,,,,,,,,,0,Abqw9EBN4_yvphzGIVFqeZ-aVf9C6ypJJsOHAl0s8i9ndoWV-WeU1ebEPuy7TZq1N5ozuoflM5vWCQ,BR1_3277212758,16.17,12.341,9.955,0.0,0
8.3571,0.2143,0.0,0.5,0.2066,2,0.0,0.3571,0.7143,7.1818,0.3636,0.3636,0.6667,0.4411,2.0,0.1818,0.5455,0.8182,7.1418,0.1058,0.2116,0.6429,0.2915,1.0,0.12,0.9522,1.4813,0,Abqw9EBN4_yvphzGIVFqeZ-aVf9C6ypJJsOHAl0s8i9ndoWV-WeU1ebEPuy7TZq1N5ozuoflM5vWCQ,BR1_3277193211,16.17,14.0,11.0,18.903,1
7.0082,0.2167,0.3612,0.1875,0.1828,3,0.0,0.2167,1.156,9.7679,0.2688,0.3585,0.3889,0.2423,4.0,0.1818,0.6273,1.6131,6.5951,0.5819,0.3879,0.4286,0.2342,2.0,0.1818,0.5819,1.3578,0,dpDxfyU94IMgPxX_FcsBvIomEGJWDM0l-6r33mondQA7FI_eBAFIipGKxOkiy1FqixjR-pDnc6NpQg,BR1_3277247505,16.17,13.841,11.159,5.155,0
5.3997,0.4378,0.2919,0.75,0.2854,3,0.0,0.6567,0.8756,5.7386,0.5626,0.3376,0.5,0.266,1.0,0.1,1.0127,2.0254,8.4486,0.8449,0.0,0.75,0.2784,0.0,0.0,1.2673,1.6897,1,pybLlDAYA1YfCVcOKhtxgjgl3szLD0fr2nvt-jK7xB2V6_kanhyaZ5wU28J841396G1KpFds0dlFUA,BR1_3277133235,16.17,13.705,8.887,2.367,1
5.6429,0.4286,0.2857,0.4286,0.2533,3,0.0,0.6429,1.5,6.9553,0.3537,0.1179,0.3889,0.2477,2.0,0.1,0.8252,2.122,,,,,,,,,,0,pybLlDAYA1YfCVcOKhtxgjgl3szLD0fr2nvt-jK7xB2V6_kanhyaZ5wU28J841396G1KpFds0dlFUA,BR1_3276978167,16.17,14.0,8.483,0.0,1
5.6677,0.3435,0.2576,0.4,0.2056,0,0.0,0.3435,0.8587,3.7923,0.3227,0.2421,0.2667,0.1401,1.0,0.1667,0.3227,1.2103,3.8541,0.0,0.2876,0.4615,0.2057,0.0,0.0588,0.6903,1.4956,0,A873wDnEdVo8rsvDMMppNibt0hGdU8aODNGQnxlAgY8H5glUuOdTaAH7HbqOBn4QySE8Y2yj5Xn-Kg,BR1_3277212101,16.17,11.645,12.394,17.384,0
6.5873,0.3335,0.0834,0.4,0.3202,1,0.25,0.3335,0.8338,3.3122,0.523,0.1743,0.4211,0.2299,1.0,0.1,0.6973,1.6561,5.634,0.4252,0.2126,0.4,0.1601,0.0,0.2857,0.8504,2.126,0,A873wDnEdVo8rsvDMMppNibt0hGdU8aODNGQnxlAgY8H5glUuOdTaAH7HbqOBn4QySE8Y2yj5Xn-Kg,BR1_3277188945,16.17,11.993,11.473,9.407,1
8.5448,0.1762,0.1762,0.3333,0.1741,0,0.0,0.1762,0.5285,6.7678,0.6768,0.3384,0.4375,0.2448,0.0,0.2143,0.5922,1.3536,4.7314,0.0,0.5914,0.5,0.2786,0.0,0.0,0.5914,1.1829,0,ZRNn7O2FTYp_NCRPQWDFTWjvp4r6TQSTsYfJyDHQe6yaXeIqGaXXI1RfwwBmW9pujssz5pwiLi3E4g,BR1_3276831043,16.17,11.352,11.821,1.691,0
7.9529,0.2362,0.1575,0.2857,0.1772,0,0.0,0.1575,0.5512,6.5396,0.4954,0.2973,0.375,0.2151,1.0,0.1818,0.5945,1.5854,4.2333,0.3024,0.3024,0.0,0.1897,0.0,0.0,0.0,0.9071,0,ZRNn7O2FTYp_NCRPQWDFTWjvp4r6TQSTsYfJyDHQe6yaXeIqGaXXI1RfwwBmW9pujssz5pwiLi3E4g,BR1_3276638568,16.17,12.7,10.092,3.307,0
8.0211,0.2865,0.0,0.0,0.1913,0,0.0,0.0,0.4774,,,,,,,,,,,,,,,,,,,0,ZRNn7O2FTYp_NCRPQWDFTWjvp4r6TQSTsYfJyDHQe6yaXeIqGaXXI1RfwwBmW9pujssz5pwiLi3E4g,BR1_3276513065,16.17,10.472,0.0,0.0,1
6.6429,0.4286,0.2857,0.0,0.144,0,0.0,0.0,0.5,7.3636,0.5455,0.1818,0.625,0.2195,0.0,0.1538,0.4545,0.7273,6.5766,0.5769,0.2308,0.7,0.2841,1.0,0.0,0.8077,1.1538,0,ZRNn7O2FTYp_NCRPQWDFTWjvp4r6TQSTsYfJyDHQe6yaXeIqGaXXI1RfwwBmW9pujssz5pwiLi3E4g,BR1_3276193875,16.16,14.0,11.0,8.667,0
5.1429,0.2143,0.2857,0.1818,0.168,1,0.0,0.1429,0.7857,5.7273,0.4545,0.4545,0.4118,0.1888,0.0,0.0,0.6364,1.5455,8.0904,0.5849,0.3899,0.375,0.1501,3.0,0.3333,0.5849,1.5596,0,ZnNhIA7lipHAnSJ82ntozRNNY4F6JTTABZWEcuzVDuhPWifAVF3BWEolYQoJrPVg8GS-WcNIqvuogQ,BR1_3277264737,16.17,14.0,11.0,10.259,0
6.5714,0.1429,0.0714,0.2,0.2657,1,0.0,0.1429,0.7143,7.4545,0.4545,0.1818,0.1875,0.1497,0.0,0.1818,0.2727,1.4545,3.278,0.4097,0.2049,0.6154,0.1572,0.0,0.2727,1.639,2.6633,0,ZnNhIA7lipHAnSJ82ntozRNNY4F6JTTABZWEcuzVDuhPWifAVF3BWEolYQoJrPVg8GS-WcNIqvuogQ,BR1_3276940822,16.17,14.0,11.0,4.881,1
5.2857,0.2857,0.1429,0.4,0.2913,0,0.0,0.1429,0.3571,2.9091,0.3636,0.2727,0.4667,0.2049,1.0,0.1667,0.6364,1.3636,2.7706,0.5037,0.5037,0.3684,0.1425,0.0,0.1818,0.5877,1.5952,0,2FnbMCD0xcWxdKRJJop9OGlIr1z4-lRmXStnDkApDowB3ZULinTD8HDheIt5FHOPF-nrLRbrT5uILQ,BR1_3277162320,16.17,14.0,11.0,11.911,1
7.5935,0.3616,0.0723,0.4118,0.1318,0,0.0,0.5062,1.2294,5.1659,0.4492,0.2246,0.375,0.3004,1.0,0.3333,0.6738,1.7968,,,,,,,,,,0,2FnbMCD0xcWxdKRJJop9OGlIr1z4-lRmXStnDkApDowB3ZULinTD8HDheIt5FHOPF-nrLRbrT5uILQ,BR1_3277002780,16.17,13.828,4.452,0.0,1
5.7857,0.2143,0.1429,0.4286,0.2696,2,0.0,0.4286,1.0,6.0,0.4545,0.0909,0.55,0.3612,5.0,0.1818,1.0,1.8182,5.5367,0.6152,0.2051,0.4,0.2152,3.0,0.3,0.8203,2.0506,1,AzuUa5LWklCRHLRb-ej1d0b_CJ4Q4URCAzaEwdVcEN9kspDycsjm0rWFcOvx-A1-DU8q9fVuRXhz3A,BR1_3277299572,16.17,14.0,11.0,4.877,1
5.9286,0.2143,0.0714,0.2727,0.2294,1,0.0,0.2143,0.7857,7.2727,0.2727,0.1818,0.4545,0.2829,3.0,0.125,0.4545,1.0,5.3168,0.3128,0.2085,0.5556,0.2848,1.0,0.1429,1.0425,1.8765,0,AzuUa5LWklCRHLRb-ej1d0b_CJ4Q4URCAzaEwdVcEN9kspDycsjm0rWFcOvx-A1-DU8q9fVuRXhz3A,BR1_3276935648,16.17,14.0,11.0,9.592,1
3.9965,0.3633,0.2907,0.2308,0.2623,0,0.0,0.218,0.9446,6.7847,0.3914,0.0,0.25,0.1638,1.0,0.1429,0.3914,1.5657,,,,,,,,,,0,AzuUa5LWklCRHLRb-ej1d0b_CJ4Q4URCAzaEwdVcEN9kspDycsjm0rWFcOvx-A1-DU8q9fVuRXhz3A,BR1_3276932596,16.17,13.762,7.664,0.0,1
6.0,0.3571,0.2857,0.0,0.2446,0,0.0,0.0,0.3571,7.4545,0.3636,0.1818,0.375,0.1615,1.0,0.2,0.2727,0.7273,8.8008,0.3385,0.2257,0.6,0.1951,2.0,0.2667,0.5077,0.8462,0,qm7jWZFxRO5Puvyzp6H7k_wuVzvJ7GdF-nlqLKkFmOsRFYZA1PHyIE0K6mvv16DVeNnApHj-kQrTQw,BR1_3276644618,16.17,14.0,11.0,17.726,0
5.5714,0.1429,0.0714,0.25,0.216,1,0.2,0.2143,0.8571,5.7273,0.3636,0.2727,0.5385,0.1854,1.0,0.1818,0.6364,1.1818,4.3137,0.3393,0.2908,0.3333,0.1011,0.0,0.0667,0.4847,1.4541,0,VYadEhgerjM3-0WnXScYaxQ_lmxbFwBb8zVymyoaKZVPPWht_5uKDtV9Bi31dJkwPAI0_HseaA0JgQ,BR1_3276847402,16.17,14.0,11.0,20.632,0
6.0,0.3571,0.2857,0.5714,0.3313,1,0.0,0.2857,0.5,6.1818,0.4545,0.2727,0.8,0.4067,1.0,0.1429,0.7273,0.9091,3.7011,0.5001,0.3001,0.9286,0.3301,1.0,0.1304,0.6502,0.7002,0,wf-N8xvZM63daTGGGV2e5h7u9hkbb4QExWC4dQnCUWjUPv6tnR57h2qlek14xFxLwBsK5AizAedvEg,BR1_3276065266,16.16,14.0,11.0,19.994,0
6.8052,0.2686,0.3582,0.2,0.2535,1,0.0,0.0895,0.4477,5.8559,0.5061,0.0723,0.4583,0.1895,0.0,0.2308,0.7953,1.7351,7.0417,0.4053,0.2026,0.3548,0.1979,0.0,0.2727,0.5573,1.5704,0,wf-N8xvZM63daTGGGV2e5h7u9hkbb4QExWC4dQnCUWjUPv6tnR57h2qlek14xFxLwBsK5AizAedvEg,BR1_3275776472,16.16,11.168,13.832,19.74,1
6.0,0.1429,0.2857,0.1667,0.1362,0,0.0,0.1429,0.8571,7.722,0.5014,0.3009,0.2857,0.1729,0.0,0.0,0.2006,0.702,5.3628,0.4125,0.3094,0.36,0.1919,0.0,0.0417,0.4641,1.2891,0,BvTUac_UX-RApEbYtvWuMl3hA7cS-vn5CYWfBc8Ma8QkKSkUatCPrSAG0g0CnFcUMVXPRb9NWb-34A,BR1_3277279757,16.17,14.0,9.972,19.393,0
5.0714,0.4286,0.2143,0.1333,0.2118,1,0.0,0.1429,1.0714,3.5455,0.0,0.5455,0.3,0.1352,0.0,0.0,0.2727,0.9091,4.9867,0.0,0.3989,0.5,0.1686,0.0,0.0,0.1995,0.3989,0,Zcup5X-I_kkc_oXt3MWmJgF6EF3NGaJhdJY_Lz6a8h1rq5aSe_0XX9V8OY1saZuYhJ2Q6IYW0jx8vQ,BR1_3277151197,16.17,14.0,11.0,5.013,0
5.2857,0.5714,0.1429,0.4444,0.1869,0,0.0,0.2857,0.6429,6.4315,0.2858,0.2858,0.5714,0.1878,1.0,0.25,0.5717,1.0005,7.2504,0.0,0.2148,0.5806,0.2317,0.0,0.1579,0.9667,1.6649,1,Zcup5X-I_kkc_oXt3MWmJgF6EF3NGaJhdJY_Lz6a8h1rq5aSe_0XX9V8OY1saZuYhJ2Q6IYW0jx8vQ,BR1_3277059064,16.17,14.0,6.997,18.62,1
6.1029,0.3863,0.0773,0.1818,0.3739,0,0.0,0.1545,0.8498,4.1207,0.5046,0.1682,0.6923,0.2025,0.0,0.1,0.7569,1.0932,5.3765,0.3102,0.0,0.95,0.2293,0.0,0.2143,1.9645,2.0679,0,Zcup5X-I_kkc_oXt3MWmJgF6EF3NGaJhdJY_Lz6a8h1rq5aSe_0XX9V8OY1saZuYhJ2Q6IYW0jx8vQ,BR1_3276994797,16.17,12.945,11.891,9.672,1
5.2143,0.2857,0.1429,0.5714,0.2198,1,0.0,0.2857,0.5,11.1516,0.0,0.7434,0.0,0.1311,0.0,1.0,0.0,0.7434,,,,,,,,,,0,eBZxzCWTLz6NoE1agbRYSqhDhY3_R3Na6wwHyunDVDhHEcUDp80I9QosteKkzTmGcfVCb5Fq6tC16Q,BR1_3277135857,16.17,14.0,1.345,0.0,0
7.8218,0.3226,0.1613,0.0,0.329,0,0.25,0.0,0.2419,9.1278,0.3969,0.3175,0.1538,0.172,1.0,0.0909,0.1587,1.0318,10.8476,0.3041,0.2028,0.4545,0.3787,1.0,0.1818,0.5069,1.1152,0,_qfsr8IvZZA36wmcg0svU7qTg6HFPzS2-XH0ZYeSBHLIlb5bfXJ3Ho5pRp0p_3C5O2JKkivntnG85g,BR1_3277295015,16.17,12.401,12.599,9.864,0
8.4814,0.4117,0.0,0.3571,0.2525,1,0.0,0.4117,1.1528,7.5065,0.4314,0.3451,0.2,0.2787,2.0,0.2,0.2588,1.2942,6.9882,0.325,0.325,0.6364,0.3488,2.0,0.2,1.1376,1.7877,0,_qfsr8IvZZA36wmcg0svU7qTg6HFPzS2-XH0ZYeSBHLIlb5bfXJ3Ho5pRp0p_3C5O2JKkivntnG85g,BR1_3277281803,16.17,12.144,11.59,6.153,1
6.4478,0.5037,0.1007,0.1111,0.1784,1,0.0,0.1007,0.9067,9.7155,0.2626,0.0,1.0,0.3527,0.0,0.0,0.7877,0.7877,,,,,,,,,,0,_qfsr8IvZZA36wmcg0svU7qTg6HFPzS2-XH0ZYeSBHLIlb5bfXJ3Ho5pRp0p_3C5O2JKkivntnG85g,BR1_3276958185,16.17,9.926,3.808,0.0,1
7.0,0.3571,0.2143,0.1667,0.3019,2,0.0,0.1429,0.8571,13.0903,0.494,0.247,0.4,0.1724,1.0,0.0,0.494,1.2349,,,,,,,,,,0,_qfsr8IvZZA36wmcg0svU7qTg6HFPzS2-XH0ZYeSBHLIlb5bfXJ3Ho5pRp0p_3C5O2JKkivntnG85g,BR1_3276953230,16.17,14.0,4.049,0.0,1
7.0714,0.2857,0.1429,0.3125,0.1228,0,0.0,0.3571,1.1429,4.0909,0.4545,0.3636,0.381,0.274,2.0,0.0,0.7273,1.9091,3.4672,0.1981,0.2972,0.4444,0.1776,0.0,0.4,0.3963,0.8916,0,wgMe6kWVQbkFkoSI1QTY5nu8dsvH04gkilYK-A0JRFoHYPVVM9jWKZj3hxSzkn0IS1brB2KNbHxdDg,BR1_3275223843,16.16,14.0,11.0,10.095,0
6.5714,0.3571,0.1429,0.2857,0.3017,0,0.0,0.1429,0.5,7.0,0.3636,0.3636,0.0,0.1951,0.0,0.2222,0.0,0.8182,2.701,0.0,0.2701,0.6667,0.3398,0.0,0.0,0.2701,0.4052,0,wgMe6kWVQbkFkoSI1QTY5nu8dsvH04gkilYK-A0JRFoHYPVVM9jWKZj3hxSzkn0IS1brB2KNbHxdDg,BR1_3275217406,16.16,14.0,11.0,7.405,0
8.5714,0.2857,0.0,0.1333,0.0962,0,0.0,0.1429,1.0714,9.1818,0.4545,0.1818,0.3333,0.1388,0.0,0.0,0.2727,0.8182,8.3179,0.6588,0.2471,0.1,0.1761,0.0,0.0625,0.0824,0.8236,0,NflgR5OAMRRRu7IUSr4_wiGTwXu9EbIJEJ66J4IZlA0gyHIIqNifSVAuVsF0rY6pIfoO-L0bzuzlRA,BR1_3276912348,16.17,14.0,11.0,12.143,0
7.3571,0.2143,0.0,0.0833,0.2642,1,0.0,0.0714,0.8571,5.3636,0.4545,0.2727,0.45,0.3181,7.0,0.1,0.8182,1.8182,5.2014,0.2972,0.3715,0.75,0.2182,1.0,0.3077,1.3375,1.7833,0,G7qGBhwsuO6xASGEKk6vF93zPsPxRIe1gF3JmAuFCZAQvPFzwzFw3mFy6ahEss3LFvD-NrFERFqFcQ,BR1_3277297472,16.17,14.0,11.0,13.458,1
6.2857,0.2857,0.1429,0.2,0.2343,1,0.0,0.1429,0.7143,7.9091,0.4545,0.3636,0.3125,0.2085,1.0,0.1818,0.4545,1.4545,5.1425,0.1633,0.4081,0.4444,0.1713,0.0,0.4,0.3265,0.7346,0,G7qGBhwsuO6xASGEKk6vF93zPsPxRIe1gF3JmAuFCZAQvPFzwzFw3mFy6ahEss3LFvD-NrFERFqFcQ,BR1_3277286827,16.17,14.0,11.0,12.251,0
7.4286,0.2857,0.0714,0.2,0.1026,0,0.0,0.0714,0.3571,9.5455,0.4545,0.0,0.6,0.1751,0.0,0.0,0.2727,0.4545,9.5023,0.3455,0.2592,0.5,0.1344,0.0,0.1333,0.3455,0.6911,0,uTxf1006BOpVcpE7uQvsZSYm1fC-cEVHfdIRGwgNxqnvIL3LrpXVJqvwmUhJ9jE6t09UjzVgPihgKw,BR1_3276475811,16.17,14.0,11.0,11.576,0
6.965,0.1809,0.0905,0.1579,0.1221,2,0.0,0.2714,1.7186,,,,,,,,,,,,,,,,,,,0,7GoBNXvRmOS9iS_zS_9NGR4FALLFXdwumiQFmxZNNKt5f9lN3UjnBQsnZEjfUOt7HFniQV1XQd5qdA,BR1_3277099692,16.17,11.055,0.0,0.0,1
5.7857,0.0714,0.4286,0.3077,0.1768,0,0.0,0.2857,0.9286,6.5455,0.2727,0.2727,0.3158,0.1748,0.0,0.0833,0.5455,1.7273,8.9584,0.0905,0.181,0.2692,0.1736,1.0,0.0,0.6334,2.3527,0,7GoBNXvRmOS9iS_zS_9NGR4FALLFXdwumiQFmxZNNKt5f9lN3UjnBQsnZEjfUOt7HFniQV1XQd5qdA,BR1_3276943435,16.17,14.0,11.0,11.051,1
7.7143,0.3571,0.0714,0.2857,0.1199,1,0.25,0.1429,0.5,7.9772,0.4835,0.2417,0.4615,0.1668,0.0,0.1429,0.7252,1.5713,4.9816,0.3718,0.3718,0.5,0.1867,0.0,0.1875,0.8922,1.7844,0,7GoBNXvRmOS9iS_zS_9NGR4FALLFXdwumiQFmxZNNKt5f9lN3UjnBQsnZEjfUOt7HFniQV1XQd5qdA,BR1_3276933539,16.17,14.0,8.274,13.45,1
5.4929,0.4225,0.0845,0.8,0.2654,0,0.25,0.338,0.4225,7.519,0.0759,0.2278,0.6154,0.249,0.0,0.125,0.6076,0.9873,3.9813,0.0,0.5429,0.5,0.1524,0.0,0.125,0.181,0.3619,0,IpkatJBXxLiBlN6vVWVhwir7yk_Gy87P21zVqnmsBtGaSmNVFPX6qp9o0busWHyu8M4eNQxmi16c4g,BR1_3277165616,16.17,11.833,13.167,5.526,0
8.5714,0.6429,0.0714,0.6,0.3725,3,0.0,0.4286,0.7143,13.5467,0.5376,0.1075,0.3333,0.207,2.0,0.0,0.215,0.6451,13.1968,0.7172,0.2869,0.5,0.2504,1.0,0.1111,0.8607,1.7213,1,Uaal1bVuzA52-J48nK3jPyRy5kxdaIDi7yc8T9jIDFEKCw0JMojeri_CwVGwFDGNDP2vfZX-De4FxQ,BR1_3277122884,16.17,14.0,9.301,6.971,1
8.4226,0.3209,0.0,0.2,0.1691,2,0.0,0.1604,0.8022,4.3084,0.7181,0.2394,0.5238,0.3209,1.0,0.2727,0.8776,1.6755,9.3095,1.2695,0.0,0.875,0.4708,0.0,0.3333,2.9621,3.3853,0,iRcnkqz9Kpb2HmvFGw4pQn2CnBCkIWqpBnCuciiRq_8JaIC_7bz84-eFg8uGWhah3VnXiaHghqeu6Q,BR1_3277191367,16.17,12.466,12.534,2.363,1
6.0,0.2857,0.2143,0.25,0.1877,0,0.0,0.0714,0.2857,9.1818,0.5455,0.1818,0.0,0.193,0.0,0.1,0.0,0.5455,7.2098,0.3795,0.253,0.6667,0.4222,0.0,0.125,0.253,0.3795,0,iRcnkqz9Kpb2HmvFGw4pQn2CnBCkIWqpBnCuciiRq_8JaIC_7bz84-eFg8uGWhah3VnXiaHghqeu6Q,BR1_3277121216,16.17,14.0,11.0,7.906,0
9.3963,0.4271,0.0,0.2143,0.1615,2,0.0,0.2563,1.1959,10.114,0.4128,0.1032,0.5556,0.2295,4.0,0.2222,0.516,0.9288,13.8363,0.6918,0.0,0.1667,0.1867,0.0,0.1818,0.3459,2.0754,0,iRcnkqz9Kpb2HmvFGw4pQn2CnBCkIWqpBnCuciiRq_8JaIC_7bz84-eFg8uGWhah3VnXiaHghqeu6Q,BR1_3276895001,16.17,11.707,9.69,2.891,1
7.8149,0.3831,0.0766,0.3,0.2418,4,0.0,0.4597,1.5323,4.687,0.3348,0.5022,0.4545,0.2454,3.0,0.2143,0.837,1.8413,2.4017,0.4503,0.4503,0.1818,0.146,1.0,0.125,0.3002,1.6512,0,F4VXYp9wZJ0Cj4JpqaOfPkEehFsFH0uKzCeUTdGpeO69VkzUe6dlU-et1o4UP5qX-31g9uResjsdVQ,BR1_3276892711,16.17,13.052,11.948,6.662,0
8.089,0.5333,0.0889,0.3125,0.2865,2,0.0,0.4445,1.4222,6.0966,0.6503,0.3252,0.4348,0.2305,4.0,0.1538,0.8129,1.8696,4.6488,0.7748,0.0,0.75,0.2969,0.0,0.0,2.3244,3.0992,1,F4VXYp9wZJ0Cj4JpqaOfPkEehFsFH0uKzCeUTdGpeO69VkzUe6dlU-et1o4UP5qX-31g9uResjsdVQ,BR1_3276867568,16.17,11.25,12.302,1.291,1
8.7857,0.3571,0.1429,0.0769,0.1659,1,0.0,0.0714,0.9286,7.3636,0.9091,0.3636,0.5714,0.4251,6.0,0.1818,1.0909,1.9091,4.9415,0.593,0.593,0.5455,0.3876,1.0,0.0909,0.593,1.0871,0,F4VXYp9wZJ0Cj4JpqaOfPkEehFsFH0uKzCeUTdGpeO69VkzUe6dlU-et1o4UP5qX-31g9uResjsdVQ,BR1_3276203184,16.16,14.0,11.0,10.118,0
8.5232,0.1564,0.3128,0.3,0.2458,1,0.0,0.2346,0.7819,9.745,0.4913,0.1638,0.3684,0.2507,3.0,0.2308,0.5732,1.5559,5.9726,0.3829,0.3063,0.5556,0.2282,2.0,0.125,0.3829,0.6891,0,GJq37K9ljCgnHpbS8M7ZCjKFjaFPYNpLobq5zw1-SU_sXWhrOuzKTb7gBOV6cdTqxD_lE7_X_pCwuQ,BR1_3276542855,16.17,12.789,12.211,13.06,0
7.7938,0.0,0.0779,0.1429,0.1349,0,0.0,0.0779,0.5456,7.3135,0.3287,0.2465,0.2143,0.133,0.0,0.1429,0.2465,1.1504,7.0744,0.329,0.4113,0.5,0.2054,0.0,0.1667,0.4936,0.9871,0,oovQD0_DBEs7rQ00SxiypJOFNNJYbwLZNwLSzXMlgvfLAEcNdx5GTwVdVP6INc7HAJcmPBiRyzjQqA,BR1_3276884081,16.17,12.831,12.169,12.157,0
6.5713,0.3167,0.475,0.4375,0.3017,5,0.2,0.5542,1.2668,5.74,0.6468,0.6468,0.2105,0.1637,2.0,0.3,0.3234,1.5361,10.9173,0.7529,0.3765,0.0,0.1853,0.0,0.0,0.0,2.2588,0,oovQD0_DBEs7rQ00SxiypJOFNNJYbwLZNwLSzXMlgvfLAEcNdx5GTwVdVP6INc7HAJcmPBiRyzjQqA,BR1_3276866429,16.17,12.631,12.369,2.656,1
5.1602,0.2991,0.1496,0.1429,0.2025,0,0.25,0.0748,0.5235,6.7077,0.516,0.258,0.1538,0.153,1.0,0.0,0.172,1.1179,8.8737,0.4127,0.0,0.6,0.1616,0.0,0.3333,0.6191,1.0318,0,XKUtD0klgLDDhkuC9MuVi7pqrnAI-QZeLpjlBJUgJ0JdKtzr5e30VhlC6i2iM-C9jK4zOq-Dw-J9_Q,BR1_3277015068,16.17,13.372,11.628,4.846,1
6.3135,0.3157,0.0789,0.3571,0.2417,2,0.0,0.3946,1.1049,6.57,0.5678,0.2433,0.2857,0.1959,0.0,0.1818,0.4867,1.7033,6.7998,0.4755,0.2378,0.7917,0.2616,0.0,0.2105,0.9035,1.1412,0,XKUtD0klgLDDhkuC9MuVi7pqrnAI-QZeLpjlBJUgJ0JdKtzr5e30VhlC6i2iM-C9jK4zOq-Dw-J9_Q,BR1_3276870771,16.17,12.671,12.329,21.03,0
5.961,0.3456,0.0864,0.3158,0.1874,0,0.0,0.5183,1.6414,6.704,0.2235,0.149,0.4231,0.1508,3.0,0.125,0.8194,1.9367,4.6334,0.0,0.3861,0.6,0.078,0.0,0.5,1.1583,1.9306,0,wA4-By50-XP16dy77DNEPjE0pBfsL6QYDCQYetRpMO-SX1euqLkG7l05ml4UTR69K5D1NpBXGBsU9w,BR1_3233355490,16.8,11.575,13.425,2.59,1
7.3044,0.2548,0.0849,0.3125,0.2402,2,0.75,0.4247,1.3589,7.4301,0.1077,0.323,0.2727,0.1637,1.0,0.125,0.6461,2.369,3.1257,0.0,0.2735,0.4348,0.1848,3.0,0.2121,0.7814,1.7973,0,wA4-By50-XP16dy77DNEPjE0pBfsL6QYDCQYetRpMO-SX1euqLkG7l05ml4UTR69K5D1NpBXGBsU9w,BR1_3233348138,16.8,11.774,9.287,25.595,1
5.0714,0.3571,0.3571,0.0833,0.1739,0,0.0,0.0714,0.8571,6.2286,0.3559,0.0,0.3077,0.221,1.0,0.2,0.7118,2.3135,,,,,,,,,,0,jw_I565qIah7PKNmdmkoBTy-lqBCPs3V-VjoRjvdHpFtKDAC6kGxwMhCI0bcYwKqpuMY0t54-Ja2OA,BR1_3276182581,16.16,14.0,5.619,0.0,1
5.7143,0.3571,0.3571,0.5455,0.3827,3,0.0,0.4286,0.7857,6.4052,0.4575,0.2745,0.3529,0.1563,1.0,0.1667,0.549,1.5556,5.6217,0.6246,0.0,0.6667,0.4043,2.0,0.1111,2.0821,3.1232,1,uEgdiBWEiUazSwJB9tRtzcEkoe6K8atgxo4cH0h_xUceQItp0YINnWjLvmZ9ySbMgc5UojmQyWMpfw,BR1_3277207474,16.17,14.0,10.929,4.803,1
6.809,0.1746,0.3492,0.1667,0.2206,0,0.0,0.0873,0.5238,4.9793,0.433,0.433,0.3333,0.0776,0.0,0.5,0.2165,0.6495,,,,,,,,,,0,uEgdiBWEiUazSwJB9tRtzcEkoe6K8atgxo4cH0h_xUceQItp0YINnWjLvmZ9ySbMgc5UojmQyWMpfw,BR1_3277196709,16.17,11.455,4.619,0.0,0
5.7423,0.2571,0.0857,0.4,0.2635,2,0.0,0.5142,1.2856,5.4728,0.4486,0.2692,0.4737,0.2783,0.0,0.25,0.8075,1.7047,6.1847,0.1145,0.4581,0.3636,0.2551,3.0,0.1875,0.4581,1.2599,0,o7rMSCk2tP0FkP6sc46nnGCW1pmyCi1_Qi5ZGnyDK4sWXlciGCC056-j9EkKRSf4AwEhNhSx1FiSIw,BR1_3276978236,16.17,11.668,11.146,8.731,0
5.7326,0.3099,0.3099,0.4,0.1721,0,0.0,0.3099,0.7747,8.5188,0.269,0.1793,0.6111,0.2692,0.0,0.2308,0.9864,1.6141,6.6895,0.0,0.3616,0.5,0.2656,0.0,0.375,1.0848,2.1696,0,o7rMSCk2tP0FkP6sc46nnGCW1pmyCi1_Qi5ZGnyDK4sWXlciGCC056-j9EkKRSf4AwEhNhSx1FiSIw,BR1_3276969282,16.17,12.909,11.152,5.531,1
6.3691,0.4362,0.1745,0.3333,0.2307,2,0.25,0.2617,0.7852,8.4205,0.4432,0.2955,0.375,0.366,4.0,0.0,0.4432,1.1818,6.6044,0.4555,0.4555,0.5,0.3308,2.0,0.1111,0.6832,1.3664,0,o7rMSCk2tP0FkP6sc46nnGCW1pmyCi1_Qi5ZGnyDK4sWXlciGCC056-j9EkKRSf4AwEhNhSx1FiSIw,BR1_3276963316,16.17,11.462,13.538,4.391,0
6.5408,0.6926,0.5387,0.4737,0.3787,8,0.0,0.6926,1.4621,7.9275,0.6098,0.1525,0.5833,0.3196,1.0,0.4,1.0672,1.8294,,,,,,,,,,0,U8ploM2HFhgwPNd9_dWFQHClEtuU_uQbK0HoYzImEbGT4hq9e0WCET6t4IpNDin_Vd5GulAeKedx1w,BR1_3275020963,16.16,12.995,6.559,0.0,1
5.4948,0.4338,0.2169,0.5556,0.1867,1,0.0,0.3615,0.6507,8.6849,0.5372,0.1791,0.2727,0.1392,1.0,0.0,0.2686,0.9849,8.1686,0.6588,0.2635,0.5385,0.2586,1.0,0.3333,0.9223,1.7128,0,woQ23jKIIF4GQdd4O_nsotwWxwyn5Tapx0HvcD2z4BCN9PmgBGNLPyD2vcihWpiawek92J87HkIDrg,BR1_3276878540,16.17,13.831,11.169,7.59,1
5.075,0.1637,0.4093,0.4286,0.256,0,0.0,0.2456,0.573,5.8319,0.0,0.432,0.5,0.2124,0.0,0.6364,0.432,0.864,,,,,,,,,,0,woQ23jKIIF4GQdd4O_nsotwWxwyn5Tapx0HvcD2z4BCN9PmgBGNLPyD2vcihWpiawek92J87HkIDrg,BR1_3276697760,16.17,12.217,9.259,0.0,0
7.2397,0.3407,0.0852,0.3636,0.2013,1,0.0,0.3407,0.9369,6.4391,0.2927,0.4878,0.3571,0.2173,2.0,0.3,0.4878,1.3659,8.9097,0.198,0.396,0.6667,0.2731,0.0,0.1818,1.188,1.7819,0,-u5i2k0VXF0ZosJFpXMkz18uvqpa4WzUUcpUCqyDNIyKpV89trLs00PocJXFAX6alp8tYHVCpBELMg,BR1_3277040973,16.17,11.741,10.25,5.051,0
7.7143,0.2857,0.0,0.6429,0.2922,3,0.0,0.6429,1.0,6.7273,0.2727,0.2727,0.7778,0.3559,3.0,0.1111,1.2727,1.6364,6.3511,0.2989,0.2989,0.6667,0.2408,1.0,0.1538,0.8966,1.3449,1,wyS4G4xJQwLIincDtL1pLxKRCqlDuT0WPQwO6ZROxDhG6Xi1HCPlQ4sd3dKOqRPaLFeRdAUoSZ27rw,BR1_3276696250,16.17,14.0,11.0,13.383,1
7.0155,0.2923,0.0731,0.3158,0.1894,3,0.2,0.4385,1.3885,5.5844,0.4856,0.2428,0.3571,0.214,1.0,0.1429,0.607,1.6996,5.7727,0.3685,0.3685,0.2941,0.1968,1.0,0.25,0.6141,2.088,0,wyS4G4xJQwLIincDtL1pLxKRCqlDuT0WPQwO6ZROxDhG6Xi1HCPlQ4sd3dKOqRPaLFeRdAUoSZ27rw,BR1_3276022562,16.16,13.684,8.237,8.142,1
7.3392,0.2474,0.3299,0.3077,0.2496,1,0.0,0.3299,1.072,4.9715,0.3884,0.233,0.5455,0.418,6.0,0.3,0.9322,1.709,7.2097,0.7458,0.3729,0.5,0.2109,1.0,0.1429,0.3729,0.7458,0,OiqNNb_4O6RdgReVjByLdJ5ukREWR_5rn9mSmD5xOJwYQpuRDfzBCnZxTCn7v5xKzx2rzfSygO5YHg,BR1_3274645170,16.16,12.127,12.873,8.045,0
6.9441,0.1578,0.1578,0.2308,0.2842,2,0.0,0.2367,1.0258,7.9624,0.4375,0.2625,0.4211,0.3131,2.0,0.25,0.7,1.6625,5.3227,0.4158,0.499,0.3636,0.1322,0.0,0.1667,0.3327,0.9148,0,OiqNNb_4O6RdgReVjByLdJ5ukREWR_5rn9mSmD5xOJwYQpuRDfzBCnZxTCn7v5xKzx2rzfSygO5YHg,BR1_3273084485,16.16,12.673,11.429,12.024,0
7.5268,0.384,0.0768,0.5,0.2495,3,0.4,0.2304,0.4608,6.9283,0.3339,0.1669,0.3333,0.2133,1.0,0.2222,0.5008,1.5025,2.6494,0.3499,0.2499,0.7333,0.1746,3.0,0.1852,1.0997,1.4996,0,p2O_mIm_EZ5kqyM1cZEgo1ZyMs9SwBEFGc5FSuooxM-HDW965xUzRgY3Ud-HcIx_4Bkbjw5DyZ5nZQ,BR1_3276976240,16.17,13.02,11.98,20.005,0
4.0385,0.2885,0.1923,0.25,0.281,0,0.0,0.0962,0.3846,7.8066,0.4003,0.3003,0.375,0.1929,0.0,0.0,0.3003,0.8007,5.9668,0.3825,0.3825,0.5909,0.325,3.0,0.1333,0.9945,1.6829,0,VIBzY16MgDXNX4xLaS9x0Q9Q5qG1hEt86lnecJ7UMpzzYwdyIUNhfByi-bCRff6fWf-ZLdzXlIsscA,BR1_3276956690,16.17,10.4,9.992,13.072,0
6.7543,0.3295,0.2471,0.0714,0.1285,1,0.0,0.0824,1.1532,5.2618,0.0,0.3395,0.4,0.1713,0.0,0.2222,0.3395,0.8487,6.025,0.1628,0.1628,0.5714,0.1947,0.0,0.2727,0.6514,1.1399,0,VIBzY16MgDXNX4xLaS9x0Q9Q5qG1hEt86lnecJ7UMpzzYwdyIUNhfByi-bCRff6fWf-ZLdzXlIsscA,BR1_3276471886,16.17,12.14,11.783,6.141,0
5.5845,0.2428,0.2428,0.5,0.1958,0,0.0,0.0809,0.1619,6.0896,0.3163,0.4745,0.6,0.2269,0.0,0.0833,0.7118,1.1863,7.3326,0.2528,0.5057,1.0,0.1501,0.0,0.0,0.2528,0.2528,0,VIBzY16MgDXNX4xLaS9x0Q9Q5qG1hEt86lnecJ7UMpzzYwdyIUNhfByi-bCRff6fWf-ZLdzXlIsscA,BR1_3276452759,16.17,12.356,12.644,3.955,0
7.9277,0.2936,0.0,0.2727,0.2583,1,0.0,0.2202,0.8074,4.5707,0.3516,0.3516,0.3889,0.234,1.0,0.0,0.6153,1.5822,4.1275,0.3931,0.1965,0.8571,0.2116,0.0,0.0,1.1793,1.3758,0,Qz71igA8eY_1QG837H1MTL5LtS796bslwHofskOwQ1sSU3AJAgRar7nVNx6zEGAi4D01PQnryJcoFw,BR1_3277191772,16.17,13.623,11.377,5.088,0
6.6429,0.3571,0.1429,0.3,0.3802,1,0.4,0.2143,0.7143,5.1654,0.3038,0.2026,0.5455,0.2814,2.0,0.1111,0.6077,1.1141,3.5857,0.0,0.3336,0.5714,0.2505,0.0,0.2308,0.6671,1.1674,0,0C1aYWdksss4KFB1x1atvtH0mlLyI4M_84TyloNWVTiu8QUETEmTBIvJ4T7S0lTDkMSOWR1ftfIbcA,BR1_3276617499,16.17,14.0,9.873,11.992,0
6.2143,0.3571,0.1429,0.3333,0.1698,0,0.0,0.3571,1.0714,7.3636,0.4545,0.0909,0.3636,0.2263,0.0,0.0909,0.3636,1.0,7.9079,0.5517,0.2759,0.5,0.2544,0.0,0.3077,0.6437,1.2873,0,0C1aYWdksss4KFB1x1atvtH0mlLyI4M_84TyloNWVTiu8QUETEmTBIvJ4T7S0lTDkMSOWR1ftfIbcA,BR1_3276305484,16.17,14.0,11.0,10.875,0
5.2143,0.0,0.2857,0.0,0.1922,0,0.0,0.0,0.5,4.0689,0.0,0.8138,0.0,0.2298,0.0,0.3333,0.0,0.8138,,,,,,,,,,0,VOjOl1jmivITdw_-5ax0VGrEvZyUSb5v81W5of41tMUehyrZldfdINjkSrPlOkAZbLsCuKOpE6gLJA,BR1_3277262398,16.17,14.0,1.229,0.0,0
4.7093,0.2898,0.0725,0.4286,0.2254,0,0.0,0.4347,1.0143,6.7872,0.3572,0.1786,0.3636,0.1821,1.0,0.125,0.3572,0.9824,2.2871,0.1759,0.4398,0.4,0.2127,1.0,0.1538,0.7037,1.7593,0,VOjOl1jmivITdw_-5ax0VGrEvZyUSb5v81W5of41tMUehyrZldfdINjkSrPlOkAZbLsCuKOpE6gLJA,BR1_3277254825,16.17,13.802,11.198,11.368,1
5.0714,0.0714,0.2143,0.2,0.162,1,0.0,0.2143,1.0714,6.6364,0.4545,0.0909,0.0833,0.1151,0.0,0.1111,0.0909,1.0909,5.6798,0.5163,0.1033,0.2857,0.1039,1.0,0.0,0.4131,1.4458,0,VOjOl1jmivITdw_-5ax0VGrEvZyUSb5v81W5of41tMUehyrZldfdINjkSrPlOkAZbLsCuKOpE6gLJA,BR1_3277250708,16.17,14.0,11.0,9.684,1
4.9895,0.2892,0.1446,0.4,0.1747,2,0.0,0.4339,1.0847,5.1921,0.3581,0.2686,0.6923,0.2626,1.0,0.1818,0.8057,1.1637,1.8572,0.199,0.3316,0.8333,0.2872,1.0,0.1538,1.3266,1.5919,0,VOjOl1jmivITdw_-5ax0VGrEvZyUSb5v81W5of41tMUehyrZldfdINjkSrPlOkAZbLsCuKOpE6gLJA,BR1_3277239705,16.17,13.829,11.171,15.076,1
5.7857,0.2857,0.1429,0.375,0.1565,1,0.0,0.2143,0.5714,5.5455,0.3636,0.2727,0.4615,0.1678,0.0,0.1,0.5455,1.1818,9.8889,0.9354,0.1336,0.6667,0.1959,2.0,0.0,0.8018,1.2027,0,VOjOl1jmivITdw_-5ax0VGrEvZyUSb5v81W5of41tMUehyrZldfdINjkSrPlOkAZbLsCuKOpE6gLJA,BR1_3277230339,16.17,14.0,11.0,7.483,0
5.1429,0.3571,0.1429,0.0,0.2544,0,0.0,0.0,0.7143,6.387,0.4121,0.4121,0.3636,0.1706,0.0,0.0,0.4121,1.1332,6.8675,0.5283,0.1057,0.6364,0.2169,0.0,0.1333,0.7396,1.1622,0,MiECXOVhITFPGdUlHLSMrG_V1Ctjuj-vACZVKZtHSSADGximmCNA1UQzy3JvQlEa9bo0oCFCut4SLA,BR1_3276734646,16.17,14.0,9.707,9.465,1
6.4123,0.4474,0.2237,0.2,0.2557,1,0.25,0.1491,0.7456,6.3858,0.7767,0.1726,0.3,0.1246,1.0,0.25,0.2589,0.8629,4.1178,0.4335,0.2167,0.8,0.1737,1.0,0.0667,1.3004,1.6255,0,wgi6vGNn08SybHwT73zEhfvHXPdgSRJCwsZBAe0FeeFLwtF1N-uX6zwxcIFrFBiSY_rlvFalkykAkw,BR1_3275726412,16.16,13.412,11.588,9.228,1
5.4026,0.2419,0.0,0.4444,0.2808,1,0.0,0.3225,0.7257,4.7625,0.3969,0.3969,0.5,0.3474,0.0,0.1,0.3969,0.7937,5.1662,0.6458,0.3229,0.5714,0.3043,0.0,0.1667,0.6458,1.1301,0,Xlh-0ZpZzKrTsINDx6M4iXxUvAL8cs08sHd1z9-5VR1w1Hcck5d1YTy1ZKUTCmzolw7xXhdMItU4JQ,BR1_3277084144,16.17,12.402,12.598,6.194,0
4.6429,0.2857,0.2143,0.5385,0.2575,3,0.25,0.5,0.9286,4.5955,0.5106,0.3064,0.7778,0.3232,1.0,0.1,0.7149,0.9191,1.8084,0.1644,0.3288,0.75,0.3912,2.0,0.3333,0.4932,0.6576,0,Xlh-0ZpZzKrTsINDx6M4iXxUvAL8cs08sHd1z9-5VR1w1Hcck5d1YTy1ZKUTCmzolw7xXhdMItU4JQ,BR1_3277057886,16.17,14.0,9.792,6.083,0
7.0121,0.1508,0.0,0.25,0.1579,0,0.0,0.1508,0.6032,8.52,0.426,0.1704,0.8,0.3431,2.0,0.1818,0.6816,0.852,11.4577,0.0,0.1146,0.75,0.4989,2.0,0.2308,0.6875,0.9166,0,NLXk--IxDR2bYOxig3IgutZnftzCgpdHeusRjaCJU6ZMjct0MaugMcfU7_7UnBnrgnwqkszj4ce8bA,BR1_3277019853,16.17,13.263,11.737,8.728,0
7.1101,0.0,0.0773,0.4545,0.2918,4,0.0,0.3864,0.8501,7.0506,0.235,0.0,0.8571,0.5128,2.0,0.0,1.4101,1.6451,,,,,,,,,,0,NLXk--IxDR2bYOxig3IgutZnftzCgpdHeusRjaCJU6ZMjct0MaugMcfU7_7UnBnrgnwqkszj4ce8bA,BR1_3277012910,16.17,12.939,4.255,0.0,1
5.9701,0.2453,0.1636,1.0,0.2211,0,0.0,0.3271,0.3271,8.0642,0.5481,0.0783,0.7273,0.2568,0.0,0.1111,0.6263,0.8612,5.0407,0.3601,0.4801,0.5,0.1927,0.0,0.4,0.6001,1.2002,0,4pYeyKe1ajB5HuwTYQMsoWcMW-O2WKNhhp9i-GuvU9gfZSLCeufEKKMDaVaTJgvuV51A-ey-mA70iw,BR1_3277035594,16.17,12.227,12.773,8.332,0
7.0005,0.3111,0.0778,0.0833,0.1464,1,0.0,0.0778,0.9334,9.2941,0.3669,0.2446,0.4444,0.2389,0.0,0.25,0.4892,1.1006,8.2601,0.5057,0.1686,0.5,0.3038,2.0,0.1667,1.18,2.36,0,4pYeyKe1ajB5HuwTYQMsoWcMW-O2WKNhhp9i-GuvU9gfZSLCeufEKKMDaVaTJgvuV51A-ey-mA70iw,BR1_3277022741,16.17,12.856,8.177,5.932,1
6.7015,0.3723,0.0745,0.1053,0.3186,2,0.0,0.1489,1.4148,8.2972,0.4321,0.1729,0.2222,0.2008,1.0,0.0,0.1729,0.7779,7.1197,0.5394,0.2697,0.3,0.2966,0.0,0.1364,0.3236,1.0787,0,4pYeyKe1ajB5HuwTYQMsoWcMW-O2WKNhhp9i-GuvU9gfZSLCeufEKKMDaVaTJgvuV51A-ey-mA70iw,BR1_3276994693,16.17,13.43,11.57,18.54,1
5.2857,0.3571,0.2857,0.3125,0.266,2,0.0,0.3571,1.1429,6.2727,0.4545,0.1818,0.4545,0.2603,0.0,0.3846,0.4545,1.0,8.4343,0.7029,0.3514,0.6667,0.2762,0.0,0.0,0.7029,1.0543,0,4pYeyKe1ajB5HuwTYQMsoWcMW-O2WKNhhp9i-GuvU9gfZSLCeufEKKMDaVaTJgvuV51A-ey-mA70iw,BR1_3276986450,16.17,14.0,11.0,2.846,0
6.1443,0.4726,0.0,0.7778,0.2335,0,0.0,0.5514,0.709,,,,,,,,,,,,,,,,,,,1,4pYeyKe1ajB5HuwTYQMsoWcMW-O2WKNhhp9i-GuvU9gfZSLCeufEKKMDaVaTJgvuV51A-ey-mA70iw,BR1_3276782954,16.17,12.695,0.0,0.0,1
5.2943,0.3025,0.0756,0.5,0.3201,0,0.0,0.2269,0.4538,9.3591,0.3466,0.3466,0.0,0.191,0.0,0.1333,0.0,0.6933,,,,,,,,,,0,EISvgxxj4IE-6sX5Jy0fNT-6qqtIp6hR695_bNC1TEvLvVOOHVZV94R3WKlThnj_Yf_49d_gks-Oew,BR1_3277293220,16.17,13.222,8.655,0.0,0
6.7715,0.3641,0.0728,0.6364,0.2441,3,0.0,0.5097,0.8009,8.8762,0.6213,0.0,0.5455,0.22,0.0,0.2,1.0651,1.9528,7.7561,0.8164,0.4082,0.0,0.242,0.0,0.0,0.0,1.6329,1,EISvgxxj4IE-6sX5Jy0fNT-6qqtIp6hR695_bNC1TEvLvVOOHVZV94R3WKlThnj_Yf_49d_gks-Oew,BR1_3277115615,16.17,13.734,11.266,2.45,1
8.3522,0.348,0.261,0.5,0.2354,2,0.0,0.435,0.87,9.2969,0.381,0.2286,0.3571,0.2886,3.0,0.0,0.381,1.0669,8.3917,0.4181,0.3882,0.4857,0.3148,7.0,0.1935,0.5077,1.0452,0,7Ng9Qo2O2BrR-WrkTV96Dz1cDbEX4B6e0eP6e02QJ-yp-M1IrZTMFKLW3-pkUC9IgTw67qRiQzRG8w,BR1_3277134151,16.17,11.494,13.123,33.486,0
6.6429,0.2857,0.2857,0.25,0.2694,1,0.0,0.1429,0.5714,7.3636,0.6364,0.0909,0.5,0.3069,1.0,0.1,0.6364,1.2727,3.6399,0.3353,0.2874,0.6,0.2121,0.0,0.1905,0.5747,0.9579,0,7Ng9Qo2O2BrR-WrkTV96Dz1cDbEX4B6e0eP6e02QJ-yp-M1IrZTMFKLW3-pkUC9IgTw67qRiQzRG8w,BR1_3277054085,16.17,14.0,11.0,20.88,1
7.0672,0.2356,0.0785,0.2222,0.1393,0,0.0,0.157,0.7067,8.3978,0.4892,0.0815,0.2727,0.2025,0.0,0.1818,0.2446,0.8969,8.342,0.2691,0.4036,0.3333,0.2421,0.0,0.1818,0.1345,0.4036,0,g8kS2b5a95UJCp6Edjs-e_B3JwWLnp4mvIYOT4C45FLBkt_sPjwi7A0s5BT1A6_hNeIK3JMnNEkK_Q,BR1_3277253929,16.17,12.735,12.265,7.432,0
8.1607,0.147,0.0735,0.25,0.2589,0,0.0,0.2206,0.8822,7.1064,0.2632,0.3509,0.2222,0.2841,0.0,0.0,0.1755,0.7896,6.1401,0.2717,0.326,0.3871,0.2864,2.0,0.0,0.652,1.6845,0,g8kS2b5a95UJCp6Edjs-e_B3JwWLnp4mvIYOT4C45FLBkt_sPjwi7A0s5BT1A6_hNeIK3JMnNEkK_Q,BR1_3277248248,16.17,13.602,11.398,18.404,1
8.6429,0.4286,0.0714,0.2727,0.2698,0,0.0,0.2143,0.7857,9.3636,0.5455,0.0909,0.2308,0.2453,1.0,0.0,0.2727,1.1818,9.2211,0.3193,0.2395,0.4286,0.2376,1.0,0.0909,0.7185,1.6766,0,g8kS2b5a95UJCp6Edjs-e_B3JwWLnp4mvIYOT4C45FLBkt_sPjwi7A0s5BT1A6_hNeIK3JMnNEkK_Q,BR1_3277221463,16.17,14.0,11.0,25.051,0
7.5551,0.2547,0.0,0.2,0.1425,0,1.0,0.2547,1.2733,6.6534,0.2893,0.0964,0.4286,0.2376,0.0,0.375,0.8678,2.025,3.0599,0.4371,0.0,0.8,0.3185,1.0,0.6,1.7485,2.1857,0,g8kS2b5a95UJCp6Edjs-e_B3JwWLnp4mvIYOT4C45FLBkt_sPjwi7A0s5BT1A6_hNeIK3JMnNEkK_Q,BR1_3277210313,16.17,11.78,10.371,2.288,1
7.5714,0.4286,0.0714,0.1,0.1658,0,0.2,0.0714,0.7143,7.4545,0.4545,0.0909,0.4167,0.2555,0.0,0.0909,0.4545,1.0909,8.4751,0.3942,0.1971,0.3333,0.2151,1.0,0.2,0.1971,0.5913,0,YL7WTpfjOdZgzI5m9GBcfVicajHE_0t3g7nzvzM4d5KgViTQOt4XyX6ltA-KFacku7xP__dpBf_Fqw,BR1_3276645427,16.17,14.0,11.0,5.074,0
7.5903,0.4337,0.2169,0.25,0.1389,0,0.2,0.3614,1.4458,3.3135,0.8955,0.3582,0.6842,0.2857,1.0,0.0833,1.1642,1.7015,3.2345,0.7188,0.3594,0.8,0.2383,0.0,0.2222,0.9584,1.1979,0,lSQZwO9HmB7uaLV6WmMBagQ68CE6LByEPJtbBQ0vE_qqIZ_oO8Sxdm2ih6soYjKZAUc6-ejT2LOmcw,BR1_3277198318,16.17,13.833,11.167,8.348,0
5.5714,0.6429,0.4286,0.3684,0.2734,2,0.0,0.5,1.3571,5.3636,0.9091,0.3636,0.75,0.3848,2.0,0.0909,1.3636,1.8182,7.402,0.8224,0.0,0.9091,0.3553,0.0,0.2,2.0561,2.2617,0,lSQZwO9HmB7uaLV6WmMBagQ68CE6LByEPJtbBQ0vE_qqIZ_oO8Sxdm2ih6soYjKZAUc6-ejT2LOmcw,BR1_3277178364,16.17,14.0,11.0,4.864,1
6.6519,0.4695,0.0,0.3125,0.214,3,0.0,0.3913,1.2521,5.2366,0.8182,0.2455,0.3571,0.1661,1.0,0.25,0.4091,1.1455,9.217,0.709,0.3545,0.3684,0.1576,1.0,0.2727,0.8272,2.2452,0,mAPN9MutIL8WDHXdi7yYezSjqMqF1KIjXiw-E8pctFFWL44lE-HMHfJNlRsPhOoP-82HRYf0BATzKA,BR1_3274067602,16.16,12.778,12.222,8.463,1
7.6429,0.4286,0.2143,0.3333,0.2956,3,0.2,0.2143,0.6429,7.4185,0.3804,0.3804,0.2143,0.2511,1.0,0.0909,0.2853,1.3315,10.7256,0.331,0.2648,0.25,0.1047,0.0,0.1111,0.2648,1.0593,0,mAPN9MutIL8WDHXdi7yYezSjqMqF1KIjXiw-E8pctFFWL44lE-HMHfJNlRsPhOoP-82HRYf0BATzKA,BR1_3273454025,16.16,14.0,10.514,15.104,0
9.8617,0.6116,0.1529,0.2857,0.1922,1,0.0,0.1529,0.5351,5.3695,0.5873,0.4195,0.6,0.3342,1.0,0.3333,0.5034,0.839,16.6582,0.6576,0.2192,0.5,0.2205,0.0,0.375,0.6576,1.3151,1,mAPN9MutIL8WDHXdi7yYezSjqMqF1KIjXiw-E8pctFFWL44lE-HMHfJNlRsPhOoP-82HRYf0BATzKA,BR1_3228176942,16.7,13.081,11.919,4.562,0
7.7075,0.4534,0.1511,0.5833,0.2638,4,0.0,0.5289,0.9068,9.1789,0.255,0.0,0.7,0.3307,3.0,0.0,0.5949,0.8499,7.6883,0.2023,0.2023,1.0,0.4716,0.0,0.3333,1.0116,1.0116,0,mAPN9MutIL8WDHXdi7yYezSjqMqF1KIjXiw-E8pctFFWL44lE-HMHfJNlRsPhOoP-82HRYf0BATzKA,BR1_3228159958,16.7,13.234,11.766,4.943,0
6.7143,0.9286,0.1429,0.2857,0.1972,1,0.0,0.4286,1.5,7.0273,1.0307,0.3748,0.2963,0.1475,0.0,0.1111,0.7496,2.5298,10.2489,1.9217,0.0,0.1667,0.1701,1.0,0.1,0.3203,1.9217,0,krY_n0ELOEyhrEdqefTAPyVCCKhRaJyfqM5No0VrAIksrIy6VRAvEO-8ovjFdEbDbrcy_cN5fwVMsw,BR1_3277245613,16.17,14.0,10.673,3.122,1
7.233,0.3404,0.1702,0.2,0.1955,0,0.0,0.1702,0.8509,4.9063,0.4529,0.3774,0.0526,0.153,0.0,0.2308,0.0755,1.4341,5.6172,0.0,0.0,0.75,0.0966,0.0,0.0,1.4043,1.8724,0,krY_n0ELOEyhrEdqefTAPyVCCKhRaJyfqM5No0VrAIksrIy6VRAvEO-8ovjFdEbDbrcy_cN5fwVMsw,BR1_3277234615,16.17,11.752,13.248,2.136,1
4.8766,0.4064,0.3251,0.3636,0.1701,0,0.0,0.3251,0.894,5.6578,0.3984,0.4781,0.3889,0.183,0.0,0.0769,0.5578,1.4344,2.7757,0.347,0.6939,0.2,0.0863,0.0,0.0,0.347,1.7348,0,krY_n0ELOEyhrEdqefTAPyVCCKhRaJyfqM5No0VrAIksrIy6VRAvEO-8ovjFdEbDbrcy_cN5fwVMsw,BR1_3277225029,16.17,12.304,12.549,8.647,0
6.1429,0.4286,0.2143,0.3,0.1876,0,0.2,0.2143,0.7143,4.8182,0.4545,0.1818,0.4706,0.2435,2.0,0.1818,0.7273,1.5455,4.2332,0.1337,0.2228,0.5263,0.2694,0.0,0.32,0.4456,0.8466,0,GtAfKaQxb7wUL3PCpXkHGhUUyVssGfJml2mx9jTnPNX85gbyD_GrfAO-X9CbHWDp0xcqOky-ybfrdQ,BR1_3277168033,16.17,14.0,11.0,22.441,0
5.9286,0.5,0.1429,0.3333,0.2678,1,0.0,0.2857,0.8571,5.2727,0.0,0.0909,0.7857,0.3103,0.0,0.2222,1.0,1.2727,3.2386,0.226,0.0753,0.8462,0.2609,1.0,0.0667,0.8285,0.9791,0,GtAfKaQxb7wUL3PCpXkHGhUUyVssGfJml2mx9jTnPNX85gbyD_GrfAO-X9CbHWDp0xcqOky-ybfrdQ,BR1_3276091818,16.16,14.0,11.0,13.277,0
7.3571,0.2857,0.1429,0.3636,0.1818,1,0.0,0.2857,0.7857,9.4545,0.1818,0.0909,0.1818,0.2563,0.0,0.1,0.1818,1.0,7.0443,0.2736,0.342,0.6429,0.2855,1.0,0.2105,1.231,1.915,0,RbWnlhUOySamoJ231P00F7esYZxXkBn9wxF24pi9NqV6rpw-Y2IsTyZ8vl_89HPCX6ovd8GW2H2SJQ,BR1_3277177265,16.17,14.0,11.0,14.622,1
7.7219,0.1457,0.0,0.2727,0.1791,1,0.0,0.4371,1.6027,5.4999,0.2661,0.4435,0.4545,0.2778,4.0,0.2,0.8871,1.9516,7.907,0.1818,0.2727,0.3077,0.3161,0.0,0.0,0.3635,1.1815,0,RbWnlhUOySamoJ231P00F7esYZxXkBn9wxF24pi9NqV6rpw-Y2IsTyZ8vl_89HPCX6ovd8GW2H2SJQ,BR1_3277157217,16.17,13.727,11.273,11.003,0
5.8571,0.2857,0.1429,0.5294,0.3816,5,0.0,0.6429,1.2143,7.1818,0.2727,0.1818,0.3684,0.2454,3.0,0.1818,0.6364,1.7273,5.1323,0.0,0.2138,0.3333,0.2099,0.0,0.0,0.6415,1.9246,0,Z_A1I96Ljk3PZkZ7uMdw-QnPTsbT430h3iLq9GAvsVGQPnc2QFOdWIDOJo3OcnE100deUudkYXW-IA,BR1_3277196407,16.17,14.0,11.0,4.676,1
5.8571,0.2143,0.0714,0.3333,0.2091,1,0.2,0.1429,0.4286,5.7273,0.3636,0.2727,0.4545,0.2184,0.0,0.0,0.4545,1.0,4.6502,0.5205,0.347,0.36,0.1352,0.0,0.129,0.3123,0.8676,1,Z_A1I96Ljk3PZkZ7uMdw-QnPTsbT430h3iLq9GAvsVGQPnc2QFOdWIDOJo3OcnE100deUudkYXW-IA,BR1_3277078284,16.17,14.0,11.0,28.816,1
7.6167,0.3543,0.0886,0.2381,0.2378,2,0.75,0.4428,1.8599,4.8873,0.5836,0.3647,0.1429,0.1509,0.0,0.4,0.2188,1.5318,4.8029,0.4366,0.3275,0.2222,0.1354,1.0,0.0714,0.4366,1.9648,0,tJlbyV9_drCGO2fbiw5hIA3BYGSKeOS75uYWU4wcewjb8wC5NQu0h8GLgWwhV3DndZMKOYZpAk-uZQ,BR1_3277204290,16.17,11.291,13.709,9.161,1
6.3665,8.4646,0.2894,0.1,0.1607,0,0.0,0.0723,0.7235,4.4732,7.8728,0.6262,0.25,0.2379,0.0,0.0,0.3579,1.4314,4.2999,11.0364,0.215,0.3,0.1479,1.0,0.0588,0.645,2.1499,0,_2oppq4jzq8BFnPXEIF0yLmzW8-pV9JPJ4s73QhHeM54PI7-Amqhm9KxB8Qp7LW7NpPLhVPXfLWeBQ,BR1_3277166763,16.17,13.822,11.178,13.954,1
5.6164,0.312,0.156,0.3333,0.3092,2,0.25,0.234,0.702,4.4545,0.405,0.405,0.25,0.1987,1.0,0.3636,0.5062,2.0248,3.543,0.7086,0.7086,0.4,0.1456,1.0,0.0,1.4172,3.543,0,_2oppq4jzq8BFnPXEIF0yLmzW8-pV9JPJ4s73QhHeM54PI7-Amqhm9KxB8Qp7LW7NpPLhVPXfLWeBQ,BR1_3277156118,16.17,12.82,9.878,1.411,1
6.5,0.4286,0.1429,0.2857,0.2449,1,0.0,0.1429,0.5,7.5083,0.6088,0.5073,0.625,0.1654,0.0,0.0833,0.5073,0.8117,10.0676,0.4195,0.4195,0.0,0.1876,0.0,0.4,0.0,0.0,0,7wnypQi2gawmg49AxT3m8fT8Pr9ILcrzsJrwVup9kQvgefwT4LRNTDWnuzxzg28CN8QSLrYjD2Ho6A,BR1_3277187870,16.17,14.0,9.856,2.384,0
6.2857,0.3571,0.2143,0.3158,0.2717,2,0.25,0.4286,1.3571,7.1036,0.576,0.096,0.1875,0.1611,1.0,0.0714,0.576,3.0718,,,,,,,,,,1,lgQLZRgB01qV5wRpSYyxSidIqKZFnehCGDoIjbIYYvRaZqjJkEljKP-HW3EUgVgAfcGl_MpQ7D0WRQ,BR1_3277190377,16.17,14.0,10.417,0.0,1
5.8791,0.426,0.0,0.4,0.1934,0,0.0,0.3408,0.852,8.5686,0.0942,0.1883,0.4167,0.2217,2.0,0.1429,0.9416,2.2599,3.1238,0.0,0.4236,0.7037,0.4401,4.0,0.1852,1.006,1.4296,0,lgQLZRgB01qV5wRpSYyxSidIqKZFnehCGDoIjbIYYvRaZqjJkEljKP-HW3EUgVgAfcGl_MpQ7D0WRQ,BR1_3276646528,16.17,11.737,10.62,18.887,0
8.1112,0.3042,0.0,0.0,0.1904,0,0.0,0.0,1.2167,7.6519,0.4869,0.2087,0.6667,0.322,3.0,0.2857,0.8347,1.2521,5.3267,0.1776,0.5327,0.625,0.3083,0.0,0.125,0.8878,1.4205,0,lgQLZRgB01qV5wRpSYyxSidIqKZFnehCGDoIjbIYYvRaZqjJkEljKP-HW3EUgVgAfcGl_MpQ7D0WRQ,BR1_3274992566,16.16,9.863,14.376,5.632,1
8.2352,0.3467,0.0,0.5455,0.3542,3,0.75,0.5201,0.9535,6.0902,0.3714,0.4456,0.25,0.2641,2.0,0.125,0.4456,1.7825,2.5739,0.5148,0.5148,0.8571,0.3498,0.0,0.0,1.5443,1.8017,0,rF9VcZLmFYNiVbuwLUTWnsSwX1WzHS9KC1tPeTI4Jpc5BEHY81JG_CTCS6rUdPXG6DdqrolK4EVppA,BR1_3277227921,16.17,11.536,13.464,3.885,1
5.978,0.3645,0.1458,0.125,0.1901,0,0.0,0.0729,0.5832,5.6723,0.4431,0.3545,0.2222,0.1756,1.0,0.1111,0.1773,0.7977,6.8138,0.4867,0.2433,0.75,0.1669,1.0,0.2,0.73,0.9734,0,rF9VcZLmFYNiVbuwLUTWnsSwX1WzHS9KC1tPeTI4Jpc5BEHY81JG_CTCS6rUdPXG6DdqrolK4EVppA,BR1_3277221133,16.17,13.717,11.283,4.109,0
7.2143,0.4286,0.0,0.3125,0.1997,1,0.0,0.3571,1.1429,8.1114,0.283,0.283,0.25,0.1106,0.0,0.1,0.5659,2.2636,8.715,0.0,0.5126,0.4,0.1138,0.0,0.5,1.0253,2.5632,0,rF9VcZLmFYNiVbuwLUTWnsSwX1WzHS9KC1tPeTI4Jpc5BEHY81JG_CTCS6rUdPXG6DdqrolK4EVppA,BR1_3277190383,16.17,14.0,10.602,1.951,1
6.1429,0.4286,0.0714,0.6111,0.2492,3,0.6,0.7857,1.2857,6.7273,0.3636,0.1818,0.3,0.1207,0.0,0.125,0.8182,2.7273,22.7085,0.0,0.0,0.5,0.2322,1.0,,2.0644,4.1288,0,rF9VcZLmFYNiVbuwLUTWnsSwX1WzHS9KC1tPeTI4Jpc5BEHY81JG_CTCS6rUdPXG6DdqrolK4EVppA,BR1_3277174407,16.17,14.0,11.0,0.484,1
6.9286,0.4286,0.1429,0.3333,0.2188,0,0.0,0.0714,0.2143,7.9566,0.4896,0.3672,0.6667,0.2253,0.0,0.0625,0.4896,0.7345,,,,,,,,,,0,NNitLM2Pm5iHZpK_xUeEKmnOWhwLfKSWNeKdffked5thCFvRl-2Lu-4kaJQKexPE8SQADJVDr4Nurw,BR1_3277115062,16.17,14.0,8.169,0.0,0
8.7662,0.3653,0.0731,0.3333,0.185,1,0.25,0.2922,0.8766,5.7466,0.8841,0.3536,0.55,0.2866,1.0,0.0909,0.9725,1.7682,8.3478,0.704,0.3017,0.625,0.3252,0.0,0.0625,0.5029,0.8046,0,NNitLM2Pm5iHZpK_xUeEKmnOWhwLfKSWNeKdffked5thCFvRl-2Lu-4kaJQKexPE8SQADJVDr4Nurw,BR1_3277089967,16.17,13.689,11.311,9.943,0
5.5,0.4286,0.2857,0.1429,0.1533,0,0.0,0.1429,1.0,8.9091,0.4545,0.2727,0.2222,0.0763,0.0,0.25,0.1818,0.8182,6.3974,0.5729,0.4774,0.3333,0.1879,0.0,0.1667,0.2865,0.8594,0,NNitLM2Pm5iHZpK_xUeEKmnOWhwLfKSWNeKdffked5thCFvRl-2Lu-4kaJQKexPE8SQADJVDr4Nurw,BR1_3277074825,16.17,14.0,11.0,10.473,0
7.1147,0.2934,0.1467,0.4762,0.309,3,0.0,0.7335,1.5403,7.0898,0.5991,0.1997,0.6,0.342,2.0,0.1818,0.8987,1.4978,3.658,0.6097,0.3048,0.6923,0.4113,4.0,0.0,1.3717,1.9814,0,cwB7Us3rPR_iopDswoCcOLlYLn3csCVjUWYrhxhDJtN33Dkn93d51iQv1N4fqvyp4SGk7F9bSz31FA,BR1_3277051569,16.17,13.634,10.014,6.561,1
6.3267,0.3858,0.0772,0.3333,0.1796,1,0.5,0.3858,1.1573,7.0604,0.3323,0.2492,0.5556,0.2922,4.0,0.25,0.8306,1.4951,4.4626,0.4824,0.2412,0.6,0.237,1.0,0.0,0.7237,1.2061,0,7WlG7QlHr9aVHoRPsZXBzXZEA0qVKqN_NWNdeq4eyG-rB5XPKeiY4QxM5PgNwmWTpVnHAiOuDO7ZKQ,BR1_3277281575,16.17,12.961,12.039,8.291,0
6.5714,0.2857,0.0,0.1667,0.2973,1,0.0,0.0714,0.4286,4.7489,0.4749,0.4749,0.6667,0.252,0.0,0.1667,0.3166,0.4749,,,,,,,,,,1,7WlG7QlHr9aVHoRPsZXBzXZEA0qVKqN_NWNdeq4eyG-rB5XPKeiY4QxM5PgNwmWTpVnHAiOuDO7ZKQ,BR1_3277116887,16.17,14.0,6.317,0.0,0
6.535,0.3149,0.2362,0.5,0.2381,3,0.25,0.3937,0.7873,2.2041,0.4723,0.4723,0.8,0.278,0.0,0.0909,0.6297,0.7872,,,,,,,,,,0,7WlG7QlHr9aVHoRPsZXBzXZEA0qVKqN_NWNdeq4eyG-rB5XPKeiY4QxM5PgNwmWTpVnHAiOuDO7ZKQ,BR1_3277056402,16.17,12.701,6.352,0.0,0
8.4091,0.2156,0.0719,0.25,0.1392,1,0.0,0.1437,0.575,5.6869,0.5266,0.3159,0.3684,0.2251,0.0,0.2,0.7372,2.0009,3.3259,0.0993,0.3971,0.5588,0.1864,0.0,0.2174,0.9432,1.6878,0,t7YQtnlPBJvsFsPrgnWW6wSvFNGnfpiRvgP3xnNhB9h8ctJMnbsblL7d_tqqRDI9DEieojZd7eV-FA,BR1_3277246372,16.17,13.914,9.496,20.145,1
7.4902,0.2525,0.0842,0.3846,0.2708,3,0.0,0.4208,1.0941,6.1748,0.0762,0.2287,0.3462,0.2046,1.0,0.2143,0.6861,1.982,5.5436,0.0,0.462,0.25,0.2779,0.0,0.125,0.462,1.8479,0,t7YQtnlPBJvsFsPrgnWW6wSvFNGnfpiRvgP3xnNhB9h8ctJMnbsblL7d_tqqRDI9DEieojZd7eV-FA,BR1_3277235808,16.17,11.882,13.118,4.329,1
6.0594,0.459,0.0918,0.2667,0.0753,0,0.0,0.3672,1.3771,6.9646,0.674,0.2247,0.4286,0.1955,0.0,0.25,0.674,1.5727,,,,,,,,,,0,2Gvi3scZilLYl3lNygMjfaposJ4AijbWOG--S6ZdfTHFTeS1H9219qydels37Xe0Fl34Wwz3YYaUEw,BR1_3277179738,16.17,10.892,4.451,0.0,1
6.4034,0.3284,0.2463,0.0,0.1569,0,0.0,0.0,0.2463,,,,,,,,,,,,,,,,,,,0,2Gvi3scZilLYl3lNygMjfaposJ4AijbWOG--S6ZdfTHFTeS1H9219qydels37Xe0Fl34Wwz3YYaUEw,BR1_3275816694,16.16,12.181,0.0,0.0,0
5.8143,0.3813,0.1906,0.3333,0.1847,0,0.0,0.1906,0.5719,7.9442,0.3484,0.2787,0.5,0.2736,2.0,0.1429,0.6272,1.2544,5.205,0.0,1.1567,0.0,0.2031,0.0,0.1429,0.0,0.5783,0,jTmStgDnBTRGbG-gKdKefJJtqfhKvEcXYH1PZvkps6TO-gGpMJhSY-13n38laPzhPHpf0J9cMTvpBA,BR1_3277204571,16.17,10.491,14.35,1.729,0
5.9286,0.2143,0.4286,0.2,0.2373,0,0.0,0.1429,0.7143,8.7059,0.2025,0.4049,0.6667,0.3298,1.0,0.25,0.8098,1.2148,,,,,,,,,,0,jTmStgDnBTRGbG-gKdKefJJtqfhKvEcXYH1PZvkps6TO-gGpMJhSY-13n38laPzhPHpf0J9cMTvpBA,BR1_3277192592,16.17,14.0,4.939,0.0,0
6.6929,0.3265,0.1632,0.3333,0.2683,1,0.0,0.2449,0.7346,5.4909,0.4707,0.2353,0.65,0.2509,1.0,0.0769,1.0197,1.5688,9.5689,0.6174,0.3087,1.0,0.223,0.0,0.0,1.8521,1.8521,0,15k2cy-EJ13-cI9vFCptO1sx6xwauZnlbd-OQj2MzKFltlloOiAxdV5oOA9bf77lvVAE1OPE6WGOpw,BR1_3276660785,16.17,12.252,12.748,3.24,0
7.2191,0.1782,0.0891,0.35,0.2397,1,0.0,0.6239,1.7825,7.2827,0.4162,0.0,0.3636,0.1476,1.0,0.2143,0.8323,2.2889,,,,,,,,,,0,15k2cy-EJ13-cI9vFCptO1sx6xwauZnlbd-OQj2MzKFltlloOiAxdV5oOA9bf77lvVAE1OPE6WGOpw,BR1_3276654665,16.17,11.22,9.612,0.0,1
5.24,0.4094,0.1638,0.3636,0.29,0,0.0,0.3275,0.9006,6.7182,0.3101,0.4134,0.75,0.1947,0.0,0.2222,0.3101,0.4134,5.4161,0.2166,0.6499,0.2,0.2025,0.0,0.125,0.2166,1.0832,0,15k2cy-EJ13-cI9vFCptO1sx6xwauZnlbd-OQj2MzKFltlloOiAxdV5oOA9bf77lvVAE1OPE6WGOpw,BR1_3276646551,16.17,12.214,9.675,4.616,0
5.5,0.4286,0.2857,0.4375,0.2297,2,0.0,0.5,1.1429,7.5938,0.2052,0.3079,0.3846,0.1695,1.0,0.0833,0.5131,1.334,6.2414,0.438,0.3285,0.5588,0.3597,5.0,0.1154,1.0402,1.8615,0,15k2cy-EJ13-cI9vFCptO1sx6xwauZnlbd-OQj2MzKFltlloOiAxdV5oOA9bf77lvVAE1OPE6WGOpw,BR1_3276419240,16.17,14.0,9.745,18.265,1
8.7376,0.3671,0.0,0.3333,0.0964,1,0.2,0.0734,0.2203,9.8531,0.7166,0.2687,0.25,0.2058,2.0,0.2222,0.1791,0.7166,7.9554,0.1657,0.3315,0.0,0.0169,0.0,0.0,0.0,0.1657,1,j7C2qi1_Rz-mp9NhAbdOXgMeYbzlGl9OpIcfYf4C0Rwo0bB0ujjQPThMC0effGLlgwFd1V80YZMqtw,BR1_3276143968,16.16,13.619,11.164,6.034,0
7.05,0.3099,0.1549,0.2105,0.2441,3,0.0,0.3099,1.472,6.6986,0.5789,0.4135,0.3684,0.2088,0.0,0.0769,0.5789,1.5713,5.9554,0.8631,0.1726,0.5455,0.2249,0.0,0.25,0.5179,0.9494,0,j7C2qi1_Rz-mp9NhAbdOXgMeYbzlGl9OpIcfYf4C0Rwo0bB0ujjQPThMC0effGLlgwFd1V80YZMqtw,BR1_3276127429,16.16,12.908,12.092,11.586,0
8.8552,0.2251,0.075,0.4,0.3554,1,0.25,0.1501,0.3752,7.0639,0.2018,0.6055,0.4,0.2943,0.0,0.0,0.4036,1.0091,,,,,,,,,,0,j7C2qi1_Rz-mp9NhAbdOXgMeYbzlGl9OpIcfYf4C0Rwo0bB0ujjQPThMC0effGLlgwFd1V80YZMqtw,BR1_3276085083,16.16,13.326,4.955,0.0,0
8.9286,0.3571,0.0,0.2,0.2468,1,0.0,0.1429,0.7143,6.0909,0.1818,0.2727,0.3333,0.1807,0.0,0.1,0.3636,1.0909,6.463,0.4457,0.0,0.3,0.141,0.0,0.25,0.6686,2.2286,0,j7C2qi1_Rz-mp9NhAbdOXgMeYbzlGl9OpIcfYf4C0Rwo0bB0ujjQPThMC0effGLlgwFd1V80YZMqtw,BR1_3276071024,16.16,14.0,11.0,4.487,1
7.1585,0.3147,0.1573,0.1538,0.2275,0,0.2,0.1573,1.0226,6.0517,0.0,0.626,0.3333,0.2457,1.0,0.1429,0.4174,1.2521,,,,,,,,,,0,t5h2AKzXD31ZZ2eff0RmvywS2V2Vgo03uBJLN2b_hfCo4nZTa67roIsz6jwP316UCMgChuK78pPNlQ,BR1_3275363859,16.16,12.712,9.584,0.0,0
6.0,0.3571,0.2143,0.0,0.1865,0,0.0,0.0,0.5714,7.4019,0.4806,0.3845,0.4615,0.247,0.0,0.0,0.5768,1.2497,3.6576,0.4877,0.3658,0.2308,0.1097,0.0,0.0,0.3658,1.585,0,ZduwdzqBfDlqQ_fGBJ8OcpprcQTfGvUlce5nHFxGXRltMwp6NveaCBwHyZD3u5evSiQoH6Pb2cu11Q,BR1_3277113552,16.17,14.0,10.403,8.202,0
8.2916,0.2261,0.1508,0.4167,0.2544,2,0.0,0.3769,0.9045,4.0908,0.5114,0.5966,0.6923,0.2613,0.0,0.2308,0.767,1.1079,8.8921,0.0,0.988,0.5,0.183,0.0,0.0,0.988,1.976,0,ZduwdzqBfDlqQ_fGBJ8OcpprcQTfGvUlce5nHFxGXRltMwp6NveaCBwHyZD3u5evSiQoH6Pb2cu11Q,BR1_3277089367,16.17,13.266,11.734,1.012,0
5.5,0.2857,0.1429,0.2857,0.2439,3,0.0,0.2857,1.0,5.7447,0.2872,0.2872,0.0,0.2303,0.0,0.1667,0.0,0.8617,5.8862,0.3924,0.1962,0.5833,0.3229,2.0,0.3158,0.9156,1.5696,0,rOiGUmk6yTXYnkAr3UFheU5hO1rcnndmeUxQ4MO-HgCCMy2qFgsxlVbrYUe2578UAiFLffLnvy9zdw,BR1_3277228607,16.17,14.0,6.963,15.29,1
8.345,0.3241,0.0,0.0,0.1413,0,0.0,0.0,0.9722,4.6613,0.316,0.158,0.3125,0.2262,1.0,0.0909,0.395,1.2641,3.4149,0.2944,0.2355,0.5833,0.2542,0.0,0.0769,0.8243,1.4131,0,rOiGUmk6yTXYnkAr3UFheU5hO1rcnndmeUxQ4MO-HgCCMy2qFgsxlVbrYUe2578UAiFLffLnvy9zdw,BR1_3277211557,16.17,12.343,12.657,16.985,1
8.2789,0.2855,0.0,0.4,0.1479,0,0.25,0.1903,0.4758,10.2926,0.7917,0.3959,0.0,0.3012,0.0,0.0,0.0,0.1979,,,,,,,,,,1,rOiGUmk6yTXYnkAr3UFheU5hO1rcnndmeUxQ4MO-HgCCMy2qFgsxlVbrYUe2578UAiFLffLnvy9zdw,BR1_3277108922,16.17,10.509,5.052,0.0,0
8.4544,0.4104,0.2462,0.2857,0.3399,4,0.0,0.3283,1.1491,7.6461,0.5461,0.156,0.3704,0.2583,5.0,0.2,0.7802,2.1066,26.0728,0.0,2.1727,0.3333,0.2297,1.0,1.0,2.1727,6.5182,0,2Hw0ACwLe-hW5K8mBIpxIb2OruAK0DQ_FC47r7z4UJm48Ih3X2A4w7UUcKtpj9YLh0SubGbhhzWdpg,BR1_3276623010,16.17,12.183,12.817,0.46,1
6.7143,0.2857,0.2143,0.6667,0.3572,3,0.0,0.2857,0.4286,5.351,0.0,0.7644,0.0,0.3012,0.0,0.25,0.0,0.3822,,,,,,,,,,1,2Hw0ACwLe-hW5K8mBIpxIb2OruAK0DQ_FC47r7z4UJm48Ih3X2A4w7UUcKtpj9YLh0SubGbhhzWdpg,BR1_3276611960,16.17,14.0,2.616,0.0,0
5.0714,0.2143,0.2143,0.2667,0.1388,1,0.0,0.2857,1.0714,9.1728,0.0,0.2293,0.3846,0.1962,1.0,0.1429,0.5733,1.4906,5.7325,0.0,0.5593,0.2222,0.1456,0.0,0.1818,0.2796,1.2583,0,eh0C0vcZYN-xAUkc0TGlIykElpDTEQ0N8RdsOrDVgVid-cU1x1FptdYILgmLk7DKhwNg192HgA4YpQ,BR1_3276066545,16.16,14.0,8.721,7.152,0
6.2864,0.1699,0.1699,0.1818,0.2393,2,0.0,0.1699,0.9345,5.1913,0.2685,0.179,0.3913,0.2155,1.0,0.0909,0.8055,2.0586,9.4494,0.0,0.0,0.4,0.192,0.0,0.0,0.9947,2.4867,0,eh0C0vcZYN-xAUkc0TGlIykElpDTEQ0N8RdsOrDVgVid-cU1x1FptdYILgmLk7DKhwNg192HgA4YpQ,BR1_3274687018,16.16,11.771,11.173,4.021,1
5.3571,0.3571,0.0714,0.6,0.2811,2,0.0,0.4286,0.7143,6.7273,0.4545,0.3636,0.3333,0.2936,0.0,0.1818,0.1818,0.5455,3.4339,0.2641,0.5283,0.8,0.2502,0.0,0.5455,0.5283,0.6604,0,y-4LY0EFaau3XcmDffBlCE60ovnKqxLK0k-j9dAOu8Wg2QyS_siwdJaR5QVutKySj7kEaW8AyKtRQw,BR1_3277037504,16.17,14.0,11.0,7.571,0
5.96,0.2794,0.1862,0.125,0.2074,1,0.0,0.0931,0.745,4.7073,0.0,0.5794,0.3333,0.1722,0.0,0.2,0.2173,0.6518,6.5774,0.253,0.506,1.0,0.1388,0.0,0.2222,1.2649,1.2649,0,y-4LY0EFaau3XcmDffBlCE60ovnKqxLK0k-j9dAOu8Wg2QyS_siwdJaR5QVutKySj7kEaW8AyKtRQw,BR1_3277008910,16.17,10.738,13.808,3.953,0
5.9286,0.2143,0.0714,0.25,0.2317,1,0.75,0.1429,0.5714,4.1111,0.0,0.5409,0.6667,0.3076,0.0,0.0,0.6491,0.9737,5.6311,0.4693,0.4693,0.6,0.2365,0.0,0.0909,0.4693,0.7821,0,y-4LY0EFaau3XcmDffBlCE60ovnKqxLK0k-j9dAOu8Wg2QyS_siwdJaR5QVutKySj7kEaW8AyKtRQw,BR1_3276999428,16.17,14.0,9.243,6.393,0
3.8064,0.2239,0.4478,0.5,0.2841,0,,0.3359,0.6717,7.8418,0.4357,0.3112,0.4167,0.3036,0.0,0.1053,0.6224,1.4937,7.3475,0.7872,0.0,0.5333,0.2267,0.0,0.2727,1.0496,1.9681,0,y-4LY0EFaau3XcmDffBlCE60ovnKqxLK0k-j9dAOu8Wg2QyS_siwdJaR5QVutKySj7kEaW8AyKtRQw,BR1_3276986698,16.17,8.932,16.068,7.622,1
7.0,0.3571,0.0714,0.6154,0.3435,0,0.6,0.5714,0.9286,6.1818,0.4545,0.1818,0.4545,0.2997,1.0,0.2222,0.4545,1.0,2.5375,0.3625,0.2417,0.7143,0.2384,0.0,0.2222,1.2083,1.6916,0,P9JxEDR92EV1RZw99l-jQoJwhX_JVAPRgIJ9nlwROxbeoFWQRgeg3aqDYE7EnsSpDINzWwznHPMQIA,BR1_3277237724,16.17,14.0,11.0,8.276,1
6.5,0.2857,0.0,0.5385,0.257,2,0.2,0.5,0.9286,4.4545,0.3636,0.4545,0.5714,0.2709,0.0,0.3333,0.3636,0.6364,6.87,0.1908,0.1908,0.1429,0.1332,0.0,0.1,0.1908,1.3358,1,P9JxEDR92EV1RZw99l-jQoJwhX_JVAPRgIJ9nlwROxbeoFWQRgeg3aqDYE7EnsSpDINzWwznHPMQIA,BR1_3277227574,16.17,14.0,11.0,5.24,0
6.2614,0.3853,0.0963,0.3333,0.2245,1,0.75,0.1927,0.578,5.7601,0.2917,0.0,0.6429,0.2845,0.0,0.4167,0.6562,1.0208,5.4806,0.0,0.4216,0.5,0.2432,0.0,0.1429,1.2648,2.5295,0,P9JxEDR92EV1RZw99l-jQoJwhX_JVAPRgIJ9nlwROxbeoFWQRgeg3aqDYE7EnsSpDINzWwznHPMQIA,BR1_3276998205,16.17,10.381,13.715,2.372,1
6.8571,0.4286,0.0714,0.3,0.1637,2,0.0,0.2143,0.7143,5.0,0.4545,0.2727,0.4091,0.235,1.0,0.25,0.8182,2.0,7.4678,0.4979,0.2134,0.4815,0.1727,0.0,0.2,0.9246,1.9203,0,P9JxEDR92EV1RZw99l-jQoJwhX_JVAPRgIJ9nlwROxbeoFWQRgeg3aqDYE7EnsSpDINzWwznHPMQIA,BR1_3276549872,16.17,14.0,11.0,14.06,1
6.7527,0.3881,0.0,0.0,0.2238,0,0.0,0.0,0.1552,6.6027,0.2476,0.0,0.3,0.2282,2.0,0.0,0.2476,0.8253,4.2492,0.0,0.1847,0.5,0.1339,0.0,0.0769,0.3695,0.739,0,T2fuP0eE863os4XcCJ-sNC2z0TcuV6CHjbo5ktfEBUXNmBvZEFQgBNyzYG2d5iWkjhkJ0CaED-XurA,BR1_3276979886,16.17,12.884,12.116,10.826,0
6.1614,0.1503,0.1503,0.3077,0.2409,0,0.0,0.3006,0.9768,3.7635,0.2566,0.1711,0.6667,0.3872,1.0,0.0909,0.6843,1.0264,3.992,0.0,0.479,0.4,0.2133,0.0,0.2857,0.3194,0.7984,0,T2fuP0eE863os4XcCJ-sNC2z0TcuV6CHjbo5ktfEBUXNmBvZEFQgBNyzYG2d5iWkjhkJ0CaED-XurA,BR1_3276969730,16.17,13.309,11.691,6.263,0
5.1672,0.323,0.323,0.2,0.1643,1,0.0,0.2422,1.2111,3.9638,0.3171,0.3171,0.5385,0.2682,1.0,0.1818,0.5549,1.0306,3.8426,0.3843,0.064,0.6071,0.2548,2.0,0.2,1.0887,1.7932,0,T2fuP0eE863os4XcCJ-sNC2z0TcuV6CHjbo5ktfEBUXNmBvZEFQgBNyzYG2d5iWkjhkJ0CaED-XurA,BR1_3276963409,16.17,12.386,12.614,15.614,1
9.9017,0.3808,0.0,0.4444,0.2217,1,0.0,0.3047,0.6855,10.0245,0.5054,0.1685,0.2,0.2546,0.0,0.3333,0.1685,0.8424,10.2353,0.0,0.6021,0.0,0.4174,0.0,0.0,0.0,0.0,0,gKA122I_Ipn5k9cYK-KIqfjyxGCVj9aObbShJoFDe5WXiyHcwqgEJo-j0-L1HL9FOhuEBdfh80BNPA,BR1_3276997620,16.17,13.129,11.871,3.322,0
7.0,0.4286,0.2143,0.3636,0.3271,3,0.0,0.2857,0.7857,7.6364,0.5455,0.2727,0.3125,0.197,1.0,0.2727,0.4545,1.4545,7.5041,0.7504,0.1251,0.5,0.2292,0.0,0.0833,0.2501,0.5003,0,ByMrrm-XFoaRSsdti-faNqqN-Apfu_obwr416tZK_vWZCvYJAtqfhQG81lQ8JpHEsUwLJafR1rWddA,BR1_3277018272,16.17,14.0,11.0,7.996,1
6.0714,0.3571,0.1429,0.5,0.2862,4,0.0,0.5,1.0,6.8267,0.0,0.2926,0.7778,0.2508,0.0,0.1538,0.6827,0.8777,3.8928,0.0,0.4781,0.4706,0.1905,0.0,0.2,0.5464,1.161,0,ByMrrm-XFoaRSsdti-faNqqN-Apfu_obwr416tZK_vWZCvYJAtqfhQG81lQ8JpHEsUwLJafR1rWddA,BR1_3274951091,16.16,14.0,10.254,14.642,1
4.1226,0.2378,0.2378,0.625,0.1836,0,0.75,0.3964,0.6342,5.4091,0.3229,0.4037,0.7273,0.1944,0.0,0.1538,0.6459,0.8881,11.6602,0.1642,0.4927,0.75,0.2699,0.0,0.375,0.9854,1.3138,0,YNzQNDUuxi-viPlNUHiCmF247fv8R_vmb2BAemoCS8KI0fr0qoI7JlxitWGJrGPqa-f_JCF8-5Uiug,BR1_3277113228,16.17,12.613,12.387,6.089,0
4.4957,0.2325,0.155,0.2143,0.1178,0,0.25,0.2325,1.0852,5.4944,0.4431,0.2659,0.5385,0.1952,1.0,0.1111,0.6203,1.1521,1.8174,0.3462,0.5192,0.3889,0.0989,0.0,0.1333,0.6058,1.5577,0,YNzQNDUuxi-viPlNUHiCmF247fv8R_vmb2BAemoCS8KI0fr0qoI7JlxitWGJrGPqa-f_JCF8-5Uiug,BR1_3277043107,16.17,12.901,11.284,11.555,1
8.2143,0.1429,0.0,0.2778,0.3033,4,0.0,0.3571,1.2857,7.2727,0.2727,0.2727,0.4815,0.2861,4.0,0.1667,1.1818,2.4545,5.435,0.5721,0.0,0.5833,0.3945,1.0,0.1667,2.0024,3.4327,0,9y9LuBiC4Mw_yS0gWNL8P2zxoarkQ5rwAlPazUJZ97V39B6EZjfOD3Sk1QSR_WMb5zc9qvKgBv3Bcg,BR1_3277008078,16.17,14.0,11.0,3.496,1
7.9684,0.4781,0.0797,0.5455,0.3262,3,0.0,0.4781,0.8765,6.209,0.8522,0.3652,0.5,0.2203,1.0,0.2222,0.7305,1.4609,10.9448,0.4054,0.0,0.3333,0.1211,0.0,0.375,0.8107,2.4322,0,9y9LuBiC4Mw_yS0gWNL8P2zxoarkQ5rwAlPazUJZ97V39B6EZjfOD3Sk1QSR_WMb5zc9qvKgBv3Bcg,BR1_3276979887,16.17,12.55,8.214,2.467,1
7.5714,0.2857,0.2143,0.75,0.4457,2,0.0,0.4286,0.5714,5.8182,0.5455,0.3636,0.6667,0.2498,2.0,0.0,0.7273,1.0909,9.3024,0.691,0.1595,0.6842,0.3799,1.0,0.0455,0.691,1.01,0,9y9LuBiC4Mw_yS0gWNL8P2zxoarkQ5rwAlPazUJZ97V39B6EZjfOD3Sk1QSR_WMb5zc9qvKgBv3Bcg,BR1_3276848668,16.17,14.0,11.0,18.812,1
4.4583,0.2908,0.3877,0.4,0.1657,1,0.75,0.1938,0.4846,6.6066,0.613,0.2043,0.6667,0.2683,1.0,0.1538,0.4087,0.613,9.0931,0.6495,0.6495,0.3636,0.29,3.0,0.0,0.6495,1.7862,0,n8ZChl8I0fHo4WHzKNe2lUMQujWAhiqqzyn_jhKPvpA3p3kXCtHIBvG9iRsvbO1cXhFVO3B2cM53Ag,BR1_3277001788,16.17,10.318,14.682,6.158,0
5.5594,0.3005,0.0,0.25,0.3118,1,0.0,0.2254,0.9015,4.4485,0.5133,0.1711,0.3684,0.1933,2.0,0.0833,0.5988,1.6254,4.2913,0.6959,0.116,0.8,0.324,1.0,0.0,1.3918,1.7397,0,n8ZChl8I0fHo4WHzKNe2lUMQujWAhiqqzyn_jhKPvpA3p3kXCtHIBvG9iRsvbO1cXhFVO3B2cM53Ag,BR1_3276357282,16.17,13.311,11.689,8.622,1
6.4244,0.2141,0.0,0.3333,0.1605,0,0.0,0.2141,0.6424,6.9041,0.4552,0.0759,0.5238,0.2218,3.0,0.0,0.8346,1.5933,5.6335,0.4809,0.0,0.68,0.3348,1.0,0.0952,1.1679,1.7175,0,n8ZChl8I0fHo4WHzKNe2lUMQujWAhiqqzyn_jhKPvpA3p3kXCtHIBvG9iRsvbO1cXhFVO3B2cM53Ag,BR1_3276340644,16.17,9.339,13.181,14.556,1
6.0,0.3571,0.1429,0.6,0.3493,1,0.0,0.6429,1.0714,8.233,0.6861,0.0,0.8,0.3418,1.0,0.1667,1.0977,1.3722,3.083,0.6522,0.1779,0.7778,0.3922,0.0,0.0952,1.245,1.6008,0,n8ZChl8I0fHo4WHzKNe2lUMQujWAhiqqzyn_jhKPvpA3p3kXCtHIBvG9iRsvbO1cXhFVO3B2cM53Ag,BR1_3276325917,16.17,14.0,7.288,16.867,0
6.3877,0.4563,0.2281,0.2,0.288,0,0.0,0.076,0.3802,6.0761,0.2532,0.3376,0.4545,0.2413,1.0,0.1429,0.8439,1.8566,5.8944,0.4161,0.2774,0.6429,0.2448,0.0,0.0909,1.2482,1.9417,0,qlYFGSDeqTO8pPRIvHvHlpAnIqU_xccZnsVvv6-UPQGdYLU7R5gS1wOEAEvotqZdU0bSz8zfcW1yPA,BR1_3275774431,16.16,13.15,11.85,14.42,1
6.1053,0.3091,0.0773,0.2857,0.2518,0,0.0,0.1546,0.541,7.5651,0.3109,0.3109,0.4286,0.2034,1.0,0.0,0.3109,0.7254,9.0622,0.4088,0.1363,0.5652,0.3288,1.0,0.1053,0.8858,1.5671,0,-8RMBeId2KaHVeBzQsK2bqPvAkeVLCjoiXaijaohssS-9gAJmMwVtcmGmfnlr89CpPX2tB-ZiZbRWg,BR1_3277207970,16.17,12.94,9.65,14.676,1
4.8521,0.2897,0.2173,0.4444,0.2163,0,0.0,0.2897,0.6518,4.557,0.3574,0.3574,0.4118,0.1891,0.0,0.3636,0.6255,1.519,6.7771,0.0,1.1295,0.5,0.2894,0.0,1.0,1.1295,2.259,0,Nv4YOcw6n6piLLQX7bTiC9QiwY47UptbSb5QULC45BgpPOFCqIGWC1k_xo1PysxE81ieqHz2bwh9Cw,BR1_3276995432,16.17,13.808,11.192,0.885,0
8.0,0.2857,0.0,0.3333,0.2397,1,0.0,0.2143,0.6429,9.8182,0.5455,0.0909,0.6154,0.355,1.0,0.3,0.7273,1.1818,8.5243,0.155,0.0,0.5455,0.3001,0.0,0.1111,0.9299,1.7049,0,KqugKQ7g2mE22GM9Um8wCHvQ4zustyFcyoxOn_AukojU6AJ5z9s43-gD6LW0atlgP-rPQCnFh4iyWQ,BR1_3277314351,16.17,14.0,11.0,6.452,1
9.6771,0.3551,0.0,0.1667,0.1631,0,0.3333,0.0888,0.5327,8.0808,0.364,0.0,0.6,0.3304,4.0,0.2,0.8736,1.456,8.2696,0.0,0.5513,0.4,0.3181,1.0,0.5,1.1026,2.7565,0,KqugKQ7g2mE22GM9Um8wCHvQ4zustyFcyoxOn_AukojU6AJ5z9s43-gD6LW0atlgP-rPQCnFh4iyWQ,BR1_3277301720,16.17,11.264,13.736,1.814,1
6.5148,0.3925,0.3925,0.0909,0.143,0,0.0,0.0785,0.8634,4.0305,0.0896,0.3583,0.25,0.1574,0.0,0.1429,0.0896,0.3583,9.319,0.1781,0.1187,0.4688,0.1618,1.0,0.1,0.8904,1.8994,0,KqugKQ7g2mE22GM9Um8wCHvQ4zustyFcyoxOn_AukojU6AJ5z9s43-gD6LW0atlgP-rPQCnFh4iyWQ,BR1_3277286877,16.17,12.74,11.165,16.847,1
4.8571,0.4286,0.1429,0.4118,0.208,2,0.0,0.5,1.2143,5.5098,0.5165,0.0,0.125,0.1068,2.0,0.1111,0.3444,2.7549,,,,,,,,,,0,KqugKQ7g2mE22GM9Um8wCHvQ4zustyFcyoxOn_AukojU6AJ5z9s43-gD6LW0atlgP-rPQCnFh4iyWQ,BR1_3277283621,16.17,14.0,5.808,0.0,1
5.717,0.2257,0.3009,0.0,0.1338,0,0.0,0.0,0.4513,8.1153,0.5125,0.1708,0.3333,0.0834,1.0,0.1111,0.3417,1.0251,6.7741,0.1964,0.0982,0.75,0.2703,0.0,0.1,0.2945,0.3927,0,KqugKQ7g2mE22GM9Um8wCHvQ4zustyFcyoxOn_AukojU6AJ5z9s43-gD6LW0atlgP-rPQCnFh4iyWQ,BR1_3277274776,16.17,13.294,11.706,10.186,0
5.7492,0.315,0.315,0.2,0.1369,2,0.0,0.1575,0.7876,8.3757,0.4814,0.5776,0.1538,0.1517,0.0,0.1667,0.1925,1.2515,6.4634,0.4672,0.3115,0.3333,0.1902,2.0,0.2778,0.4672,1.4017,0,WCARLudYiXt1z-ys7O317HLDi2ZPGozNvc8hyEC0r22mhMQxTa-_5BvlvNTxMtOh0K-9HZXRNMQPCg,BR1_3277110195,16.17,12.697,10.387,12.842,1
6.546,0.3597,0.3597,0.1538,0.1886,2,0.25,0.1439,0.9351,8.5714,0.5471,0.4559,0.3333,0.2411,1.0,0.1538,0.2736,0.8207,7.7645,0.5546,0.5546,0.6,0.3485,0.0,0.0909,0.5546,0.9244,0,WCARLudYiXt1z-ys7O317HLDi2ZPGozNvc8hyEC0r22mhMQxTa-_5BvlvNTxMtOh0K-9HZXRNMQPCg,BR1_3277056223,16.17,13.902,10.967,5.409,0
8.0587,0.3358,0.1679,0.2857,0.2265,6,0.0,0.5037,1.7628,8.3971,0.3651,0.0,0.4167,0.2043,0.0,0.0,0.9127,2.1906,,,,,,,,,,0,WCARLudYiXt1z-ys7O317HLDi2ZPGozNvc8hyEC0r22mhMQxTa-_5BvlvNTxMtOh0K-9HZXRNMQPCg,BR1_3276947849,16.17,11.913,5.478,0.0,1
6.5,0.4286,0.2143,0.3,0.2107,2,0.0,0.2143,0.7143,9.0626,0.3442,0.2294,0.1429,0.2541,0.0,0.1667,0.1147,0.803,7.0737,0.4366,0.0,0.5,0.1599,0.0,0.5,1.1353,2.2706,0,LS8_K11C4AQzsoKcJdj3u7cJLZH5u7xOu7nM_G6FGYCSD7hQiAspBcNcagvwG8phrSmcmwAqBCP4xQ,BR1_3275851987,16.16,14.0,8.717,11.451,1
6.2857,0.2857,0.2143,0.2778,0.3688,3,0.0,0.3571,1.2857,6.1931,0.0,0.2732,0.0833,0.2178,1.0,0.0,0.0911,1.0929,8.7836,0.0,0.2059,0.5625,0.2767,2.0,0.2353,0.6176,1.098,0,LS8_K11C4AQzsoKcJdj3u7cJLZH5u7xOu7nM_G6FGYCSD7hQiAspBcNcagvwG8phrSmcmwAqBCP4xQ,BR1_3275834224,16.16,14.0,10.98,14.573,1
6.5614,0.2916,0.2187,0.5,0.2709,0,0.0,0.5103,1.0207,5.5835,0.4431,0.4431,0.2857,0.1928,0.0,0.1,0.3545,1.2408,3.5171,0.2069,0.6207,0.375,0.1728,0.0,0.3333,0.6207,1.6551,0,K96ctIC5kHhzoysrzlUq6St_uHAZ6a91bvbM8aULlRFXeRWFhzfCu7A_Im0X6poGqxK-S1u7TK9cVw,BR1_3277301794,16.17,13.717,11.283,4.833,0
6.9218,0.1521,0.0761,0.3333,0.1887,1,0.0,0.3043,0.9128,10.8332,0.2778,0.0,0.2222,0.1983,2.0,0.3333,0.5555,2.5,,,,,,,,,,0,wafVDeRz8yAvPmY-USxVIdBPnvHDV9-ud2MGWIlPq5wTEDqwUsTFf21-cnJHCG4bEXzkiHUVlOSoLA,BR1_3276750625,16.17,13.147,3.6,0.0,1
8.3361,0.3705,0.0,0.4,0.207,2,0.0,0.1852,0.4631,9.0349,0.3963,0.2378,0.75,0.3477,1.0,0.3529,0.7133,0.951,,,,,,,,,,0,248NiDAJMP0KbAj-UQiMwXHNviVGD1plAGU0fxUK3O29JS_DCrX4vQI3_ItnKHQUFGD8-GebJgANjw,BR1_3277086380,16.17,10.796,12.618,0.0,0
6.1429,0.3571,0.2143,0.125,0.2499,1,0.0,0.0714,0.5714,6.0,0.4545,0.1818,0.5,0.2855,1.0,0.0,0.5455,1.0909,4.2043,0.4805,0.2402,0.6316,0.2209,0.0,0.1429,1.4415,2.2823,0,248NiDAJMP0KbAj-UQiMwXHNviVGD1plAGU0fxUK3O29JS_DCrX4vQI3_ItnKHQUFGD8-GebJgANjw,BR1_3277052563,16.17,14.0,11.0,8.325,1
7.0006,0.2658,0.0,0.1667,0.1845,1,0.0,0.1772,1.0634,6.9636,0.0,0.2211,0.4286,0.2607,1.0,0.2857,0.3316,0.7737,,,,,,,,,,0,248NiDAJMP0KbAj-UQiMwXHNviVGD1plAGU0fxUK3O29JS_DCrX4vQI3_ItnKHQUFGD8-GebJgANjw,BR1_3277002563,16.17,11.285,9.047,0.0,0
6.8619,0.3729,0.0746,0.1667,0.1764,2,0.0,0.2238,1.3425,6.2971,0.4313,0.1725,0.5789,0.198,1.0,0.2941,0.9489,1.639,11.3797,0.0,0.0,0.8,0.323,0.0,,4.1381,5.1726,0,248NiDAJMP0KbAj-UQiMwXHNviVGD1plAGU0fxUK3O29JS_DCrX4vQI3_ItnKHQUFGD8-GebJgANjw,BR1_3276895530,16.17,13.407,11.593,0.967,1
7.2879,0.3512,0.0,0.25,0.216,0,0.0,0.0878,0.3512,4.9147,0.2304,0.384,0.3636,0.1815,0.0,0.0,0.3072,0.8447,3.3041,0.0,0.413,0.5,0.1356,0.0,0.2667,0.413,0.826,0,248NiDAJMP0KbAj-UQiMwXHNviVGD1plAGU0fxUK3O29JS_DCrX4vQI3_ItnKHQUFGD8-GebJgANjw,BR1_3276807196,16.17,11.389,13.022,12.106,0
5.564,0.1567,0.1567,0.3333,0.1896,1,0.0,0.2351,0.7053,9.0691,0.4085,0.1634,0.5217,0.2069,2.0,0.25,0.9804,1.8792,5.0546,0.2973,0.2478,0.5152,0.2845,3.0,0.2778,0.8424,1.6353,0,iewMj0s5Vbfg1Mjqy57eICZqTmrJe2ukR7ynwL8eoxt7aynSwYKHmFQrLrUihuiOmDQtbzP2VWXQZg,BR1_3273744278,16.16,12.761,12.239,20.18,1
5.2857,0.2857,0.2143,0.1111,0.2067,2,0.0,0.1429,1.2857,6.8182,0.2727,0.4545,0.4545,0.2271,1.0,0.1333,0.4545,1.0,8.5452,0.2441,0.4883,0.2,0.0524,0.0,0.2,0.2441,1.2207,0,vtU2S4AX9yig2sWwvwUHnXjkgiChwyHJxWc_Ub8qcH_hD2zQAIiZoOjPjkhWhy-CzH39bsu1MS78Xw,BR1_3277257738,16.17,14.0,11.0,4.096,0
5.327,1.5324,0.2189,0.5833,0.336,4,0.0,0.5108,0.8757,3.3323,2.7578,0.3447,0.6154,0.3499,2.0,0.0,0.9193,1.4938,1.5673,2.6121,0.1741,0.5769,0.2175,0.0,0.3158,1.306,2.2638,1,vtU2S4AX9yig2sWwvwUHnXjkgiChwyHJxWc_Ub8qcH_hD2zQAIiZoOjPjkhWhy-CzH39bsu1MS78Xw,BR1_3277160340,16.17,13.704,8.703,11.485,1
7.254,0.3739,0.1496,0.6364,0.2976,3,0.0,0.5235,0.8226,7.3994,0.3946,0.3946,0.4444,0.4742,3.0,0.2,0.3946,0.8879,,,,,,,,,,0,vtU2S4AX9yig2sWwvwUHnXjkgiChwyHJxWc_Ub8qcH_hD2zQAIiZoOjPjkhWhy-CzH39bsu1MS78Xw,BR1_3277147387,16.17,13.372,10.136,0.0,0
7.1504,0.4584,0.1833,0.3333,0.3123,2,0.0,0.1833,0.55,4.2579,0.7096,0.2839,0.7222,0.37,4.0,0.0769,0.9225,1.2774,3.2872,0.692,0.2595,0.5909,0.4197,3.0,0.0769,1.1246,1.9031,1,uSZeHjOHSv007jjPiawL_0acLXm5aJDnXvIQLtdUleF3ajcNQgXG2gM4J8S98VAhJyRacBCHcuPl0A,BR1_3272162825,16.16,10.908,14.092,11.56,1
5.4286,0.2143,0.1429,0.3846,0.2982,1,0.0,0.3571,0.9286,5.6935,0.0,0.2423,0.3,0.2278,0.0,0.25,0.3634,1.2114,0.9162,0.0,0.9162,0.6667,0.2321,0.0,0.0,0.9162,1.3743,0,YqflFAXWFgtHn12mc0ikVtYYO0ugVH1DTFBR2m_txoYeZTqE4WNz70-O10tGrhrRhVbhXj5UXEzDIA,BR1_3277274959,16.17,14.0,8.255,2.183,0
5.7259,0.9413,0.3138,0.2857,0.3272,2,0.0,0.1569,0.5491,4.0136,1.3379,0.3087,0.5,0.2486,2.0,0.2222,0.4117,0.8233,4.7844,1.1391,0.2278,0.5,0.1223,0.0,0.0,0.2278,0.4557,0,TvNIpq1_aYmf8BLcdaGBQbWooT8t_ezGNfAQm1v6AEBepl9HlPi0lQeXiaXPc7J_yaZQ4ciT09jcDQ,BR1_3276812757,16.17,12.749,9.717,4.389,0
5.5714,0.3571,0.2143,0.5,0.332,3,0.0,0.5,1.0,5.8442,0.4383,0.4383,0.4286,0.2923,0.0,0.3333,0.4383,1.0227,4.5641,0.7469,0.4149,0.5556,0.2512,0.0,0.0833,0.8298,1.4937,0,TvNIpq1_aYmf8BLcdaGBQbWooT8t_ezGNfAQm1v6AEBepl9HlPi0lQeXiaXPc7J_yaZQ4ciT09jcDQ,BR1_3276798154,16.17,14.0,6.844,12.05,0
6.7256,0.2346,0.0782,0.4545,0.2419,0,0.0,0.391,0.8602,7.3057,0.5479,0.0913,0.6316,0.2024,0.0,0.0833,1.0959,1.7351,7.2767,0.383,0.0,0.5,0.2986,0.0,0.1429,0.383,0.766,0,TvNIpq1_aYmf8BLcdaGBQbWooT8t_ezGNfAQm1v6AEBepl9HlPi0lQeXiaXPc7J_yaZQ4ciT09jcDQ,BR1_3276782253,16.17,12.787,10.95,2.611,1
5.7857,0.3571,0.0,0.381,0.1418,1,0.2,0.5714,1.5,5.1818,0.7273,0.2727,0.5,0.2942,3.0,0.25,1.2727,2.5455,7.1906,0.3785,0.1892,0.5,0.2337,0.0,0.2857,1.1354,2.2707,0,TvNIpq1_aYmf8BLcdaGBQbWooT8t_ezGNfAQm1v6AEBepl9HlPi0lQeXiaXPc7J_yaZQ4ciT09jcDQ,BR1_3276761940,16.17,14.0,11.0,5.285,1
6.3571,0.3571,0.2857,0.3846,0.2608,1,0.0,0.3571,0.9286,6.5455,0.3636,0.4545,0.0909,0.1934,0.0,0.0,0.0909,1.0,4.8586,0.3939,0.2626,0.3333,0.1893,1.0,0.1538,0.3939,1.1818,0,FlTM3rutTygtaJpqk44L2OJ25RTNxKqq1SzESuat5zBSIVjVuRLzoPRmyfV1PSH2JwtGV3UmwVLN3A,BR1_3277283137,16.17,14.0,11.0,7.615,1
6.942,0.4182,0.1673,0.1818,0.2063,1,0.75,0.1673,0.92,6.0526,0.6917,0.2594,0.5,0.192,0.0,0.0833,0.6053,1.2105,6.734,0.6871,0.2749,0.9,0.1744,0.0,0.0,1.2369,1.3743,0,QDpWSmbSnpF6tFQiQOyGtwGGGzJ2YWY4ppvVaxhOrFC_9Qv0s8zjyQFTjkyLZf8kaXeZx8sfvPAkBg,BR1_3277011337,16.17,11.956,11.565,7.276,1
9.4603,0.1444,0.0,0.1429,0.2128,1,0.0,0.0722,0.5055,8.8768,0.3587,0.0897,0.4118,0.1863,1.0,0.0909,0.6276,1.5243,6.6775,0.2264,0.1132,0.5455,0.3281,1.0,0.0909,0.6791,1.245,0,Rlja0xinTe54p8U7-xV5LPlkD0_wtrre6AKPJ7gxm-CxUHTC5mp7FmIARaw5vG6uYb3-bUe0vZpkwA,BR1_3277137837,16.17,13.847,11.153,8.836,1
9.9353,0.3057,0.0,0.1,0.2589,0,0.0,0.0764,0.7643,8.6443,0.2518,0.0839,0.4211,0.1771,1.0,0.3636,0.6714,1.5946,7.7459,0.2256,0.1504,0.4091,0.3338,4.0,0.1176,0.6768,1.6545,1,Rlja0xinTe54p8U7-xV5LPlkD0_wtrre6AKPJ7gxm-CxUHTC5mp7FmIARaw5vG6uYb3-bUe0vZpkwA,BR1_3277053123,16.17,13.085,11.915,13.297,1
6.7143,0.3571,0.0714,0.1,0.1472,0,0.0,0.0714,0.7143,6.2376,0.2793,0.4655,0.2727,0.1533,0.0,0.0769,0.2793,1.0241,10.7173,0.1448,0.1448,0.7143,0.195,0.0,0.3,0.7241,1.0138,0,OR3P4lgtCIO-v53jQndcyyEaFhGDaF2bMm9QmrLxrPAl4EbLf6IppLI7toNbjy-BPj38FkP3sMw-jg,BR1_3277115075,16.17,14.0,10.741,6.905,0
6.4945,0.2466,0.0,0.25,0.1316,0,0.0,0.1644,0.6577,7.3344,0.1905,0.2858,0.4,0.2037,0.0,0.125,0.5715,1.4288,,,,,,,,,,0,OR3P4lgtCIO-v53jQndcyyEaFhGDaF2bMm9QmrLxrPAl4EbLf6IppLI7toNbjy-BPj38FkP3sMw-jg,BR1_3277101202,16.17,12.164,10.498,0.0,1
7.9847,0.2904,0.0,0.4286,0.2763,3,0.2,0.4355,1.0162,7.9297,0.4455,0.1782,0.381,0.2602,3.0,0.2667,0.7128,1.8711,4.1233,0.2425,0.7276,0.6667,0.2865,1.0,0.1111,0.4851,0.7276,0,AdEEFz6aJSUFYU_FrEEH8_KAd6ZqZbL2Ir3vgM7gFDicoS8ZkuFReuBglRS1ZxHBP0piyhBqeXqIEQ,BR1_3277089971,16.17,13.776,11.224,4.123,0
9.5829,0.3453,0.0,0.3333,0.3105,0,0.0,0.0863,0.259,,,,,,,,,,,,,,,,,,,0,AdEEFz6aJSUFYU_FrEEH8_KAd6ZqZbL2Ir3vgM7gFDicoS8ZkuFReuBglRS1ZxHBP0piyhBqeXqIEQ,BR1_3276181372,16.16,11.583,0.0,0.0,1
5.5,0.3571,0.0714,0.4,0.1915,0,0.0,0.4286,1.0714,7.5275,0.3962,0.1981,0.4286,0.1955,1.0,0.0,0.5943,1.3866,3.2103,0.4939,0.3704,0.3529,0.1264,0.0,0.4,0.7408,2.0991,0,AdEEFz6aJSUFYU_FrEEH8_KAd6ZqZbL2Ir3vgM7gFDicoS8ZkuFReuBglRS1ZxHBP0piyhBqeXqIEQ,BR1_3276162829,16.16,14.0,10.096,8.099,1
7.1429,0.3571,0.1429,0.4286,0.2583,2,0.0,0.2143,0.5,6.6217,0.3973,0.3973,0.0,0.1185,0.0,0.2857,0.0,0.3973,,,,,,,,,,0,AdEEFz6aJSUFYU_FrEEH8_KAd6ZqZbL2Ir3vgM7gFDicoS8ZkuFReuBglRS1ZxHBP0piyhBqeXqIEQ,BR1_3276093580,16.16,14.0,7.551,0.0,0
7.3571,0.3571,0.1429,0.5,0.2336,2,0.25,0.5,1.0,6.0604,0.4228,0.2819,0.6429,0.3302,2.0,0.0,1.2685,1.9732,3.7269,0.3549,0.1775,0.6429,0.3785,1.0,0.1,1.5972,2.4846,0,AdEEFz6aJSUFYU_FrEEH8_KAd6ZqZbL2Ir3vgM7gFDicoS8ZkuFReuBglRS1ZxHBP0piyhBqeXqIEQ,BR1_3276073312,16.16,14.0,7.095,5.635,1
6.3571,0.2857,0.1429,0.3,0.2004,2,0.0,0.2143,0.7143,5.8756,0.3148,0.0,0.6429,0.2306,3.0,0.1111,0.9443,1.4689,3.6057,0.3005,0.0,0.6471,0.2189,2.0,0.2,1.1018,1.7027,0,1U-oUOIkAk23xK0jHG3x9YtM67FDUCKrjV7jX_PLG2HT8MtrfeTBd511csLmdhe86ee7ZZmbkyw0ZQ,BR1_3276356170,16.17,14.0,9.531,9.984,1
6.2143,0.3571,0.0714,0.2857,0.2063,0,0.0,0.2857,1.0,8.7414,0.2732,0.0911,0.5,0.2212,2.0,0.125,0.7285,1.4569,2.3679,0.592,0.296,1.0,0.6132,0.0,0.1429,2.3679,2.3679,0,vYLOE4O0kKQxIgfUalcn6j4PeVsclrjPjuPfq2qPYegcZrTk9Xw9HfLjOu5SpBbZanD1bR6XEUmPrQ,BR1_3276873624,16.17,14.0,10.982,3.379,1
6.2857,0.3571,0.2143,0.2308,0.1598,1,0.2,0.2143,0.9286,7.1818,0.2727,0.2727,0.3636,0.224,1.0,0.1429,0.3636,1.0,5.508,0.4157,0.4157,0.5294,0.2311,0.0,0.3,0.9353,1.7667,0,vYLOE4O0kKQxIgfUalcn6j4PeVsclrjPjuPfq2qPYegcZrTk9Xw9HfLjOu5SpBbZanD1bR6XEUmPrQ,BR1_3276835790,16.17,14.0,11.0,9.622,0
5.714,0.2449,0.0816,0.6154,0.3477,2,0.25,0.653,1.0612,5.6473,0.2353,0.1569,0.6333,0.3532,3.0,0.1111,1.4903,2.3531,7.2477,0.2132,0.3198,0.6,0.3744,2.0,0.0667,0.6395,1.0658,0,HsMy774v6RZ7uiuQ-u2ZT3A3JkLpJxFbLISjOcV_EKP2kUd3P74jmNT9FupFxygFFBDFuJqQSwf1Iw,BR1_3277084439,16.17,12.251,12.749,9.382,0
5.0,0.3571,0.2143,0.3846,0.2281,3,0.0,0.3571,0.9286,6.0437,0.3181,0.106,0.4737,0.224,2.0,0.3333,0.9543,2.0146,,,,,,,,,,0,HsMy774v6RZ7uiuQ-u2ZT3A3JkLpJxFbLISjOcV_EKP2kUd3P74jmNT9FupFxygFFBDFuJqQSwf1Iw,BR1_3277062530,16.17,14.0,9.431,0.0,1
4.5825,0.3458,0.0,0.5714,0.2346,1,0.0,0.6917,1.2105,6.5861,0.1966,0.0983,0.5,0.2905,3.0,0.2,0.6881,1.3762,2.7093,0.1831,0.2563,0.5312,0.1439,0.0,0.2143,0.6224,1.1716,1,HsMy774v6RZ7uiuQ-u2ZT3A3JkLpJxFbLISjOcV_EKP2kUd3P74jmNT9FupFxygFFBDFuJqQSwf1Iw,BR1_3277042597,16.17,11.566,10.173,27.313,1
4.9286,0.3571,0.5,0.3846,0.3247,3,0.0,0.3571,0.9286,8.4545,0.0909,0.3636,0.3889,0.1917,1.0,0.0,0.6364,1.6364,8.0144,0.0,0.1705,0.1,0.1084,0.0,0.6,0.1705,1.7052,0,cJm0kdnMiS-4NHkMST5L1q8m8Iy8r-PEKkxlb-BMHH5DAdmD1isH-faSXwflztIT8feVAHe8yQWQfQ,BR1_3277317179,16.17,14.0,11.0,5.864,1
7.764,0.1553,0.0776,0.375,0.1957,1,0.25,0.2329,0.6211,6.6831,0.0,0.33,0.5,0.2493,1.0,0.1,0.5776,1.1551,5.8018,0.0,0.229,0.8462,0.3673,3.0,0.1,0.8397,0.9924,0,cJm0kdnMiS-4NHkMST5L1q8m8Iy8r-PEKkxlb-BMHH5DAdmD1isH-faSXwflztIT8feVAHe8yQWQfQ,BR1_3277102931,16.17,12.88,12.12,13.099,0
6.0794,0.2895,0.1447,0.4737,0.3143,3,0.0,0.6514,1.3751,3.2386,0.2159,0.3239,0.3571,0.3569,1.0,0.0,0.5398,1.5113,4.2571,0.5321,0.2129,0.7333,0.3346,0.0,0.0,1.1707,1.5964,0,ltjjrMyf_rb8s0gYAqAuKOzukkIPj6hpPFZmvy5NkA7BY14kU18ZoP5Pbi4WDRnTBBpBB5EbVmm2Gw,BR1_3277003166,16.17,13.817,9.263,9.396,0
6.3571,0.1429,0.1429,0.4444,0.2855,3,0.0,0.2857,0.6429,4.8182,0.1818,0.3636,0.6364,0.3398,2.0,0.0909,0.6364,1.0,3.7521,0.0,0.8338,1.0,0.4816,0.0,0.0,0.8338,0.8338,0,ltjjrMyf_rb8s0gYAqAuKOzukkIPj6hpPFZmvy5NkA7BY14kU18ZoP5Pbi4WDRnTBBpBB5EbVmm2Gw,BR1_3276987989,16.17,14.0,11.0,2.399,0
6.3571,0.3571,0.0714,0.4167,0.2892,2,0.75,0.3571,0.8571,2.2727,0.3636,0.2727,0.6842,0.2541,1.0,0.0,1.1818,1.7273,3.3158,0.3014,0.201,0.8,0.3496,0.0,0.1818,0.8038,1.0048,0,ltjjrMyf_rb8s0gYAqAuKOzukkIPj6hpPFZmvy5NkA7BY14kU18ZoP5Pbi4WDRnTBBpBB5EbVmm2Gw,BR1_3276941980,16.17,14.0,11.0,9.952,1
6.8466,0.2945,0.1472,0.5,0.2473,1,0.0,0.2945,0.589,4.73,0.2628,0.1752,0.2778,0.1492,0.0,0.0769,0.438,1.5767,2.849,0.2279,0.3989,0.4571,0.2196,0.0,0.15,0.9117,1.9943,0,ltjjrMyf_rb8s0gYAqAuKOzukkIPj6hpPFZmvy5NkA7BY14kU18ZoP5Pbi4WDRnTBBpBB5EbVmm2Gw,BR1_3276886272,16.17,13.583,11.417,17.55,0
4.8571,0.2143,0.2857,0.25,0.1357,0,0.2,0.2143,0.8571,6.6364,0.1818,0.3636,0.1,0.1236,0.0,0.0769,0.0909,0.9091,2.3023,0.6139,0.307,0.4545,0.089,0.0,0.2,0.7674,1.6884,0,P9yVVQcZXZj1ioev4lrR7i7w5pQa3tKht4rsNZLTO7zGE4GarcsgmTktPLR31k0F6B5exJxROB5uwA,BR1_3276779793,16.17,14.0,11.0,6.515,1
6.1624,0.316,0.316,0.2778,0.3074,4,0.0,0.395,1.4221,5.3896,0.1283,0.385,0.5455,0.3727,1.0,0.125,0.7699,1.4116,2.4323,0.1802,0.3603,0.85,0.4132,1.0,0.1429,1.5314,1.8017,0,EDO3xciUUUQCGd4oiSnUckGa8F5VdjaG23y7C_WSQuDgEsiF8A5Oz7rkhYfyYUB4bMZSLX33sRrQzQ,BR1_3274515127,16.16,12.657,7.793,11.101,1
9.4855,0.2277,0.0,0.4167,0.2807,2,0.25,0.3794,0.9106,9.5584,0.1692,0.0,0.4231,0.2757,3.0,0.2308,0.9305,2.1993,32.3899,0.0,4.6271,1.0,0.2629,1.0,,9.2543,9.2543,0,EDO3xciUUUQCGd4oiSnUckGa8F5VdjaG23y7C_WSQuDgEsiF8A5Oz7rkhYfyYUB4bMZSLX33sRrQzQ,BR1_3274238289,16.16,13.178,11.822,0.216,1
6.5714,0.4286,0.0,0.32,0.2708,4,0.2,0.5714,1.7857,7.4545,0.6364,0.0909,0.44,0.2416,1.0,0.1818,1.0,2.2727,5.4643,0.3036,0.6071,0.6667,0.2555,0.0,0.7143,1.2143,1.8214,0,68d6RN2Jz1QbuQ78H7cLKsFQw-59vgRzwtP1W-OJnCXwGAUERhW4G6rJ3rmhBhTXV-3qT3NoJKtsyg,BR1_3275412921,16.16,14.0,11.0,3.294,1
6.5803,0.5118,0.0,1.0,0.2466,0,0.2,0.5118,0.5118,7.0515,0.2821,0.094,0.3636,0.2172,1.0,0.1875,0.7522,2.0684,,,,,,,,,,1,68d6RN2Jz1QbuQ78H7cLKsFQw-59vgRzwtP1W-OJnCXwGAUERhW4G6rJ3rmhBhTXV-3qT3NoJKtsyg,BR1_3275388893,16.16,13.677,10.636,0.0,1
5.5,0.2857,0.1429,0.25,0.1595,0,0.0,0.1429,0.5714,7.6804,0.3747,0.1873,0.25,0.1599,0.0,0.1,0.0937,0.3747,3.1538,0.4505,0.0,0.0,0.2245,0.0,0.375,0.0,0.0,0,rvNxfNFO_UQgbJM0GWCvDmNz3r9OVOXPA2q_Iwfu9NsbKWXlhyWIWnp-qoW0wzDcfV7dODc1v9Lihg,BR1_3276895439,16.17,14.0,10.677,2.22,0
6.044,0.3022,0.0755,0.3333,0.1086,0,0.0,0.2266,0.6799,9.0584,0.5147,0.0,0.3333,0.1609,2.0,0.3,0.4117,1.2352,8.9543,0.4298,0.2149,0.7368,0.2561,0.0,0.0625,1.0029,1.3611,0,a3kKwvjECBz-ki76xhRSEX8kTWBW5gDb4E78OrqgktDDnhSnfjhYoc_QVCTO7IulXW36In72DF43ZA,BR1_3277153203,16.17,13.236,9.715,13.96,1
6.8584,0.3768,0.1507,0.125,0.2539,0,0.0,0.0754,0.6029,8.8769,0.5273,0.1758,0.3333,0.2294,0.0,0.1053,0.3516,1.0547,,,,,,,,,,0,a3kKwvjECBz-ki76xhRSEX8kTWBW5gDb4E78OrqgktDDnhSnfjhYoc_QVCTO7IulXW36In72DF43ZA,BR1_3277136395,16.17,13.268,11.378,0.0,0
4.8019,0.0842,0.337,0.1818,0.1028,0,0.0,0.1685,0.9267,9.0635,0.3808,0.1523,0.4118,0.1681,0.0,0.0769,0.5331,1.2948,8.6354,0.1382,0.4145,0.381,0.1946,1.0,0.0,0.5527,1.4507,0,a3kKwvjECBz-ki76xhRSEX8kTWBW5gDb4E78OrqgktDDnhSnfjhYoc_QVCTO7IulXW36In72DF43ZA,BR1_3277118066,16.17,11.87,13.13,14.475,0
8.5714,0.2857,0.1429,0.2308,0.2079,2,0.0,0.2143,0.9286,8.4545,0.6364,0.2727,0.4,0.2589,3.0,0.2,0.3636,0.9091,9.224,0.4392,0.2745,0.2857,0.1649,1.0,0.1111,0.4392,1.5373,0,a3kKwvjECBz-ki76xhRSEX8kTWBW5gDb4E78OrqgktDDnhSnfjhYoc_QVCTO7IulXW36In72DF43ZA,BR1_3277081030,16.17,14.0,11.0,18.213,1
5.2542,0.4237,0.4237,0.3333,0.3346,3,0.0,0.4237,1.2712,6.599,0.3793,0.2276,0.4615,0.2425,3.0,0.1667,0.4551,0.9861,4.7735,0.0783,0.313,0.4615,0.2033,0.0,0.2143,0.4695,1.0173,1,edNAvwGJbdJBR65DdqYtgZoA6AcwseO48yv6hL_ZNFA_b2ldwW3Od2fNSCVddiwE2MQeFeG_42yvTQ,BR1_3276735467,16.17,11.8,13.184,12.779,0
5.9148,0.3531,0.1766,0.2,0.1871,0,0.0,0.1766,0.8828,7.4103,0.2087,0.2087,0.1429,0.1423,1.0,0.2727,0.1044,0.7306,5.704,0.8149,0.4074,0.5,0.1073,0.0,0.0,0.4074,0.8149,0,edNAvwGJbdJBR65DdqYtgZoA6AcwseO48yv6hL_ZNFA_b2ldwW3Od2fNSCVddiwE2MQeFeG_42yvTQ,BR1_3276700945,16.17,11.328,9.581,2.454,0
5.5714,0.5,0.2143,0.2143,0.2038,1,0.2,0.2143,1.0,7.3426,0.7449,0.0,0.4,0.1476,2.0,0.0,0.6385,1.5962,1.997,0.3994,0.0,0.75,0.2411,1.0,0.2857,2.3964,3.1952,0,edNAvwGJbdJBR65DdqYtgZoA6AcwseO48yv6hL_ZNFA_b2ldwW3Od2fNSCVddiwE2MQeFeG_42yvTQ,BR1_3276549472,16.17,14.0,9.397,2.504,1
7.0157,0.3941,0.0788,0.4,0.2091,1,0.0,0.3153,0.7883,5.6959,0.4827,0.2896,0.25,0.2209,0.0,0.1429,0.2896,1.1585,1.9156,0.1916,0.3831,0.6471,0.3239,3.0,0.4667,1.0536,1.6283,0,edNAvwGJbdJBR65DdqYtgZoA6AcwseO48yv6hL_ZNFA_b2ldwW3Od2fNSCVddiwE2MQeFeG_42yvTQ,BR1_3276546535,16.17,12.686,10.358,10.441,0
6.7143,0.3571,0.0714,0.6,0.269,2,0.0,0.2143,0.3571,5.0909,0.4545,0.2727,0.3333,0.3304,0.0,0.0,0.0909,0.2727,6.149,0.3416,0.3416,0.5,0.2569,0.0,0.4444,0.1708,0.3416,1,lkIN77-HsdQaE1B_NSWXkjzrVogYMcPn-rCSSo1DzVqHiyWAM_RXD_jV6sN7BoqzhxAB-K1oWalLjg,BR1_3277218966,16.17,14.0,11.0,5.855,0
5.9286,0.4286,0.0714,0.4375,0.3169,3,0.0,0.5,1.1429,4.9249,0.5863,0.3518,0.2727,0.2069,1.0,0.1111,0.3518,1.2899,3.0546,1.1455,0.0,0.7778,0.3615,0.0,0.125,2.6727,3.4364,0,lkIN77-HsdQaE1B_NSWXkjzrVogYMcPn-rCSSo1DzVqHiyWAM_RXD_jV6sN7BoqzhxAB-K1oWalLjg,BR1_3277153798,16.17,14.0,8.528,2.619,1
7.0714,0.4286,0.0,0.1333,0.1693,1,0.75,0.1429,1.0714,8.5141,0.5493,0.0,0.75,0.257,0.0,0.2,1.6479,2.1972,,,,,,,,,,0,lkIN77-HsdQaE1B_NSWXkjzrVogYMcPn-rCSSo1DzVqHiyWAM_RXD_jV6sN7BoqzhxAB-K1oWalLjg,BR1_3277117368,16.17,14.0,3.641,0.0,1
6.6185,0.4596,0.2758,0.5,0.3484,1,0.0,0.4596,0.9192,8.5686,0.779,0.1416,0.52,0.4066,6.0,0.2667,0.9206,1.7704,6.4951,0.4639,0.232,0.7273,0.4351,2.0,0.5455,0.9279,1.2758,1,VgGgzIenQrF92PWl7BMbKYTU-jxB_qH2cQpQPI8LX6O6MAkKT9LWGnZQBhJA4AuI5n_gLfp__t-FwA,BR1_3275171528,16.16,10.879,14.121,8.622,1
6.4529,0.3073,0.1536,0.65,0.3466,5,0.25,0.9987,1.5364,7.0102,0.3338,0.4173,0.5833,0.4135,2.0,0.1538,0.5842,1.0015,2.621,0.0,0.8737,0.75,0.4541,0.0,0.2,0.8737,1.1649,1,VgGgzIenQrF92PWl7BMbKYTU-jxB_qH2cQpQPI8LX6O6MAkKT9LWGnZQBhJA4AuI5n_gLfp__t-FwA,BR1_3275159471,16.16,13.017,11.983,3.434,0
5.7857,0.2857,0.2143,0.4375,0.2898,4,0.25,0.5,1.1429,6.3424,0.0,0.4451,0.3846,0.3199,3.0,0.0,0.5564,1.4465,4.2952,0.0,0.179,0.8,0.6057,6.0,0.125,1.7896,2.2371,0,VgGgzIenQrF92PWl7BMbKYTU-jxB_qH2cQpQPI8LX6O6MAkKT9LWGnZQBhJA4AuI5n_gLfp__t-FwA,BR1_3275141231,16.16,14.0,8.987,11.175,1
6.4325,0.3655,0.1462,0.6667,0.394,3,0.2,0.731,1.0965,9.3917,0.0,0.4083,0.75,0.3714,0.0,0.3333,1.225,1.6333,,,,,,,,,,0,VgGgzIenQrF92PWl7BMbKYTU-jxB_qH2cQpQPI8LX6O6MAkKT9LWGnZQBhJA4AuI5n_gLfp__t-FwA,BR1_3275133137,16.16,13.68,2.449,0.0,1
7.4286,0.1429,0.1429,0.3,0.2806,0,0.0,0.4286,1.4286,8.4074,0.3764,0.251,0.6,0.3535,2.0,0.0,1.1293,1.8822,3.72,0.2705,0.3044,0.4872,0.2317,0.0,0.1818,0.6425,1.3189,0,y6z34-RdOVQYKmGuXfUOosC8n5ELUbu955n6ZuRyab3KpPO-MWzCHXCFqRIadYPS6YeqcDC5LC4kcw,BR1_3276452913,16.17,14.0,7.969,29.57,1
7.0715,8.7034,0.2331,0.375,0.3333,3,0.0,0.4663,1.2433,7.8309,18.1346,0.2473,0.4737,0.2684,3.0,0.25,0.7419,1.5662,6.7542,19.7221,0.5403,0.3571,0.2319,0.0,0.375,0.6754,1.8912,0,y6z34-RdOVQYKmGuXfUOosC8n5ELUbu955n6ZuRyab3KpPO-MWzCHXCFqRIadYPS6YeqcDC5LC4kcw,BR1_3276429808,16.17,12.869,12.131,7.403,0
6.1705,0.3381,0.1691,0.4286,0.1902,0,0.25,0.2536,0.5917,6.426,0.4016,0.4016,0.4,0.2551,0.0,0.1,0.2008,0.502,5.6973,0.2035,0.6104,0.5,0.3265,1.0,0.3,0.6104,1.2209,0,xEpNFFnKRIZ9CEUYxoOeqSMOQeHzzPHNPVvVWGU5Hxqsp7e33_gGm5ZmDyKzqnVl4NatnGGdUlNnvw,BR1_3275895378,16.16,11.831,9.96,4.915,0
4.5434,0.2782,0.3709,0.4615,0.1971,0,0.0,0.5563,1.2054,7.3228,0.5109,0.0851,0.2727,0.0974,1.0,0.0,0.5109,1.8733,2.5016,0.0,0.0,0.3333,0.1887,1.0,0.0,0.6254,1.8762,0,xEpNFFnKRIZ9CEUYxoOeqSMOQeHzzPHNPVvVWGU5Hxqsp7e33_gGm5ZmDyKzqnVl4NatnGGdUlNnvw,BR1_3275596284,16.16,10.785,11.744,1.599,1
5.1384,0.3162,0.3162,0.4,0.2352,0,0.0,0.1581,0.3953,3.1579,0.3239,0.4858,0.6316,0.2095,0.0,0.3846,0.9716,1.5384,7.7468,0.4427,0.4427,0.5,0.1021,0.0,0.4286,0.4427,0.8853,0,xEpNFFnKRIZ9CEUYxoOeqSMOQeHzzPHNPVvVWGU5Hxqsp7e33_gGm5ZmDyKzqnVl4NatnGGdUlNnvw,BR1_3275585133,16.16,12.65,12.35,4.518,0
6.9286,0.3571,0.2857,0.3846,0.3079,1,0.0,0.3571,0.9286,8.9865,0.521,0.2605,0.1818,0.2366,1.0,0.3333,0.2605,1.4326,7.5739,0.4809,0.3607,0.3684,0.205,1.0,0.0769,0.8415,2.2842,0,xEpNFFnKRIZ9CEUYxoOeqSMOQeHzzPHNPVvVWGU5Hxqsp7e33_gGm5ZmDyKzqnVl4NatnGGdUlNnvw,BR1_3275565005,16.16,14.0,7.678,8.318,1
8.0,0.3571,0.0,0.3333,0.1523,0,0.0,0.1429,0.4286,8.391,0.0,0.3814,1.0,0.2532,0.0,0.0,0.3814,0.3814,,,,,,,,,,0,0vZ1tyKqiBqCsY1uSMVH5y5s3VZhUD29chgr3WMggmH77QDBe6uxfVuHAGgPGpanLNxaL3ngO2GEJA,BR1_3277254153,16.17,14.0,2.622,0.0,0
8.2857,0.2857,0.0,0.3333,0.2419,1,0.0,0.3571,1.0714,8.1818,0.3636,0.2727,0.3333,0.2424,1.0,0.3636,0.1818,0.5455,9.6888,0.1167,0.0,0.2667,0.1611,0.0,0.4545,0.4669,1.751,0,0vZ1tyKqiBqCsY1uSMVH5y5s3VZhUD29chgr3WMggmH77QDBe6uxfVuHAGgPGpanLNxaL3ngO2GEJA,BR1_3276215767,16.16,14.0,11.0,8.567,1
6.1429,0.3571,0.1429,0.25,0.2106,1,0.0,0.1429,0.5714,6.0214,0.3687,0.1229,0.6,0.2107,0.0,0.2,0.7373,1.2289,6.8346,0.402,0.536,0.5,0.152,0.0,0.4615,0.8041,1.6081,0,OCuBHXiSBLbiYPj04HNAh3kgLMzPwHYAGjy-eXdoscV92w_6qx0G8Iam8orgMh8ado7xUXiVo25fOg,BR1_3277316374,16.17,14.0,8.138,7.462,0
5.0207,0.2997,0.2997,0.375,0.1965,0,0.0,0.4496,1.199,4.8905,0.429,0.1716,0.1579,0.0795,0.0,0.25,0.2574,1.6302,2.9509,0.227,0.0,0.4444,0.1633,0.0,0.3333,0.908,2.0429,0,OCuBHXiSBLbiYPj04HNAh3kgLMzPwHYAGjy-eXdoscV92w_6qx0G8Iam8orgMh8ado7xUXiVo25fOg,BR1_3276401841,16.17,13.345,11.655,4.405,1
7.1412,0.2915,0.2186,0.2857,0.0681,0,0.0,0.2915,1.0202,5.6188,0.3684,0.3684,0.65,0.3092,0.0,0.0909,1.1975,1.8422,6.9364,0.2274,0.2274,0.5455,0.281,2.0,0.2667,0.6823,1.2508,0,qvnVmxKAj1UDDDo9El4CLPN971KZfLjJvB3XG6mkmfHfrOzBo1rZw1zE2SbSf3Ws7yGQ0uSUV2XHOQ,BR1_3275157517,16.16,13.723,10.856,8.794,0
7.8571,1.3571,0.0,0.4545,0.2319,5,0.0,0.3571,0.7857,6.4545,3.0909,0.1818,0.52,0.3239,1.0,0.0833,1.1818,2.2727,4.7437,2.0186,0.3028,0.75,0.3726,0.0,0.1176,0.6056,0.8074,0,qvnVmxKAj1UDDDo9El4CLPN971KZfLjJvB3XG6mkmfHfrOzBo1rZw1zE2SbSf3Ws7yGQ0uSUV2XHOQ,BR1_3275121711,16.16,14.0,11.0,9.908,0
5.8446,0.3608,0.3608,0.4,0.2279,0,0.0,0.2886,0.7216,6.2831,0.2693,0.359,0.375,0.1408,1.0,0.0714,0.2693,0.7181,6.1029,0.2347,0.4695,0.6667,0.2707,0.0,0.1667,0.4695,0.7042,0,wQu9xIoVank5pkDVvgmxVj2xmx764z7FFYsHvRvOvc2ZU8ZK0EUwd8uq_SdS1dxXPTEK9nR8TzUAXw,BR1_3276857467,16.17,13.859,11.141,4.26,0
6.8571,0.0,0.0,0.0,0.1086,0,0.0,0.0,0.6429,8.3636,0.2727,0.0909,0.2143,0.1339,1.0,0.25,0.2727,1.2727,7.7442,0.3688,0.1229,0.7692,0.3588,4.0,0.0,1.2292,1.598,0,wQu9xIoVank5pkDVvgmxVj2xmx764z7FFYsHvRvOvc2ZU8ZK0EUwd8uq_SdS1dxXPTEK9nR8TzUAXw,BR1_3276740397,16.17,14.0,11.0,8.135,1
6.5714,0.1429,0.0714,0.3077,0.1885,2,0.0,0.2857,0.9286,5.4545,0.3636,0.1818,0.6875,0.2581,3.0,0.1818,1.0,1.4545,2.7701,0.0,0.3693,0.6667,0.2819,0.0,0.0,0.7387,1.108,0,wQu9xIoVank5pkDVvgmxVj2xmx764z7FFYsHvRvOvc2ZU8ZK0EUwd8uq_SdS1dxXPTEK9nR8TzUAXw,BR1_3276712163,16.17,14.0,11.0,5.415,0
5.4969,0.1691,0.4228,0.5,0.3715,3,0.0,0.2537,0.5074,3.0977,0.0,0.5163,0.8,0.2857,0.0,0.0833,0.5163,0.6453,,,,,,,,,,0,yBrpfTZvz9q-sSc8Wet91so6CPnNhNw9n1SdKE_RcJBuoUUCKPfso8N104r_jHdQBqb2T5nR_rWa0A,BR1_3276274833,16.17,11.825,7.748,0.0,0
5.7857,0.4286,0.2143,0.2,0.1579,0,0.0,0.0714,0.3571,2.8182,0.3636,0.3636,0.3636,0.1975,0.0,0.1,0.3636,1.0,5.0134,0.0,0.3234,0.2,0.1755,0.0,0.1818,0.1617,0.8086,0,EvPWu_6SaxXTR8j43LUMcj_k0yVatnfEwylgaORCJkw-4E0yNi4TKRuEiLjlVciAQUIdJwQt0KBy9w,BR1_3277063277,16.17,14.0,11.0,6.183,0
9.0714,0.3571,0.0714,0.0,0.1213,0,0.0,0.0,1.0,7.1751,0.2832,0.2832,0.5909,0.2744,0.0,0.0,1.2273,2.077,5.4746,0.2488,0.0,0.5455,0.2058,0.0,0.3333,1.4931,2.7373,0,EvPWu_6SaxXTR8j43LUMcj_k0yVatnfEwylgaORCJkw-4E0yNi4TKRuEiLjlVciAQUIdJwQt0KBy9w,BR1_3276950829,16.17,14.0,10.592,4.019,1
7.5,0.2143,0.1429,0.2727,0.1733,2,0.0,0.2143,0.7857,5.7635,0.7612,0.2175,0.6875,0.4155,3.0,0.0,1.1962,1.7399,10.8715,0.0,0.0,1.0,0.5426,1.0,0.1429,2.0708,2.0708,0,EvPWu_6SaxXTR8j43LUMcj_k0yVatnfEwylgaORCJkw-4E0yNi4TKRuEiLjlVciAQUIdJwQt0KBy9w,BR1_3276938583,16.17,14.0,9.196,1.932,1
6.2143,0.3571,0.0,0.2,0.1114,0,0.0,0.2143,1.0714,5.6364,0.5455,0.0,0.2308,0.1562,1.0,0.1818,0.2727,1.1818,6.365,0.7426,0.0,0.7059,0.1777,2.0,0.2308,1.273,1.8034,0,vraJXcioxDH3ScdEbzJBDSsDBEI_SH0oXtk884EGLH9MA5KFHXUxt9nGgVTudUW3RErw60KAsy2QtQ,BR1_3276923435,16.17,14.0,11.0,9.427,1
8.0149,0.1931,0.0966,0.4545,0.2764,4,0.0,0.4828,1.0622,7.7943,0.2206,0.2206,0.5357,0.3351,3.0,0.0556,1.103,2.0589,,,,,,,,,,1,ysRIPOAauxWjiSkg5IVr646QHmWDT0it41Th9w9Rnk7Gfv-_VKtBGZRELrZLvA2tmggW3R2GO5xXmw,BR1_3277022422,16.17,10.356,13.6,0.0,1
8.957,0.087,0.087,0.3571,0.2959,5,0.0,0.4348,1.2175,7.0089,0.2124,0.3186,0.5714,0.3057,2.0,0.0769,0.8496,1.4867,4.5584,0.0,0.4558,0.4706,0.2542,1.0,0.1538,0.7293,1.5499,0,ysRIPOAauxWjiSkg5IVr646QHmWDT0it41Th9w9Rnk7Gfv-_VKtBGZRELrZLvA2tmggW3R2GO5xXmw,BR1_3276987371,16.17,11.499,9.417,10.969,1
5.7491,0.2911,0.2911,0.7059,0.4173,8,0.0,0.8733,1.2372,3.8133,0.4014,0.6021,0.4615,0.1834,2.0,0.1111,0.6021,1.3046,5.8252,0.3427,0.514,0.4375,0.1608,1.0,0.3,1.1993,2.7413,1,ysRIPOAauxWjiSkg5IVr646QHmWDT0it41Th9w9Rnk7Gfv-_VKtBGZRELrZLvA2tmggW3R2GO5xXmw,BR1_3276954053,16.17,13.741,9.965,5.837,1
6.8593,0.2189,0.073,0.1765,0.2444,2,0.0,0.2189,1.2405,7.6134,0.0,0.3541,0.1667,0.1841,2.0,0.3,0.3541,2.1247,9.8062,0.0,0.0,0.6667,0.2682,0.0,0.1,1.4528,2.1792,0,pBiop9nYgpTDFAhamQxRew5SPrbD3wjQcyGoaIUDrPASRNDu3sGX3QAbFKSrzVMlWVToR69hYpMBug,BR1_3276483677,16.17,13.704,11.296,5.507,1
6.6312,0.3604,0.2883,0.4,0.1333,0,0.0,0.1442,0.3604,4.7635,0.3595,0.2696,0.4,0.237,0.0,0.1818,0.3595,0.8988,6.0622,0.3911,0.3911,1.0,0.2617,0.0,0.0,0.1956,0.1956,0,hJOmVQPfXt1iPROCMlOlS9uFYif_YCvbGVpLNchsvfxSatGvbX7ggkVaS2C0kpDu5S56RSptdlxe6g,BR1_3277048275,16.17,13.874,11.126,5.114,0
5.7143,0.2143,0.0714,0.1,0.1073,1,0.0,0.0714,0.7143,5.0909,0.2727,0.4545,0.2,0.2033,0.0,0.2727,0.2727,1.3636,6.2426,0.0,1.135,0.0,0.2177,0.0,0.0,0.0,0.5675,0,hJOmVQPfXt1iPROCMlOlS9uFYif_YCvbGVpLNchsvfxSatGvbX7ggkVaS2C0kpDu5S56RSptdlxe6g,BR1_3266045297,16.14,14.0,11.0,1.762,0
5.8571,0.3571,0.0,0.8333,0.3546,5,0.0,0.3571,0.4286,8.6559,0.4222,0.1056,0.5,0.3495,5.0,0.1429,0.6334,1.2667,4.5301,0.6218,0.3553,0.4615,0.2378,1.0,0.3,0.533,1.1547,1,ezYSeDXikKMvInwoEq8E-rW4nf4CN31T33MTulj3-pJGSbHiClITwnBcZP5dvVgBOICUBBcN94bChA,BR1_3276928746,16.17,14.0,9.473,11.258,0
6.2857,0.3571,0.1429,0.2143,0.1681,0,0.0,0.2143,1.0,7.0909,0.5455,0.3636,0.3571,0.1549,0.0,0.2222,0.4545,1.2727,10.4793,0.2758,0.2758,1.0,0.2797,1.0,0.3,0.8273,0.8273,0,ezYSeDXikKMvInwoEq8E-rW4nf4CN31T33MTulj3-pJGSbHiClITwnBcZP5dvVgBOICUBBcN94bChA,BR1_3276683404,16.17,14.0,11.0,3.626,0
4.6529,0.3512,0.3512,0.2308,0.2409,0,0.0,0.2634,1.1413,4.6292,0.5144,0.5144,0.2727,0.1447,1.0,0.0769,0.4409,1.6165,2.5935,0.7893,0.3383,0.625,0.2224,0.0,0.1818,1.6914,2.7063,1,ZMdhDXly8kdPi-dXRDqdsuixbzKc6zB8__j5N5j4JJ3UE3c632hqB93yaxt5JZl95jBhmvEk6WNo2w,BR1_3276984332,16.17,11.391,13.609,8.868,1
7.0714,0.3571,0.2857,0.6,0.3311,3,0.0,0.6429,1.0714,6.9091,0.3636,0.3636,0.0625,0.2112,0.0,0.1111,0.0909,1.4545,9.0475,0.4308,0.2585,0.3077,0.1251,0.0,0.0,0.3447,1.1202,0,ZMdhDXly8kdPi-dXRDqdsuixbzKc6zB8__j5N5j4JJ3UE3c632hqB93yaxt5JZl95jBhmvEk6WNo2w,BR1_3276672135,16.17,14.0,11.0,11.605,1
5.1061,0.2188,0.2188,0.25,0.1812,0,0.0,0.1459,0.5836,5.8454,0.4428,0.0886,0.5,0.1591,1.0,0.2,0.7085,1.4171,6.6824,0.4591,0.204,0.5263,0.1472,3.0,0.25,0.5101,0.9692,0,eVqiOhSVRRBR3JxMimqGQgiUsG5DeDv0_fYqFbxH7nzGu74kZ70cX7miI3qpCjGpVLJLZ_SXPg5Nqw,BR1_3276643008,16.17,13.709,11.291,19.604,0
6.8571,0.3571,0.3571,0.1667,0.1657,1,0.0,0.0714,0.4286,7.9847,0.413,0.0,0.7143,0.2092,2.0,0.125,0.6883,0.9637,8.7205,0.408,0.204,0.7143,0.3499,1.0,0.0588,0.765,1.0709,0,pepntNsXfoidjD_50l5LKXQGuS0du-mzUXi9BHx_DxzNxj8BzWJuwaxwu3lB8C1xkJS8KBmWHy3YYQ,BR1_3277284156,16.17,14.0,7.264,19.609,0
7.9286,0.3571,0.1429,0.1667,0.1254,0,0.0,0.1429,0.8571,8.3636,0.4545,0.2727,0.3529,0.1442,0.0,0.0,0.5455,1.5455,6.8386,0.4103,0.1368,0.9412,0.4049,0.0,0.2667,2.1884,2.3251,0,pepntNsXfoidjD_50l5LKXQGuS0du-mzUXi9BHx_DxzNxj8BzWJuwaxwu3lB8C1xkJS8KBmWHy3YYQ,BR1_3277270583,16.17,14.0,11.0,7.311,1
6.5714,0.3571,0.2143,0.3636,0.1347,1,0.0,0.2857,0.7857,10.1465,0.3865,0.1933,0.5,0.2771,3.0,0.1,0.5798,1.1596,8.509,0.4348,0.3105,0.8421,0.4095,0.0,0.2727,0.9937,1.1801,0,pepntNsXfoidjD_50l5LKXQGuS0du-mzUXi9BHx_DxzNxj8BzWJuwaxwu3lB8C1xkJS8KBmWHy3YYQ,BR1_3277090013,16.17,14.0,10.348,16.101,0
5.3453,1.8592,0.2324,0.5714,0.3513,5,0.0,0.6197,1.0845,3.0269,1.1844,0.5264,0.5714,0.3081,1.0,0.0,0.5264,0.9212,8.0588,2.7473,0.3663,0.3571,0.2236,0.0,0.1818,0.4579,1.2821,1,pepntNsXfoidjD_50l5LKXQGuS0du-mzUXi9BHx_DxzNxj8BzWJuwaxwu3lB8C1xkJS8KBmWHy3YYQ,BR1_3276928228,16.17,12.909,7.599,10.92,0
5.5563,0.4695,0.1565,0.1667,0.2958,1,0.0,0.0783,0.4695,7.364,0.7364,0.2455,0.6364,0.2508,1.0,0.0,0.5728,0.9,3.0679,0.5578,0.2789,0.3333,0.1555,1.0,0.0,0.2789,0.8367,0,MJ7FR4Xd4NHCZW1f5pBPHbF4p3Tgv8kVaVM0b5Q2TT48jtujAuW_7HrH4MTzemEQZSAk6x9_rL7qeQ,BR1_3275306908,16.16,12.778,12.222,3.586,0
6.8031,0.0,0.1512,0.0833,0.1548,1,0.0,0.0756,0.9071,6.0319,0.2549,0.5097,0.5455,0.2392,1.0,0.2,0.5097,0.9345,5.8683,0.1796,0.2994,0.8,0.3233,1.0,0.0556,0.7186,0.8982,0,8KyHK-RWB7w9iyOtXMFbMdfDE5pj1CDG9zugef9m_93edBZ44vNtvjy0YZlOgaFYV4rCmqxJJjs9jw,BR1_3276910382,16.17,13.229,11.771,16.7,0
8.5,0.0714,0.0714,0.3333,0.1958,0,0.0,0.2143,0.6429,5.4336,0.1941,0.1941,0.5625,0.2067,1.0,0.125,0.8733,1.5525,4.5394,0.267,0.1335,0.6154,0.1625,0.0,0.1667,1.0681,1.7357,0,8KyHK-RWB7w9iyOtXMFbMdfDE5pj1CDG9zugef9m_93edBZ44vNtvjy0YZlOgaFYV4rCmqxJJjs9jw,BR1_3276903988,16.17,14.0,10.306,7.49,1
7.4287,0.3053,0.0,0.25,0.1414,0,0.0,0.1018,0.4071,6.642,0.3406,0.3406,0.4,0.2341,0.0,0.2222,0.3406,0.8515,12.2634,0.1191,0.3572,0.3846,0.2841,0.0,0.125,0.5953,1.5478,0,8KyHK-RWB7w9iyOtXMFbMdfDE5pj1CDG9zugef9m_93edBZ44vNtvjy0YZlOgaFYV4rCmqxJJjs9jw,BR1_3276905489,16.17,9.827,11.743,8.399,0
6.5,0.2143,0.2857,0.2,0.2236,0,0.0,0.0714,0.3571,4.6014,0.3001,0.4001,0.5455,0.2488,0.0,0.25,0.6002,1.1003,3.2909,0.0,1.097,0.0,0.5509,0.0,0.1667,0.0,0.0,1,Ot9LjeGiYQ-A__PSBuHBRIWUEgXJ17LNggOaF8_9Ax9Z16K2j4NflNdPArTWIlqgf96TXBJuBCkU3A,BR1_3276905753,16.17,14.0,9.997,0.912,0
6.8585,0.3026,0.0,0.5,0.3515,3,0.0,0.706,1.412,16.1083,0.0,0.0,1.0,0.503,1.0,0.0,1.4007,1.4007,,,,,,,,,,0,xD-0v3XnpxU2VGRf63RWZifRm5uyzVqVw4NYrTaqnuAYc7_z_SFhdjyKsqGbXqyCsWK50rQJjuigfA,BR1_3277052371,16.17,9.915,1.428,0.0,1
6.5714,0.4286,0.2857,0.3077,0.2366,1,0.0,0.2857,0.9286,5.1078,0.3784,0.3784,0.3889,0.1887,0.0,0.0,0.6621,1.7026,10.7727,0.4309,0.4309,0.5,0.1108,0.0,0.4,0.8618,1.7236,1,M33njTX7x5bUEIQ7VRqiqKvD6jVVEk96Wj3loHq8DKyHfm51jC56g-D8zbQZ8BLAUbBEdA3GCqLvdQ,BR1_3276878456,16.17,14.0,10.572,2.321,0
7.9286,0.5714,0.1429,0.4667,0.2896,5,0.0,0.5,1.0714,7.4545,0.9091,0.1818,0.4,0.2607,0.0,0.0833,0.5455,1.3636,8.2116,0.8212,0.2346,0.7,0.1784,0.0,0.2308,0.8212,1.1731,0,M33njTX7x5bUEIQ7VRqiqKvD6jVVEk96Wj3loHq8DKyHfm51jC56g-D8zbQZ8BLAUbBEdA3GCqLvdQ,BR1_3276845598,16.17,14.0,11.0,8.525,0
7.0857,0.5113,0.1461,0.2,0.2148,0,0.0,0.2191,1.0957,8.3109,0.6189,0.0884,0.3333,0.1806,4.0,0.0,0.4421,1.3262,8.2483,0.7414,0.278,0.5,0.2006,2.0,0.1333,0.8341,1.6682,0,M33njTX7x5bUEIQ7VRqiqKvD6jVVEk96Wj3loHq8DKyHfm51jC56g-D8zbQZ8BLAUbBEdA3GCqLvdQ,BR1_3275618980,16.16,13.69,11.31,10.79,1
5.5292,0.4308,0.359,0.5,0.259,4,0.0,0.359,0.7181,7.3145,0.5418,0.2709,0.3846,0.2543,0.0,0.0625,0.4515,1.1739,12.9289,0.5502,0.1375,0.6,0.1703,0.0,0.1111,0.8252,1.3754,0,ZMHHCBcWSGf89DCcx3VRJpsvk6FF0fXLo7eA0y1lHjKReFL-gmBza4t0ddcLGs4zwwqE_GGu7WBzow,BR1_3277001856,16.17,13.926,11.074,7.271,0
8.1018,0.3029,0.1514,0.0667,0.1635,1,0.0,0.0757,1.1358,8.1404,0.424,0.2544,0.2667,0.184,0.0,0.2727,0.3392,1.2719,10.0425,0.6695,0.2511,0.5294,0.284,4.0,0.2353,0.7532,1.4227,0,ZMHHCBcWSGf89DCcx3VRJpsvk6FF0fXLo7eA0y1lHjKReFL-gmBza4t0ddcLGs4zwwqE_GGu7WBzow,BR1_3276991525,16.17,13.207,11.793,11.949,1
4.8999,0.3015,0.1508,0.2667,0.2403,0,0.0,0.3015,1.1307,7.1584,0.2557,0.1704,0.2222,0.1496,1.0,0.1111,0.3409,1.534,6.8431,0.3685,0.3158,0.5806,0.1777,1.0,0.12,0.9475,1.6318,0,ZfzTenW6tDX_cNZmvaxqKf8c9fVwDA4V43BIZKfbyxZhptA7fHXeipNSwJc1NLXemp_f09vSjrcgrA,BR1_3275712799,16.16,13.266,11.734,18.997,1
7.5523,0.4105,0.0,0.4286,0.248,4,0.0,0.4925,1.1493,6.2411,0.7021,0.156,0.6364,0.3194,5.0,0.1667,1.0922,1.7163,5.7489,0.8844,0.4422,0.5294,0.2563,2.0,0.4545,0.796,1.5036,0,xPRtV5M1YrycSJwgmROG5aLoo5dGJpVQVw9sFQ92n0y3CVXiYaZKkJwvWVD8AZ_JWYJkegYKp9A6fg,BR1_3277149704,16.17,12.182,12.818,11.306,1
6.3571,0.5,0.4286,0.25,0.1712,1,0.0,0.2143,0.8571,6.6912,0.8674,0.4956,0.3333,0.1401,0.0,0.125,0.2478,0.7435,7.7215,1.0072,0.3357,0.25,0.1292,0.0,0.0,0.2238,0.8953,0,xPRtV5M1YrycSJwgmROG5aLoo5dGJpVQVw9sFQ92n0y3CVXiYaZKkJwvWVD8AZ_JWYJkegYKp9A6fg,BR1_3277129131,16.17,14.0,8.07,8.936,0
7.3982,0.4529,0.2265,0.5,0.191,0,0.5,0.6794,1.3588,5.8701,0.9172,0.2752,0.3125,0.1978,1.0,0.0,0.4586,1.4675,3.5238,0.7341,0.2937,0.7059,0.2787,0.0,0.2727,1.7619,2.496,0,xPRtV5M1YrycSJwgmROG5aLoo5dGJpVQVw9sFQ92n0y3CVXiYaZKkJwvWVD8AZ_JWYJkegYKp9A6fg,BR1_3276515777,16.17,13.246,10.903,6.811,1
7.5,0.5714,0.0,0.5556,0.1925,1,0.5,0.3571,0.6429,8.8323,0.6134,0.0,0.4,0.1349,0.0,0.3,0.4907,1.2267,8.7998,0.7652,0.3826,0.5556,0.1958,1.0,0.6364,0.9565,1.7217,0,xPRtV5M1YrycSJwgmROG5aLoo5dGJpVQVw9sFQ92n0y3CVXiYaZKkJwvWVD8AZ_JWYJkegYKp9A6fg,BR1_3276127682,16.16,14.0,8.152,5.227,1
8.3315,0.2923,0.3654,0.3,0.3329,2,0.0,0.2192,0.7308,8.2749,0.4497,0.1799,0.6154,0.2456,2.0,0.2,0.7196,1.1693,5.8177,0.5541,0.6926,0.7692,0.2503,1.0,0.0,1.3852,1.8007,1,z53QfXy_SdibfGvmgaIkEHXiRpLLzNioBB_mgVt1R2M7LK7E2PO7cX9lxBsKC5070X3GDG67ftopHA,BR1_3272891261,16.16,13.683,11.118,7.219,1
6.2857,0.2857,0.1429,0.5455,0.2606,3,0.0,0.4286,0.7857,11.5432,0.0,0.0,0.4,0.3406,2.0,0.0,1.0494,2.6235,,,,,,,,,,1,txSWIOLzN7ZrwNY7aKkQGWx_Qr-oHbD6jyxZ5Y4LCQa5qEAeyMnDvJIuckw4AFhHJKBscmrCBUwatA,BR1_3277267821,16.17,14.0,1.906,0.0,1
5.8574,0.2312,0.0771,0.32,0.1669,1,0.25,0.6166,1.9268,5.286,0.4229,0.2114,0.7,0.2728,0.0,0.3,2.9602,4.2288,,,,,,,,,,0,txSWIOLzN7ZrwNY7aKkQGWx_Qr-oHbD6jyxZ5Y4LCQa5qEAeyMnDvJIuckw4AFhHJKBscmrCBUwatA,BR1_3277262927,16.17,12.975,4.729,0.0,1
4.3019,0.2151,0.4302,0.8,0.2903,0,0.0,0.4302,0.5377,2.1615,0.0,0.0,0.0,0.5568,0.0,0.0,0.0,0.0,,,,,,,,,,0,txSWIOLzN7ZrwNY7aKkQGWx_Qr-oHbD6jyxZ5Y4LCQa5qEAeyMnDvJIuckw4AFhHJKBscmrCBUwatA,BR1_3277265421,16.17,9.298,1.388,0.0,0
6.8585,0.2638,0.0,0.5714,0.3091,1,0.0,0.3517,0.6155,6.531,0.6604,0.2935,0.9231,0.365,5.0,0.0,0.8806,0.954,6.706,0.0,0.5158,0.0,0.0,0.0,0.2857,0.0,0.5158,0,txSWIOLzN7ZrwNY7aKkQGWx_Qr-oHbD6jyxZ5Y4LCQa5qEAeyMnDvJIuckw4AFhHJKBscmrCBUwatA,BR1_3277262451,16.17,11.373,13.627,1.939,0
4.6741,0.0916,0.2749,0.25,0.2221,0,0.0,0.1833,0.7332,3.2504,0.4757,0.4757,0.5625,0.2003,0.0,0.0625,0.7135,1.2684,,,,,,,,,,0,txSWIOLzN7ZrwNY7aKkQGWx_Qr-oHbD6jyxZ5Y4LCQa5qEAeyMnDvJIuckw4AFhHJKBscmrCBUwatA,BR1_3277259672,16.17,10.911,12.614,0.0,0
4.247,0.3792,0.455,0.3333,0.28,2,0.0,0.3034,0.9101,3.555,0.3386,0.5079,0.2222,0.135,0.0,0.2857,0.1693,0.7618,7.4412,0.9706,0.3235,0.5,0.0744,0.0,0.2,0.4853,0.9706,0,QvwykfqXnq7N5S9UHasn0OeegMch60eNufdAaXk4PV8GKz0rdK2eGtuts8F8Ch_dxwCmZ0pHPljsOw,BR1_3276996470,16.17,13.186,11.814,6.182,0
6.3571,0.2857,0.0714,0.2727,0.1329,0,0.0,0.2143,0.7857,6.7273,0.0,0.1818,0.4,0.2014,1.0,0.1111,0.5455,1.3636,5.6017,0.0,0.4119,0.3125,0.235,4.0,0.1,0.4119,1.3181,0,T8JzdC0B_9u0DRTBa-HZ_BX5yi_vAPvQnVv5dHnVsyE-357_ymmTjf8zvrVg71HVkoMH3IvuBk8t6A,BR1_3277209987,16.17,14.0,11.0,12.139,0
7.4513,0.2693,0.0898,0.3636,0.1372,0,0.0,0.3591,0.9875,7.5546,0.2437,0.1218,0.5789,0.2598,2.0,0.2222,1.3403,2.3151,,,,,,,,,,0,T8JzdC0B_9u0DRTBa-HZ_BX5yi_vAPvQnVv5dHnVsyE-357_ymmTjf8zvrVg71HVkoMH3IvuBk8t6A,BR1_3277121885,16.17,11.139,8.207,0.0,1
6.1071,0.3635,0.0727,0.2,0.2224,1,0.0,0.1454,0.727,8.181,0.0889,0.0,0.5217,0.2219,1.0,0.3333,1.0671,2.0453,5.3265,0.0,0.0,0.4444,0.216,0.0,0.5,1.4204,3.1959,0,T8JzdC0B_9u0DRTBa-HZ_BX5yi_vAPvQnVv5dHnVsyE-357_ymmTjf8zvrVg71HVkoMH3IvuBk8t6A,BR1_3277108710,16.17,13.754,11.246,2.816,1
5.2943,0.3472,0.0868,0.4286,0.1986,1,0.0,0.5207,1.2151,5.0965,0.411,0.3288,0.4,0.2415,2.0,0.1818,0.6576,1.644,0.992,0.0,0.3307,0.3333,0.1519,0.0,0.4,0.992,2.9759,0,Gc8smtZ7NFOdywkAvy8IZdWQ9AnPfNVFIXgaPmnCxZKj57K3ojJm3iiN3TlRyeIEwPtpBI-pPPnAUg,BR1_3276991394,16.17,11.522,12.165,3.024,1
8.0,0.4286,0.0,0.1667,0.175,0,0.0,0.1429,0.8571,9.3636,0.4545,0.0,0.3182,0.1626,1.0,0.2,0.6364,2.0,9.9529,0.6221,0.0,0.75,0.3413,1.0,0.0,1.8662,2.4882,0,Gc8smtZ7NFOdywkAvy8IZdWQ9AnPfNVFIXgaPmnCxZKj57K3ojJm3iiN3TlRyeIEwPtpBI-pPPnAUg,BR1_3276647654,16.17,14.0,11.0,1.608,1
5.5,0.3571,0.2143,0.1667,0.1321,0,0.0,0.0714,0.4286,6.5455,0.4545,0.3636,0.5556,0.1741,0.0,0.1111,0.4545,0.8182,3.2897,0.235,0.7049,0.0,0.2714,0.0,0.0,0.0,0.235,0,Gc8smtZ7NFOdywkAvy8IZdWQ9AnPfNVFIXgaPmnCxZKj57K3ojJm3iiN3TlRyeIEwPtpBI-pPPnAUg,BR1_3276105336,16.16,14.0,11.0,4.256,0
4.7143,0.4286,0.1429,0.1111,0.1093,0,0.0,0.0714,0.6429,6.3169,0.4935,0.3948,0.4615,0.1279,1.0,0.1667,0.5922,1.2831,3.8808,0.3696,0.3696,0.5714,0.1488,0.0,0.0,0.7392,1.2936,0,Gc8smtZ7NFOdywkAvy8IZdWQ9AnPfNVFIXgaPmnCxZKj57K3ojJm3iiN3TlRyeIEwPtpBI-pPPnAUg,BR1_3275832383,16.16,14.0,10.132,5.411,0
5.8975,0.4315,0.0719,0.4667,0.1831,0,0.0,0.5034,1.0788,3.8753,0.6309,0.2704,0.6316,0.2299,2.0,0.1,1.0815,1.7123,9.8205,0.501,0.1002,0.5,0.0965,0.0,0.0,0.6013,1.2025,0,L0CpSWX0ZFU2lykl91GhgpgEh9wOb1dBNi5pe1qSYPi76g3qBxkujqUKemhScUUXihLGPfIDrcU9ZA,BR1_3275849981,16.16,13.904,11.096,9.979,0
5.757,0.5757,0.0959,0.1538,0.3005,2,0.0,0.1919,1.2473,5.282,0.2744,0.0686,0.5,0.1963,1.0,0.0769,0.9604,1.9207,5.0824,1.5247,0.5082,0.0,0.1488,0.0,0.0,0.0,3.5577,0,L0CpSWX0ZFU2lykl91GhgpgEh9wOb1dBNi5pe1qSYPi76g3qBxkujqUKemhScUUXihLGPfIDrcU9ZA,BR1_3275799208,16.16,10.422,14.578,1.968,1
6.4991,0.4936,0.0,0.4286,0.2146,1,0.0,0.4936,1.1517,6.9139,0.6285,0.3143,0.5714,0.2962,1.0,0.0,1.2571,2.1999,,,,,,,,,,0,L0CpSWX0ZFU2lykl91GhgpgEh9wOb1dBNi5pe1qSYPi76g3qBxkujqUKemhScUUXihLGPfIDrcU9ZA,BR1_3275786356,16.16,12.155,3.182,0.0,1
3.808,0.3385,0.0846,0.3889,0.2096,1,0.25,0.5924,1.5232,6.6877,0.6688,0.0955,0.3684,0.1745,1.0,0.0833,0.6688,1.8152,0.46,0.46,0.46,0.2857,0.1396,0.0,0.6667,0.92,3.2201,0,L0CpSWX0ZFU2lykl91GhgpgEh9wOb1dBNi5pe1qSYPi76g3qBxkujqUKemhScUUXihLGPfIDrcU9ZA,BR1_3275684975,16.16,11.817,10.467,2.174,1
3.5582,0.3389,0.5083,0.2727,0.1468,1,0.0,0.2542,0.9319,5.2288,0.5305,0.5305,0.1053,0.1265,0.0,0.0833,0.1516,1.4398,3.6581,1.3718,0.0,0.5,0.262,0.0,0.0,0.4573,0.9145,0,e7iz6EKNCSRd2XnoiiYbXUiXSJrf1SK11Sr7X0RLJgvfgdjroku3OEtD7zIjPVbuMolOm8ktdOKGhQ,BR1_3274528768,16.16,11.804,13.196,2.187,0
7.4286,0.3571,0.0714,0.6667,0.1808,0,0.2,0.1429,0.2143,4.9091,0.2727,0.2727,0.6364,0.2677,2.0,0.1,0.6364,1.0,5.9318,0.0,0.2825,0.3333,0.1885,0.0,0.4,0.2825,0.8474,0,cR-drVpYrtCrsYr8DLDxt-4z6qaYXXDJuqz_BB0rg5SJht4llmj3UkFIXF11PQKkQkoxmjVriKxTWA,BR1_3277198105,16.17,14.0,11.0,3.54,0
7.0714,0.3571,0.0,0.5333,0.155,3,0.4,0.5714,1.0714,7.2727,0.3636,0.1818,0.3636,0.1546,1.0,0.2222,0.3636,1.0,5.4723,0.0,0.0,0.381,0.1473,3.0,0.0833,0.7061,1.8535,0,cR-drVpYrtCrsYr8DLDxt-4z6qaYXXDJuqz_BB0rg5SJht4llmj3UkFIXF11PQKkQkoxmjVriKxTWA,BR1_3276383463,16.17,14.0,11.0,11.33,1
6.1684,0.3525,0.1762,0.6,0.2485,1,0.0,0.2644,0.4406,6.8499,0.4281,0.2141,0.2,0.0785,0.0,0.1429,0.2141,1.0703,33.5821,0.0,3.7313,0.0,0.4078,0.0,0.0,0.0,0.0,0,peD39v8gv3KXO-HArsAmcsk1N_0jnL0bBb3XuqtchkbcslwuFdFAncltgOM6aqu3_bevWxPJlNmNPA,BR1_3277187425,16.17,11.348,9.343,0.268,0
6.6429,0.3571,0.0714,0.2222,0.3533,0,0.0,0.1429,0.6429,9.3636,0.3636,0.0909,0.25,0.1804,0.0,0.0,0.3636,1.4545,3.1542,0.6759,0.3379,0.4444,0.1442,0.0,0.1818,0.9012,2.0277,0,peD39v8gv3KXO-HArsAmcsk1N_0jnL0bBb3XuqtchkbcslwuFdFAncltgOM6aqu3_bevWxPJlNmNPA,BR1_3277171028,16.17,14.0,11.0,8.877,1
7.9,0.2926,0.0,0.3333,0.244,1,0.0,0.0975,0.2926,8.0695,0.3391,0.1356,0.5,0.2511,2.0,0.1111,0.7459,1.4918,13.7359,0.4737,0.3158,0.4444,0.3545,3.0,0.0,0.6315,1.421,0,W6hDahwN0mcgaXlfbKgkv-WSs39RLFsGb36JoADB1uStxVg1ApLLeAIoBlPkMmetKzZlaup7eIFUYQ,BR1_3276829707,16.17,10.253,14.747,6.334,1
6.3839,0.266,0.1773,0.3333,0.3523,0,0.0,0.0887,0.266,5.4367,0.3452,0.4315,0.1667,0.1819,0.0,0.2308,0.0863,0.5178,,,,,,,,,,0,W6hDahwN0mcgaXlfbKgkv-WSs39RLFsGb36JoADB1uStxVg1ApLLeAIoBlPkMmetKzZlaup7eIFUYQ,BR1_3276797946,16.17,11.278,11.588,0.0,0
7.2143,0.3571,0.0714,0.0,0.2116,0,0.0,0.0,0.2857,9.4545,0.2727,0.0909,0.2143,0.1416,1.0,0.2222,0.2727,1.2727,9.9157,0.5219,0.3914,0.2,0.1396,1.0,0.1818,0.1305,0.6523,0,W6hDahwN0mcgaXlfbKgkv-WSs39RLFsGb36JoADB1uStxVg1ApLLeAIoBlPkMmetKzZlaup7eIFUYQ,BR1_3275274976,16.16,14.0,11.0,7.665,0
5.6708,0.3437,0.0859,0.3636,0.3028,2,0.25,0.3437,0.9451,9.3553,0.4491,0.1497,0.3333,0.2992,2.0,0.0,0.5239,1.5717,12.0696,0.447,0.447,0.1667,0.231,1.0,0.1429,0.447,2.6821,0,eopP_5khK44GErQQ_KzUWUQrJrzG4pengwTNy50STh1uGknfxJCDyNRfYx34pNvCF3hffTyl-_1jqQ,BR1_3275386654,16.16,11.639,13.361,2.237,1
6.7136,0.3609,0.2166,0.1429,0.2425,1,0.75,0.1444,1.0107,8.6276,0.5531,0.1106,0.3913,0.2398,2.0,0.1667,0.9955,2.544,4.4834,0.4483,0.0,0.8571,0.427,0.0,0.3333,2.69,3.1384,0,eopP_5khK44GErQQ_KzUWUQrJrzG4pengwTNy50STh1uGknfxJCDyNRfYx34pNvCF3hffTyl-_1jqQ,BR1_3275362156,16.16,13.852,9.041,2.23,1
7.5761,0.4686,0.1562,0.4167,0.2632,5,0.0,0.3905,0.9373,7.3791,0.5739,0.164,0.65,0.3107,3.0,0.0,1.0659,1.6398,6.8818,0.3128,0.0,0.75,0.3327,1.0,0.4444,0.9384,1.2512,0,eopP_5khK44GErQQ_KzUWUQrJrzG4pengwTNy50STh1uGknfxJCDyNRfYx34pNvCF3hffTyl-_1jqQ,BR1_3275091760,16.16,12.803,12.197,3.197,0
4.0714,0.2143,0.5714,0.1765,0.2123,3,0.0,0.2143,1.2143,8.0406,0.4467,0.4467,0.3,0.2623,2.0,0.0,0.335,1.1168,9.1644,0.4417,0.5521,0.1429,0.1973,1.0,0.0667,0.2208,1.5458,0,YKdoIakNExtY7vJbRxBxRo-AUgFs-yWlEVNU9owW18psrDZ6AN4WiiXW4KnJcere6KedEZl4e-xAwQ,BR1_3273010070,16.16,14.0,8.955,9.057,0
6.2419,0.0752,0.376,0.3333,0.2795,3,0.0,0.3008,0.9024,8.3741,0.3418,0.4272,0.1333,0.2105,1.0,0.1,0.1709,1.2817,9.0306,0.645,0.1075,0.3846,0.2842,1.0,0.2857,0.5375,1.3976,1,YKdoIakNExtY7vJbRxBxRo-AUgFs-yWlEVNU9owW18psrDZ6AN4WiiXW4KnJcere6KedEZl4e-xAwQ,BR1_3272998271,16.16,13.297,11.703,9.302,1
7.8571,0.2857,0.1429,0.1538,0.2225,2,0.0,0.1429,0.9286,8.3636,0.4545,0.0909,0.3478,0.3081,6.0,0.1667,0.7273,2.0909,5.0391,0.3876,0.1551,0.1667,0.1209,1.0,0.0,0.2326,1.3955,0,YKdoIakNExtY7vJbRxBxRo-AUgFs-yWlEVNU9owW18psrDZ6AN4WiiXW4KnJcere6KedEZl4e-xAwQ,BR1_3272980709,16.16,14.0,11.0,12.899,1
4.8385,0.3652,0.2739,0.6,0.2994,0,0.0,0.2739,0.4565,8.8281,0.4984,0.2848,0.5652,0.2852,2.0,0.1667,0.9255,1.6375,7.9453,0.4256,0.3783,0.5,0.3386,2.0,0.0909,0.7094,1.4188,0,YKdoIakNExtY7vJbRxBxRo-AUgFs-yWlEVNU9owW18psrDZ6AN4WiiXW4KnJcere6KedEZl4e-xAwQ,BR1_3272977390,16.16,10.954,14.046,21.145,1
5.2857,0.3571,0.1429,0.0714,0.1768,0,0.0,0.0714,1.0,4.8511,0.4733,0.2366,0.3571,0.1373,0.0,0.0,0.5916,1.6565,10.0541,0.3408,0.0,0.0714,0.0642,0.0,0.1333,0.1704,2.3857,0,8PBukccE9lW28RhZGK9p-mPQVHLk40O6W7ZRU8tqU8z2Pw1JgVoCBfOJMkA-9IVhyxkwXbul7jeWQQ,BR1_3273822748,16.16,14.0,8.452,5.868,1
7.5,0.3571,0.0714,0.0,0.1721,0,0.0,0.0,0.7857,9.5455,0.4545,0.0909,0.0,0.2814,0.0,0.2308,0.0,0.3636,4.7047,0.2352,0.7057,0.0,0.3846,0.0,0.1429,0.0,0.2352,0,8PBukccE9lW28RhZGK9p-mPQVHLk40O6W7ZRU8tqU8z2Pw1JgVoCBfOJMkA-9IVhyxkwXbul7jeWQQ,BR1_3273807845,16.16,14.0,11.0,4.251,0
5.8489,0.3798,0.1519,0.0833,0.133,0,0.0,0.076,0.9115,4.6472,0.338,0.338,0.4118,0.1854,1.0,0.25,0.5915,1.4364,4.5285,0.5032,0.3145,0.5385,0.1742,0.0,0.2308,0.8805,1.6353,0,8PBukccE9lW28RhZGK9p-mPQVHLk40O6W7ZRU8tqU8z2Pw1JgVoCBfOJMkA-9IVhyxkwXbul7jeWQQ,BR1_3273789691,16.16,13.165,11.835,15.899,0
8.6306,0.083,0.0,0.4615,0.2485,5,0.0,0.4979,1.0788,4.7105,0.3861,0.3089,0.5556,0.2985,3.0,0.4545,0.7722,1.39,7.3778,0.1696,0.3392,0.4545,0.2456,2.0,0.0833,0.848,1.8657,1,M2j5-zwXSRGm3JLyfJIETN5c1c8nkGicJxPNykF8IkMWYy0ug_OjOGBeDT9zKtQmyWjd9SLow9-UiA,BR1_3276917549,16.17,12.05,12.95,11.792,1
5.9518,0.7258,0.2903,0.6,0.3265,3,0.0,0.2177,0.3629,3.6534,0.802,0.2673,0.55,0.2338,1.0,0.0,0.9802,1.7821,9.187,1.1484,0.1641,0.3077,0.1749,0.0,0.1,0.6562,2.1327,0,M2j5-zwXSRGm3JLyfJIETN5c1c8nkGicJxPNykF8IkMWYy0ug_OjOGBeDT9zKtQmyWjd9SLow9-UiA,BR1_3276917203,16.17,13.777,11.223,6.096,1
4.8608,0.5488,0.3136,0.2857,0.2096,2,0.0,0.3136,1.0976,5.3084,0.6533,0.3267,0.7333,0.231,1.0,0.2,0.8983,1.225,4.144,0.6907,0.4604,0.2222,0.127,0.0,0.0833,0.2302,1.036,0,M2j5-zwXSRGm3JLyfJIETN5c1c8nkGicJxPNykF8IkMWYy0ug_OjOGBeDT9zKtQmyWjd9SLow9-UiA,BR1_3276798230,16.17,12.755,12.245,8.687,0
5.2672,0.5097,0.3398,0.4286,0.3476,0,0.0,0.2549,0.5947,5.677,0.5793,0.4634,0.2857,0.2052,1.0,0.0,0.4634,1.622,6.5349,0.6971,0.1743,0.3125,0.152,1.0,0.5,0.4357,1.3941,0,M2j5-zwXSRGm3JLyfJIETN5c1c8nkGicJxPNykF8IkMWYy0ug_OjOGBeDT9zKtQmyWjd9SLow9-UiA,BR1_3276784003,16.17,11.771,8.631,11.477,0
6.2803,0.628,0.0,0.5,0.3267,6,0.0,0.628,1.2561,5.4641,0.734,0.2447,0.5909,0.3141,4.0,0.2727,1.0602,1.7942,5.7414,0.8334,0.1852,0.3529,0.1751,0.0,0.1667,0.5556,1.5742,1,M2j5-zwXSRGm3JLyfJIETN5c1c8nkGicJxPNykF8IkMWYy0ug_OjOGBeDT9zKtQmyWjd9SLow9-UiA,BR1_3276580194,16.17,12.738,12.262,10.799,1
9.0659,0.2972,0.0743,0.375,0.2784,4,0.75,0.4459,1.189,8.6633,0.4332,0.2599,0.4118,0.2513,0.0,0.2308,0.6064,1.4728,2.5124,0.0,0.1396,0.0909,0.081,0.0,0.0,0.1396,1.5353,0,9JWUh9Aj82Kq9tar3Np3QfkdyF5vtsgCq6C3JqY5h-9cB4epCuhIckRTTRHTBkcIL0sYmDf1kEQEMg,BR1_3277310335,16.17,13.457,11.543,7.165,1
5.5914,0.2663,0.2663,0.1429,0.0425,0,0.0,0.1775,1.2425,4.3691,0.5097,0.2913,0.2,0.1278,1.0,0.1176,0.3641,1.8205,3.9237,0.4527,0.4527,1.0,0.1721,0.0,0.3636,0.7546,0.7546,0,mxEMJBMb_b7DuoV3jR2Ewctzfkko7o-aU1LnQ4Bb8yud1cPpebBVmFNu69YTHOJEG_jCM6n474Icng,BR1_3277286597,16.17,11.267,13.733,6.626,0
4.9351,0.3629,0.2177,0.4286,0.2431,3,0.0,0.4355,1.0161,8.377,0.3565,0.1782,0.4545,0.2654,2.0,0.0833,0.4456,0.9803,7.1937,0.4855,0.1765,0.5152,0.2588,1.0,0.1667,0.7503,1.4564,0,j7TZM5DiCGgRCnfPUtK0ev2uwNh97fayXlpQ6fkIyb65FaPNGgMXK9fLtAvYhr69tQFMNCRYnPKHhw,BR1_3276960132,16.17,13.779,11.221,22.659,1
5.7857,0.2857,0.2143,0.2222,0.2625,1,0.0,0.1429,0.6429,15.21,1.3827,0.0,0.0,0.1315,0.0,0.3333,0.0,0.0,,,,,,,,,,0,j7TZM5DiCGgRCnfPUtK0ev2uwNh97fayXlpQ6fkIyb65FaPNGgMXK9fLtAvYhr69tQFMNCRYnPKHhw,BR1_3276289949,16.17,14.0,1.446,0.0,0
8.5229,0.3551,0.0,0.7778,0.3811,3,0.0,0.6215,0.799,8.2074,0.4004,0.2002,0.6154,0.5238,2.0,0.5,1.6014,2.6023,,,,,,,,,,1,v_4eQ2F9J19SanA97stS0cykU3Js4NOmdcv7KbD5ARE8_OAFCkTz9PtFN_ywv0ErXQw1hfxX8-TFKQ,BR1_3277139862,16.17,11.264,4.995,0.0,1
7.0046,0.3891,0.0778,0.4118,0.3046,2,0.0,0.5448,1.3231,10.7353,1.5336,0.0,0.5,0.3471,3.0,0.0,1.0735,2.1471,,,,,,,,,,0,v_4eQ2F9J19SanA97stS0cykU3Js4NOmdcv7KbD5ARE8_OAFCkTz9PtFN_ywv0ErXQw1hfxX8-TFKQ,BR1_3277126514,16.17,12.849,6.521,0.0,1
7.2857,0.2143,0.0714,0.1,0.1432,1,0.0,0.0714,0.7143,9.1818,0.4545,0.0909,0.25,0.1209,0.0,0.1333,0.3636,1.4545,9.8953,0.0,0.6597,0.0,0.0572,0.0,0.0,0.0,0.6597,0,tbGc6i2vUY2OPhL-pJN84Rv4LSa4wbfL_MpQNPyyanUbA-V0EhWcOiTO_4bE_cxz5JuZvvNgU-C_tw,BR1_3277312736,16.17,14.0,11.0,1.516,1
7.3304,0.3779,0.0,0.6667,0.2462,2,0.0,0.4534,0.6801,5.0139,0.3399,0.2549,0.5,0.282,2.0,0.2941,0.5099,1.0198,12.9949,0.5198,0.0,0.0,0.0658,0.0,0.0,0.0,0.5198,1,Od5Z_H15B9K7ZAsFvE5VjniJttZbvZyT2Q4S8Tr0As-L-TrN-s5k0BZQbm9mX3aHI7SA1fH-kBzUOA,BR1_3277307677,16.17,13.233,11.767,1.924,0
8.7143,0.3571,0.0,0.1765,0.1456,2,0.0,0.2143,1.2143,5.4458,0.3404,0.2269,0.4737,0.2256,0.0,0.1,1.0211,2.1556,2.5989,0.6155,0.342,0.4762,0.1943,0.0,0.25,0.6839,1.4362,0,Od5Z_H15B9K7ZAsFvE5VjniJttZbvZyT2Q4S8Tr0As-L-TrN-s5k0BZQbm9mX3aHI7SA1fH-kBzUOA,BR1_3277288352,16.17,14.0,8.814,14.622,1
6.9572,0.4587,0.0765,0.4,0.181,2,0.0,0.3058,0.7645,4.1941,0.4766,0.0,0.6429,0.252,0.0,0.4444,0.8579,1.3345,5.5355,0.346,0.346,0.5714,0.2336,0.0,0.25,1.3839,2.4218,1,XzQBAHVnUIV8cBB8qZHt963BrBHj6jWCQf3Dd_Iu8UJN95Zm6TZtUCmla4qF7rrrXihRSQx9555BQg,BR1_3277222676,16.17,13.08,10.491,2.89,1
6.4184,0.3423,0.0,0.2,0.2807,1,0.0,0.0856,0.4279,6.8344,0.4506,0.2253,0.4615,0.3604,3.0,0.0,0.4506,0.9763,4.8529,0.6673,0.182,0.963,0.4288,2.0,0.0667,1.5772,1.6379,0,XzQBAHVnUIV8cBB8qZHt963BrBHj6jWCQf3Dd_Iu8UJN95Zm6TZtUCmla4qF7rrrXihRSQx9555BQg,BR1_3277197780,16.17,11.685,13.315,16.485,0
4.7432,0.1506,0.1506,0.1176,0.2816,1,0.0,0.1506,1.2799,5.1204,0.512,0.3414,0.1765,0.2053,0.0,0.0,0.256,1.4508,5.6241,0.5514,0.4411,0.1765,0.101,0.0,0.0909,0.3308,1.8747,1,AV3XguVrErNLtxPkDSWk_6hv3kYvU7TiPar0AyvApiTuHPnXfDoiF_iGKEoCI-SPPyjk7P5jCyGteg,BR1_3277173552,16.17,13.282,11.718,9.068,1
7.9353,0.3052,0.0,0.3,0.1583,1,0.0,0.2289,0.763,3.0421,0.1014,0.1014,0.55,0.1888,0.0,0.0588,1.1154,2.028,,,,,,,,,,0,XzeTWaRfnKz7EVEWQDVQbJpOqZwLopnEOSnwgsH5UEejndvekrPHyW7ARUWj7jrbuL_i3L_eqen0Dg,BR1_3277320706,16.17,13.106,9.862,0.0,1
6.7237,0.4584,0.382,0.3636,0.2328,0,0.0,0.3056,0.8405,8.209,0.3078,0.1026,0.4375,0.1469,0.0,0.125,0.7183,1.6418,3.227,0.0,0.1844,0.5217,0.1169,0.0,0.1667,1.1064,2.1206,0,XzeTWaRfnKz7EVEWQDVQbJpOqZwLopnEOSnwgsH5UEejndvekrPHyW7ARUWj7jrbuL_i3L_eqen0Dg,BR1_3277103003,16.17,13.088,9.745,10.846,1
7.4621,0.3354,0.0838,0.5,0.1967,2,0.0,0.6708,1.3415,8.4142,0.153,0.0765,0.4167,0.2353,1.0,0.0714,0.3825,0.9179,2.905,0.0,0.581,1.0,0.1223,0.0,0.0,0.9683,0.9683,0,XzeTWaRfnKz7EVEWQDVQbJpOqZwLopnEOSnwgsH5UEejndvekrPHyW7ARUWj7jrbuL_i3L_eqen0Dg,BR1_3276461647,16.17,11.927,13.073,5.164,0
7.1021,0.1633,0.1633,0.0714,0.152,0,0.0,0.0816,1.1429,9.1614,0.4469,0.1117,0.4167,0.2562,2.0,0.1111,0.5586,1.3407,3.0985,0.0,0.459,0.7619,0.2849,3.0,0.4,1.8362,2.41,0,RCJiiDQNyzTFj5ZFcXTvRLvHEWK5n8kNC6e8wnGYlykT3VCMX_uygx-7H_ad9qIfKnDppFJn5mHnrQ,BR1_3277230263,16.17,12.25,8.951,8.714,1
6.7857,0.2143,0.2143,0.0,0.1671,0,0.0,0.0,0.5,5.2727,0.2727,0.4545,0.6875,0.2802,1.0,0.1,1.0,1.4545,4.2569,0.473,0.473,0.125,0.1414,0.0,0.0,0.1182,0.946,0,RCJiiDQNyzTFj5ZFcXTvRLvHEWK5n8kNC6e8wnGYlykT3VCMX_uygx-7H_ad9qIfKnDppFJn5mHnrQ,BR1_3277213653,16.17,14.0,11.0,8.457,0
6.6221,0.0,0.308,0.25,0.2503,1,0.0,0.231,0.924,4.5839,0.3274,0.4366,0.2222,0.2449,0.0,0.2222,0.2183,0.9823,3.5642,0.297,0.297,0.4706,0.1269,0.0,0.125,0.792,1.6831,0,RCJiiDQNyzTFj5ZFcXTvRLvHEWK5n8kNC6e8wnGYlykT3VCMX_uygx-7H_ad9qIfKnDppFJn5mHnrQ,BR1_3277194780,16.17,12.987,9.163,10.1,1
8.2478,0.2894,0.1447,0.2381,0.2734,2,0.0,0.3617,1.5193,8.5617,0.4566,0.1142,0.6429,0.39,3.0,0.3,1.0274,1.5982,7.6391,0.0,0.0,1.0,0.4763,0.0,0.2857,3.8196,3.8196,0,c4lp7ZGo_5RZ4ENq5Acwl-YhfZto3IxxdDisoH7f2SoXeeIYBKg4HH7us_RPPUOudaSqqRpaRZvDrw,BR1_3277191003,16.17,13.822,8.76,1.833,1
6.7857,0.4286,0.0,0.5714,0.3743,3,0.2,0.2857,0.5,9.3636,0.4545,0.2727,0.3158,0.1977,3.0,0.2222,0.5455,1.7273,10.7716,0.3917,0.3917,0.4444,0.3085,3.0,0.1111,0.7834,1.7626,1,c4lp7ZGo_5RZ4ENq5Acwl-YhfZto3IxxdDisoH7f2SoXeeIYBKg4HH7us_RPPUOudaSqqRpaRZvDrw,BR1_3277166871,16.17,14.0,11.0,5.106,1
8.0,0.2857,0.2143,0.3,0.2999,1,0.0,0.2143,0.7143,6.6364,0.2727,0.3636,0.5,0.2504,2.0,0.1,0.6364,1.2727,5.0296,0.2286,0.4572,0.5833,0.2569,2.0,0.0,0.5334,0.9145,0,c4lp7ZGo_5RZ4ENq5Acwl-YhfZto3IxxdDisoH7f2SoXeeIYBKg4HH7us_RPPUOudaSqqRpaRZvDrw,BR1_3276828085,16.17,14.0,11.0,13.122,0
7.7143,0.2857,0.2143,0.1818,0.1642,0,0.0,0.1429,0.7857,7.0909,0.4545,0.3636,0.5,0.2909,1.0,0.0,0.7273,1.4545,9.8257,0.2729,0.2729,0.3889,0.1824,1.0,0.1818,0.9553,2.4564,0,c4lp7ZGo_5RZ4ENq5Acwl-YhfZto3IxxdDisoH7f2SoXeeIYBKg4HH7us_RPPUOudaSqqRpaRZvDrw,BR1_3276143345,16.16,14.0,11.0,7.328,1
5.2961,0.3627,0.2176,0.3333,0.1361,1,0.2,0.3627,1.0882,5.0075,0.3035,0.4552,0.1818,0.2177,0.0,0.2,0.3035,1.6692,1.5788,0.4643,0.3715,0.381,0.2823,1.0,0.0667,0.743,1.9503,0,DOry8e-3d2IxJ5tP_va3GwvgZERoEkcOIgrDWIjCdoY11I9oTS-ueJstaGqEBIbZcfz35q0E6D2r_A,BR1_3277205515,16.17,13.784,6.59,10.768,1
6.2879,0.1462,0.2193,0.3182,0.218,4,0.0,0.5118,1.6085,7.1317,0.4457,0.4457,0.5556,0.299,1.0,0.0769,0.5572,1.0029,7.8352,0.4235,0.3176,0.4545,0.1866,0.0,0.0,0.5294,1.1647,0,Btf_e2Ea1RCQFbLaMkJDjXq97KE0LffL4E5DGPWQqH-_HqAcmYEUcysd9x05ZJ8X3opQZ5U9ZxelUg,BR1_3276802808,16.17,13.677,8.974,9.445,0
6.8466,0.1488,0.2233,0.0833,0.0973,0,0.0,0.0744,0.893,6.3134,0.3459,0.2595,0.25,0.1237,1.0,0.2222,0.2595,1.0378,5.011,0.4497,0.4497,0.4091,0.0991,0.0,0.2222,0.5782,1.4133,0,Btf_e2Ea1RCQFbLaMkJDjXq97KE0LffL4E5DGPWQqH-_HqAcmYEUcysd9x05ZJ8X3opQZ5U9ZxelUg,BR1_3276429688,16.17,13.437,11.563,15.566,0
6.8218,0.359,0.1436,0.4,0.2295,1,0.0,0.1436,0.359,8.4882,0.8127,0.2709,0.375,0.2002,0.0,0.0833,0.5418,1.4448,6.2015,0.6741,0.4044,0.6471,0.2373,0.0,0.2143,0.7415,1.1459,0,Btf_e2Ea1RCQFbLaMkJDjXq97KE0LffL4E5DGPWQqH-_HqAcmYEUcysd9x05ZJ8X3opQZ5U9ZxelUg,BR1_3275490374,16.16,13.926,11.074,14.835,0
8.0714,0.3571,0.0714,0.4286,0.1552,0,0.0,0.2143,0.5,10.7273,0.3636,0.0,0.2857,0.2879,0.0,0.1111,0.1818,0.6364,6.7985,0.2193,0.329,0.5238,0.2497,0.0,0.0833,1.2062,2.3027,0,Btf_e2Ea1RCQFbLaMkJDjXq97KE0LffL4E5DGPWQqH-_HqAcmYEUcysd9x05ZJ8X3opQZ5U9ZxelUg,BR1_3275471337,16.16,14.0,11.0,9.12,1
5.7143,0.6429,0.1429,0.8571,0.3859,2,1.0,0.8571,1.0,2.2727,0.3636,0.0909,0.4286,0.2553,1.0,0.25,0.2727,0.6364,6.169,0.8658,0.5411,0.6154,0.2849,1.0,0.1333,0.8658,1.407,0,LmaAMINu4e9rLBIxPEXosGJdpLksXU-PnRUi6jLh2mPO2PZ2sCPAQk6SM19pA_U2hjCXJXEM3fu_8w,BR1_3276595364,16.17,14.0,11.0,9.24,0
7.9286,0.3571,0.1429,0.2,0.1204,0,0.0,0.2143,1.0714,9.4545,0.8182,0.2727,0.2857,0.2,0.0,0.0,0.3636,1.2727,6.5001,0.7296,0.199,0.5526,0.177,0.0,0.0645,0.6964,1.2602,0,LmaAMINu4e9rLBIxPEXosGJdpLksXU-PnRUi6jLh2mPO2PZ2sCPAQk6SM19pA_U2hjCXJXEM3fu_8w,BR1_3276480551,16.17,14.0,11.0,30.154,1
5.0714,0.3571,0.1429,0.0,0.2609,0,0.0,0.0,0.7143,2.116,0.4455,0.6682,0.2,0.255,0.0,0.1,0.1114,0.5569,,,,,,,,,,0,G3ByJ84rKeIwLGyF9liXFY5R2kTEqWL8Bpqz-JgsgfgbB_A2VS_e1M_t85TYq6Sp0mJEIR8CL1XLqw,BR1_3276834169,16.17,14.0,8.979,0.0,0
6.546,0.3155,0.1577,0.3529,0.2089,1,0.5,0.4732,1.3407,6.7073,0.3312,0.5796,0.4,0.3183,4.0,0.0769,0.6625,1.6561,6.4534,0.4473,0.4473,0.5769,0.2899,1.0,0.0909,0.9584,1.6613,0,G3ByJ84rKeIwLGyF9liXFY5R2kTEqWL8Bpqz-JgsgfgbB_A2VS_e1M_t85TYq6Sp0mJEIR8CL1XLqw,BR1_3276806293,16.17,12.68,12.076,15.651,0
6.4286,0.2143,0.2143,0.1,0.2128,0,0.0,0.0714,0.7143,7.3636,0.4545,0.2727,0.2222,0.1817,0.0,0.0909,0.3636,1.6364,3.0281,0.3616,0.3164,0.6071,0.1498,0.0,0.1034,0.7683,1.2655,0,_GDD9KaHiFvs11Ht-BbUHUu5Z6zbkkc9VHYKLqNG5kUATjAK5_8PuH-oUz3NADIAve1lKO7cuTvDAw,BR1_3277096078,16.17,14.0,11.0,22.126,1
6.3656,0.3488,0.0872,0.1579,0.1714,1,0.0,0.2616,1.6568,6.5103,0.3875,0.2325,0.2759,0.15,1.0,0.0,0.62,2.2476,3.4047,0.3584,0.2688,0.5833,0.1951,3.0,0.1429,1.2544,2.1504,0,MFAJ3cVtMNv3NTCBnmzgQ27XMukhS0lGXDM-KNCYs26HpWR-DwpP3f81Id2A76uv35xHIJm10yDkhw,BR1_3276621335,16.17,11.468,12.903,11.161,1
6.2143,0.5714,0.2143,0.4545,0.2072,1,0.5,0.3571,0.7857,5.1818,0.4545,0.1818,0.7059,0.3744,3.0,0.1,1.0909,1.5455,4.7745,0.5162,0.5162,0.4286,0.1735,1.0,0.125,0.3871,0.9033,0,MFAJ3cVtMNv3NTCBnmzgQ27XMukhS0lGXDM-KNCYs26HpWR-DwpP3f81Id2A76uv35xHIJm10yDkhw,BR1_3276609733,16.17,14.0,11.0,7.749,0
5.0875,0.096,0.096,0.3846,0.2844,3,0.0,0.48,1.2479,,,,,,,,,,,,,,,,,,,1,MFAJ3cVtMNv3NTCBnmzgQ27XMukhS0lGXDM-KNCYs26HpWR-DwpP3f81Id2A76uv35xHIJm10yDkhw,BR1_3276611195,16.17,10.418,0.0,0.0,1
5.7857,0.3571,0.2857,0.5294,0.2659,3,0.0,0.6429,1.2143,4.1818,0.4545,0.2727,0.6842,0.3766,5.0,0.1818,1.1818,1.7273,6.779,0.4084,0.1633,0.6522,0.3615,6.0,0.1818,1.2251,1.8785,0,MFAJ3cVtMNv3NTCBnmzgQ27XMukhS0lGXDM-KNCYs26HpWR-DwpP3f81Id2A76uv35xHIJm10yDkhw,BR1_3276601193,16.17,14.0,11.0,12.244,1
4.2143,0.2143,0.3571,0.3571,0.2882,1,0.2,0.3571,1.0,5.9828,0.1068,0.4273,0.5714,0.262,0.0,0.2,0.4273,0.7478,3.6005,0.32,0.4001,0.5333,0.2004,0.0,0.0769,0.6401,1.2002,0,dxFyf4NX7QVRA-chr5kgqQyvqCPSLas2EhrT9o90JH-77sm0oMeIb87YvU9Xp80-ogGLcOS4mz4BTw,BR1_3275006487,16.16,14.0,9.36,12.498,0
4.7642,0.3665,0.3665,0.1333,0.061,2,0.0,0.1466,1.0994,3.4638,0.4681,0.1872,0.4348,0.1583,0.0,0.125,0.9362,2.1532,8.7032,1.0879,0.0,0.3,0.2408,1.0,0.0,0.5439,1.8132,0,hOS7DxsCcwIQNbWaPvVCnn4Y-R8uQf_GEXKJh6mmb5QlhRe6IGidnDDgH0MLFe9uaEoOaxJBK4yqzg,BR1_3276827657,16.17,13.644,10.682,5.515,1
7.2143,0.4286,0.0714,0.4706,0.3218,3,0.0,0.5714,1.2143,5.5098,0.9183,0.153,0.7333,0.4362,3.0,0.3333,1.6835,2.2957,5.6174,0.6242,0.104,0.7391,0.4112,3.0,0.1333,1.7684,2.3926,0,95fUgSrlPSmEd82f4nan5pjz6B3DWMMQv07p99dsy6ZnF5YHTWEDf0p6GgdRlbwVBbZktYrFY-YPdQ,BR1_3275881632,16.16,14.0,6.534,9.613,1
6.7999,0.4916,0.0819,0.4286,0.283,1,0.0,0.4916,1.147,5.0472,0.3481,0.174,0.4815,0.2637,2.0,0.1765,1.1313,2.3496,7.1646,1.2643,0.0,0.6,0.4042,2.0,0.3333,1.2643,2.1072,0,95fUgSrlPSmEd82f4nan5pjz6B3DWMMQv07p99dsy6ZnF5YHTWEDf0p6GgdRlbwVBbZktYrFY-YPdQ,BR1_3275620144,16.16,12.206,11.491,4.746,1
5.2428,0.4033,0.2016,0.1667,0.2557,1,0.0,0.1008,0.6049,7.1301,0.3907,0.3907,0.5,0.2506,0.0,0.125,0.0977,0.1953,,,,,,,,,,0,psrw7LWTQ-KntDK88fhPtcXK7q62DTTl50Q5ia3U5n8uQIdDZHfkphZyw0JasLojJQYzWszJ8w2xfA,BR1_3271323655,16.15,9.918,10.238,0.0,0
6.6654,0.3418,0.0855,1.0,0.37,3,0.5,0.4273,0.4273,6.2416,0.6768,0.376,0.8571,0.4107,4.0,0.1667,0.4512,0.5264,3.6441,0.4555,0.6833,1.0,0.3492,0.0,0.0,0.2278,0.2278,0,SJQT35CUd-xBueFHqjQkZlBlhgw3PhHwrsALMhsChIdT95QOBIrb9tcLJ67DLfMIr3MIFwmLeCXZMQ,BR1_3277232050,16.17,11.702,13.298,4.391,0
9.2143,2.0,0.0,0.4,0.4198,3,0.0,0.2857,0.7143,8.8182,4.0909,0.1818,0.4286,0.4744,1.0,0.1,0.2727,0.6364,7.6115,6.4097,0.0,0.6667,0.1906,1.0,0.2143,0.9615,1.4422,0,cN0XXpONh2B-iOtzJlSAtGJnMhov8UU4G5pQr51kk4gSAKTutA0wyoXin5btgWIR4pON4eiF_6uYrQ,BR1_3201941584,16.3,14.0,11.0,12.481,1
7.306,0.2865,0.0716,0.0,0.0758,0,0.0,0.0,0.5014,7.8732,0.6561,0.4374,0.2222,0.1199,0.0,0.2143,0.2187,0.9841,5.5909,0.5591,0.5591,0.0,0.2453,0.0,0.1667,0.0,0.5591,0,8TcoM9liPG_EWiu0Nir0mDteBldqu0BBrbSnlwruQHO3sd6-HqTvehzWgvWxK_NskK_0CgMrV-ndGQ,BR1_3276840413,16.17,13.961,9.145,1.789,0
5.4286,0.3571,0.2857,0.25,0.1713,1,0.0,0.1429,0.5714,7.3636,0.6364,0.0909,0.6667,0.3144,2.0,0.1,0.7273,1.0909,6.2621,0.9164,0.3818,0.4167,0.2223,1.0,0.0,0.3818,0.9164,0,L03mz3FTs8nhqovwydvEmR9cp_3V8-xAIkDPfzPzsnkqE-Y8i2ck54lQjpPD7X9ZDyEf24ep_tljdQ,BR1_3277127240,16.17,14.0,11.0,13.095,0
6.7857,0.4286,0.1429,0.3077,0.1993,1,0.0,0.2857,0.9286,7.5817,0.8424,0.2407,0.3077,0.2383,0.0,0.125,0.4814,1.5645,5.4486,0.9274,0.2319,0.1739,0.149,1.0,0.1,0.4637,2.6663,0,L03mz3FTs8nhqovwydvEmR9cp_3V8-xAIkDPfzPzsnkqE-Y8i2ck54lQjpPD7X9ZDyEf24ep_tljdQ,BR1_3277079834,16.17,14.0,8.309,8.626,1
7.2143,0.4286,0.0714,0.6667,0.1871,1,0.25,0.2857,0.4286,9.8097,0.5163,0.0,0.0,0.0248,0.0,,0.0,0.0,,,,,,,,,,1,xkWlCW4TUSyeKuHsePR0RdZzyZLDl77JO9EBAE9X0A_dcNmVv0qRnU1dv54YUXuf8W8I7YnnXco0aw,BR1_3277317920,16.17,14.0,1.937,0.0,0
5.7924,0.2482,0.2482,0.6154,0.3114,6,0.0,0.662,1.0757,4.336,0.2323,0.3097,0.4091,0.2491,0.0,0.4545,0.6969,1.7034,4.0309,0.2419,0.4031,0.7692,0.286,0.0,0.1875,0.8062,1.048,1,jsLVhdGfGNmfCGdLDrnSBP5_Jifr8lVS12ZUwVDTBWFbTaCfWukw9u_oUdu4f4QtoZdOY8xgVqr5kw,BR1_3277207284,16.17,12.085,12.915,12.404,0
5.7143,0.2857,0.0714,0.0,0.1277,0,0.0,0.0,0.5,3.8182,0.5455,0.4545,0.3333,0.275,0.0,0.1,0.3636,1.0909,3.691,0.0,0.3425,0.5429,0.2204,1.0,0.2222,0.723,1.3318,0,jsLVhdGfGNmfCGdLDrnSBP5_Jifr8lVS12ZUwVDTBWFbTaCfWukw9u_oUdu4f4QtoZdOY8xgVqr5kw,BR1_3277181328,16.17,14.0,11.0,26.28,0
6.4286,0.2857,0.0714,0.2308,0.2864,1,0.0,0.2143,0.9286,5.5455,0.2727,0.2727,0.1765,0.2297,2.0,0.1667,0.2727,1.5455,1.061,0.0,0.7073,0.3333,0.123,0.0,0.25,0.7073,2.1219,0,jsLVhdGfGNmfCGdLDrnSBP5_Jifr8lVS12ZUwVDTBWFbTaCfWukw9u_oUdu4f4QtoZdOY8xgVqr5kw,BR1_3276869538,16.17,14.0,11.0,2.828,1
8.2143,0.3571,0.1429,0.25,0.162,0,0.4,0.0714,0.2857,5.8511,0.2926,0.1463,0.6,0.201,0.0,0.4,0.8777,1.4628,7.9296,0.4664,0.4664,0.2,0.1936,1.0,0.0,0.4664,2.3322,0,IyL1SaHVF5CRbTolbgLNrqc0OlwHNEJvgoPSVut0v4gUpmf7fpBvDcvz1EWmB_OgEqLlPaQpAXPE_w,BR1_3276838836,16.17,14.0,6.836,2.144,1
5.3571,0.1429,0.2857,0.5714,0.2067,0,0.0,0.2857,0.5,8.3636,0.3636,0.2727,0.0,0.1098,0.0,0.0909,0.0,0.2727,8.9037,0.2473,0.4947,0.5,0.2328,0.0,0.125,0.4947,0.9893,0,IyL1SaHVF5CRbTolbgLNrqc0OlwHNEJvgoPSVut0v4gUpmf7fpBvDcvz1EWmB_OgEqLlPaQpAXPE_w,BR1_3276825745,16.17,14.0,11.0,4.043,0
4.2143,0.2857,0.1429,0.5556,0.1721,1,0.0,0.3571,0.6429,8.5455,0.5455,0.0,0.3529,0.149,3.0,0.25,0.5455,1.5455,6.362,0.0,0.0,0.2222,0.1,0.0,0.0,0.4894,2.2022,0,IyL1SaHVF5CRbTolbgLNrqc0OlwHNEJvgoPSVut0v4gUpmf7fpBvDcvz1EWmB_OgEqLlPaQpAXPE_w,BR1_3276479877,16.17,14.0,11.0,4.087,1
7.1789,0.4307,0.1436,0.4138,0.2664,4,0.0,0.8615,2.0819,6.9555,0.1807,0.3613,0.3077,0.141,0.0,0.0,0.3613,1.1743,4.3905,0.3136,0.3763,0.3929,0.204,1.0,0.0588,0.6899,1.7562,0,OcRaoeS2rHTD9Gutk0zarOED1RbyO2sLFovfI-pJgT-VuopOaOG2T7o8RlSmGvnbCBuYbn2V_GNADg,BR1_3276841849,16.17,13.93,11.07,15.944,0
5.7786,0.3904,0.1562,0.6875,0.3571,3,0.0,0.859,1.2494,6.4785,0.41,0.164,0.6111,0.322,0.0,0.1538,0.9021,1.4761,10.2847,0.5471,0.0,0.3333,0.1552,1.0,0.0714,0.6565,1.9694,1,OcRaoeS2rHTD9Gutk0zarOED1RbyO2sLFovfI-pJgT-VuopOaOG2T7o8RlSmGvnbCBuYbn2V_GNADg,BR1_3276824070,16.17,12.806,12.194,9.14,1
6.7857,0.4286,0.2143,0.1111,0.2077,1,0.0,0.0714,0.6429,9.5455,0.2727,0.0909,0.5556,0.2264,4.0,0.0909,0.9091,1.6364,5.3288,0.5329,0.2664,0.6667,0.1833,1.0,0.05,0.746,1.119,0,OcRaoeS2rHTD9Gutk0zarOED1RbyO2sLFovfI-pJgT-VuopOaOG2T7o8RlSmGvnbCBuYbn2V_GNADg,BR1_3275188826,16.16,14.0,11.0,18.766,1
7.9787,0.3873,0.0,0.6667,0.3356,1,0.0,0.3099,0.4648,7.7861,0.3114,0.5191,0.5,0.3564,0.0,0.1333,0.2076,0.4153,,,,,,,,,,0,iZrZOBD1Yykhj9VxbKCvKkkov8jl4eZ9-BAsgoAjS0qQzRdTmx1k53R5GrzX5vRf8nmwlTzP_eTmJA,BR1_3277233626,16.17,12.909,9.633,0.0,0
8.1071,0.3148,0.1574,0.4167,0.2326,1,0.0,0.3935,0.9445,8.2147,0.488,0.0813,0.625,0.4477,2.0,0.0833,1.22,1.952,18.5317,0.0,0.7128,0.4,0.3409,0.0,0.0,1.4255,3.5638,0,IiodmSLUEz4-LszIymx90EcZ0MG9izCpNF4VtRkNmq4JZubBBz6cq-MkDUE-oieP0K0K_clRWpK9vQ,BR1_3276957468,16.17,12.705,12.295,1.403,1
6.2143,0.2857,0.3571,0.3333,0.2498,0,0.0,0.2143,0.6429,8.6878,0.5487,0.1829,0.2857,0.239,0.0,0.0769,0.1829,0.6402,3.7266,0.4141,0.4141,0.5,0.3314,0.0,0.3333,0.4141,0.8281,0,IiodmSLUEz4-LszIymx90EcZ0MG9izCpNF4VtRkNmq4JZubBBz6cq-MkDUE-oieP0K0K_clRWpK9vQ,BR1_3276704029,16.17,14.0,10.935,2.415,0
8.8537,0.1655,0.1655,0.25,0.3665,1,0.0,0.1655,0.662,9.9887,0.2323,0.3097,0.6667,0.4392,5.0,0.1538,0.7743,1.1615,8.6763,0.0953,0.1907,0.6471,0.4909,0.0,0.0833,1.0488,1.6209,1,eFUo6z8Fw1qGvewQ4tGgR_sQt0Yq906chy61QwicDszesI298DyS73H_j-Hbi4_pihHVyiqlixLyOA,BR1_3276954445,16.17,12.085,12.915,10.488,1
7.7196,0.2339,0.2339,0.1429,0.1577,0,0.25,0.156,1.0917,8.3775,0.0821,0.2464,0.5909,0.2862,2.0,0.0909,1.0677,1.8069,7.3084,0.1305,0.261,0.55,0.2454,3.0,0.2778,0.7178,1.3051,0,eFUo6z8Fw1qGvewQ4tGgR_sQt0Yq906chy61QwicDszesI298DyS73H_j-Hbi4_pihHVyiqlixLyOA,BR1_3275955483,16.16,12.824,12.176,15.325,1
8.1429,0.1429,0.1429,0.25,0.2723,0,0.0,0.0714,0.2857,9.8067,0.0,0.7845,0.0,0.1676,0.0,0.0,0.0,0.0,,,,,,,,,,0,eFUo6z8Fw1qGvewQ4tGgR_sQt0Yq906chy61QwicDszesI298DyS73H_j-Hbi4_pihHVyiqlixLyOA,BR1_3275956047,16.16,14.0,2.549,0.0,0
7.2257,0.2168,0.2168,0.0625,0.2254,1,0.0,0.0723,1.1561,8.0994,0.2348,0.1174,0.375,0.1536,0.0,0.0,0.7043,1.8781,,,,,,,,,,0,eFUo6z8Fw1qGvewQ4tGgR_sQt0Yq906chy61QwicDszesI298DyS73H_j-Hbi4_pihHVyiqlixLyOA,BR1_3275952029,16.16,13.84,8.519,0.0,1
5.5714,0.5,0.4286,0.3333,0.2826,2,0.0,0.4286,1.2857,7.0,0.3636,0.4545,0.5,0.2771,2.0,0.0909,0.5455,1.0909,7.4366,0.4553,0.4553,0.2222,0.2349,2.0,0.0,0.3035,1.3659,0,fLBd9XboztEFerB3CLZ8ORW3VMBn_IYLu8z5Gr6PCyazuxUPmR9vbUbh9IHKp32oTDGic0HtTR4z3g,BR1_3277243127,16.17,14.0,11.0,6.589,0
6.1429,0.4286,0.3571,0.1667,0.2212,0,0.0,0.0714,0.4286,5.5149,0.7353,0.2757,0.4444,0.191,0.0,0.0909,0.3677,0.8272,8.2327,0.9686,0.0,0.5,0.0617,0.0,0.0,1.4528,2.9057,0,fLBd9XboztEFerB3CLZ8ORW3VMBn_IYLu8z5Gr6PCyazuxUPmR9vbUbh9IHKp32oTDGic0HtTR4z3g,BR1_3277104051,16.17,14.0,10.88,2.065,1
7.8193,0.1489,0.0,0.0,0.0752,0,0.0,0.0,0.9681,7.0892,0.5064,0.2025,0.2308,0.0781,0.0,0.2222,0.3038,1.3166,2.603,0.1132,0.3395,0.125,0.075,0.0,0.25,0.1132,0.9054,0,jC1wU8LOwVU6u7hDthBJ-LY-51gwfal6pUYvQAjjCCr0k8wwwjKvDJPnTfobuLGnc3gCmKVZ7_Wi6A,BR1_3275666636,16.16,13.428,9.874,8.836,0
6.5992,0.1517,0.2276,0.125,0.1509,1,0.0,0.0759,0.6068,8.7668,0.6415,0.4276,0.2857,0.1601,0.0,0.2222,0.2138,0.7484,8.2115,0.2415,0.7245,0.25,0.1274,0.0,0.1,0.2415,0.9661,0,jC1wU8LOwVU6u7hDthBJ-LY-51gwfal6pUYvQAjjCCr0k8wwwjKvDJPnTfobuLGnc3gCmKVZ7_Wi6A,BR1_3275661745,16.16,13.184,9.353,4.141,0
6.8968,0.155,0.0775,0.0,0.1505,0,0.0,0.0,0.2325,6.862,0.248,0.1654,0.3529,0.1993,0.0,0.1538,0.4961,1.4055,8.1573,0.1897,0.5691,0.5,0.2595,0.0,0.2,0.1897,0.3794,0,jC1wU8LOwVU6u7hDthBJ-LY-51gwfal6pUYvQAjjCCr0k8wwwjKvDJPnTfobuLGnc3gCmKVZ7_Wi6A,BR1_3275614699,16.16,12.904,12.096,5.271,0
6.7083,0.2547,0.2547,0.2857,0.2658,3,0.0,0.3397,1.1888,4.1024,0.5128,0.7692,0.75,0.3753,1.0,0.0,0.7692,1.0256,,,,,,,,,,0,9-MKZ5ZZVlSMRJTZnsZrcWjgFyYc6liMSUDF5brA-kQa3cqMPtPfxwJksyTHEE9B5jX4AAchQNt8Tg,BR1_3274789611,16.16,11.776,3.9,0.0,0
6.4309,0.3613,0.0,0.3333,0.17,1,0.0,0.289,0.8671,7.9745,0.1792,0.2688,0.4,0.1952,0.0,0.1,0.3584,0.896,9.6576,0.2445,0.3667,0.2,0.1382,0.0,0.1111,0.1222,0.6112,0,UJqBOcc3grOtpGUL3oaYwHNK6E3c3Yq1718MJ0b9e8b3Qn-riiYJh4qxH0dk7NiO-Hd56QWU9z3wlQ,BR1_3276850373,16.17,13.839,11.161,8.18,0
7.3667,0.1733,0.3467,0.125,0.196,1,0.0,0.0867,0.6933,6.7594,0.3918,0.3918,0.1111,0.1284,0.0,0.3333,0.098,0.8817,8.2566,0.2847,0.1898,0.3889,0.0781,0.0,0.2143,0.6643,1.7083,0,UJqBOcc3grOtpGUL3oaYwHNK6E3c3Yq1718MJ0b9e8b3Qn-riiYJh4qxH0dk7NiO-Hd56QWU9z3wlQ,BR1_3276827709,16.17,11.538,10.208,10.537,1
6.9286,0.2143,0.2857,0.0,0.3191,0,0.0,0.0,0.3571,9.1602,0.3569,0.3569,0.1667,0.2939,0.0,0.125,0.119,0.7138,6.4299,0.0,0.5845,1.0,0.1507,0.0,0.0,1.1691,1.1691,0,UJqBOcc3grOtpGUL3oaYwHNK6E3c3Yq1718MJ0b9e8b3Qn-riiYJh4qxH0dk7NiO-Hd56QWU9z3wlQ,BR1_3276806870,16.17,14.0,8.406,3.422,0
7.7192,0.3285,0.0,0.5,0.4228,0,0.0,0.1642,0.3285,6.6289,0.234,0.4679,0.5714,0.2414,2.0,0.2857,0.3119,0.5459,5.959,0.7449,0.3724,1.0,0.1061,0.0,0.0,0.3724,0.3724,0,EZz439rsIN0YlGJdqqRb3canKz5Pr6oGjlYcIOwGpv4H11gen_CdC_s_qo2z0_-7cDlsuvKXFyvYqg,BR1_3276666064,16.17,12.177,12.823,2.685,0
4.5407,0.4452,0.2671,0.5556,0.3344,1,0.0,0.4452,0.8013,6.682,0.581,0.2905,0.3,0.1941,0.0,0.0,0.2179,0.7263,6.115,0.3494,0.4368,0.5455,0.2394,0.0,0.0588,0.5241,0.9609,0,EZz439rsIN0YlGJdqqRb3canKz5Pr6oGjlYcIOwGpv4H11gen_CdC_s_qo2z0_-7cDlsuvKXFyvYqg,BR1_3275693771,16.16,11.232,13.768,11.447,0
6.9286,0.2857,0.0714,0.3333,0.2801,3,0.0,0.2857,0.8571,9.2361,0.4966,0.1986,0.2105,0.154,0.0,0.0667,0.3973,1.887,,,,,,,,,,0,EZz439rsIN0YlGJdqqRb3canKz5Pr6oGjlYcIOwGpv4H11gen_CdC_s_qo2z0_-7cDlsuvKXFyvYqg,BR1_3275173216,16.16,14.0,10.069,0.0,1
8.2143,0.3571,0.1429,0.0833,0.2011,0,0.0,0.0714,0.8571,7.8795,0.3528,0.0,0.6667,0.3574,0.0,0.1111,0.9408,1.4113,7.668,0.8879,0.0807,0.6,0.3091,2.0,0.1875,0.9686,1.6143,0,UsIKYqSjBNmsydm2s41-v8bTiUNPWjAtHt1Kk4PBmQHGe6KwQDjSkiVLK-xIhkfBGyjBg7bkWknB5Q,BR1_3277256459,16.17,14.0,8.503,12.389,1
7.7924,0.3148,0.1574,0.2308,0.1995,1,0.75,0.2361,1.0232,6.0186,0.488,0.244,0.36,0.1662,1.0,0.0909,0.732,2.0333,3.7842,0.4936,0.3291,0.4286,0.1212,0.0,0.0,0.9872,2.3034,0,UsIKYqSjBNmsydm2s41-v8bTiUNPWjAtHt1Kk4PBmQHGe6KwQDjSkiVLK-xIhkfBGyjBg7bkWknB5Q,BR1_3277248800,16.17,12.705,12.295,6.078,1
8.2143,0.2143,0.0714,0.0,0.1471,0,0.0,0.0,0.5714,7.0909,0.8182,0.0909,0.2,0.1037,0.0,0.2,0.2727,1.3636,8.5818,0.527,0.2258,0.1429,0.0869,0.0,0.125,0.1506,1.0539,0,UsIKYqSjBNmsydm2s41-v8bTiUNPWjAtHt1Kk4PBmQHGe6KwQDjSkiVLK-xIhkfBGyjBg7bkWknB5Q,BR1_3277241626,16.17,14.0,11.0,13.284,0
6.4509,0.4244,0.2546,0.3333,0.2442,0,0.0,0.0849,0.2546,4.7659,0.3026,0.3782,0.4375,0.2157,0.0,0.1538,0.5295,1.2104,3.4505,0.0,1.0352,1.0,0.1432,1.0,0.3333,0.6901,0.6901,0,UsIKYqSjBNmsydm2s41-v8bTiUNPWjAtHt1Kk4PBmQHGe6KwQDjSkiVLK-xIhkfBGyjBg7bkWknB5Q,BR1_3277231447,16.17,11.781,13.219,2.898,0
6.8571,0.3571,0.1429,0.3529,0.2505,1,0.0,0.4286,1.2143,8.2394,0.2289,0.0,0.4545,0.273,3.0,0.0,0.5722,1.2588,1.8696,0.3399,0.5099,0.7143,0.3579,1.0,0.1538,0.8498,1.1897,0,QzkJWcU4cw-hWQEwPUgqEr6RXLl8F4zSTjme8IOILqyj106-2d7RnPyp__CY11tDVLR1TPWUOnNn6g,BR1_3276863552,16.17,14.0,8.738,5.884,0
6.2013,0.2269,0.0756,0.2667,0.2365,2,0.4,0.3025,1.1344,5.9646,0.5112,0.0852,0.6316,0.3131,2.0,0.1667,1.0225,1.619,10.4164,1.0965,0.0,0.8,0.2385,0.0,0.0,1.0965,1.3706,0,QzkJWcU4cw-hWQEwPUgqEr6RXLl8F4zSTjme8IOILqyj106-2d7RnPyp__CY11tDVLR1TPWUOnNn6g,BR1_3276846837,16.17,13.223,11.736,3.648,1
6.8571,0.1429,0.2857,0.25,0.2304,0,0.0,0.1429,0.5714,9.7273,0.3636,0.0,0.75,0.2051,0.0,0.1667,0.8182,1.0909,7.1455,0.4817,0.1606,0.8571,0.3035,0.0,0.1333,1.4452,1.686,0,8eu-1AE9c1mha-gJVBd5QHqiE9Q82O83AEc3RM2WcVV6CBrpCVP9BcpAhhnmwRv1N2zZxizubyE2Qw,BR1_3275203179,16.16,14.0,11.0,12.455,1
7.2857,0.2143,0.0714,0.0667,0.0734,0,0.6,0.0714,1.0714,8.0909,0.2727,0.0909,0.5909,0.1804,1.0,0.2,1.1818,2.0,8.647,0.4895,0.1632,0.375,0.2377,1.0,0.1538,0.9789,2.6104,0,8eu-1AE9c1mha-gJVBd5QHqiE9Q82O83AEc3RM2WcVV6CBrpCVP9BcpAhhnmwRv1N2zZxizubyE2Qw,BR1_3274838126,16.16,14.0,11.0,6.129,1
6.737,0.2526,0.0842,0.0,0.1471,0,0.0,0.0,0.8421,3.5047,0.0,0.0762,0.0769,0.0594,1.0,0.0,0.0762,0.9905,0.0,0.0,0.0,0.0,0.0,0.0,0.0,0.0,1.7629,0,omFxs7UOPsSCdheNkdGcEPbhx3r6MtrISFiwFBq-T9gwyKr3lZBfIdtmhS-wnG2GskpI_sULRjPT5Q,BR1_3277258135,16.17,11.875,13.125,9.076,1
3.6537,0.2923,0.2923,0.4,0.2418,0,0.2,0.2923,0.7307,3.9588,0.3711,0.2474,0.0,0.0667,0.0,0.2,0.0,0.6186,6.9002,0.4929,0.4929,1.0,0.3778,1.0,0.0,0.4929,0.4929,0,omFxs7UOPsSCdheNkdGcEPbhx3r6MtrISFiwFBq-T9gwyKr3lZBfIdtmhS-wnG2GskpI_sULRjPT5Q,BR1_3276566078,16.17,13.685,8.083,2.029,0
4.5613,0.1014,0.1014,0.5556,0.2774,1,0.0,0.5068,0.9123,6.0128,0.5286,0.3964,0.5806,0.2972,9.0,0.0667,1.1893,2.0483,8.1616,0.9602,0.0,0.2,0.2254,1.0,0.0,0.4801,2.4005,0,omFxs7UOPsSCdheNkdGcEPbhx3r6MtrISFiwFBq-T9gwyKr3lZBfIdtmhS-wnG2GskpI_sULRjPT5Q,BR1_3276558937,16.17,9.866,15.134,2.083,1
8.2143,0.2857,0.2857,0.25,0.2195,2,0.0,0.2857,1.1429,8.4545,0.2727,0.2727,0.3684,0.1949,2.0,0.0,0.6364,1.7273,9.7288,0.128,0.256,0.1429,0.1434,1.0,0.0909,0.256,1.7921,0,omFxs7UOPsSCdheNkdGcEPbhx3r6MtrISFiwFBq-T9gwyKr3lZBfIdtmhS-wnG2GskpI_sULRjPT5Q,BR1_3276559718,16.17,14.0,11.0,7.812,1
5.9664,0.3361,0.1681,0.8571,0.4238,5,0.0,0.5042,0.5882,6.9546,0.1545,0.2318,0.25,0.2553,2.0,0.0833,0.3864,1.5455,5.3892,0.0,0.317,0.5455,0.2541,2.0,0.2857,0.951,1.7436,1,vICmSzYKh5LMH9pFzPygokoIKUPaykA4TmSLcIs4XCyaqKehBwV7Iu35e0LgtsBEZmgzX63flHeOug,BR1_3277233214,16.17,11.9,12.941,6.309,0
7.6085,0.2353,0.0784,0.4,0.1477,0,0.0,0.3138,0.7844,7.7716,0.0,0.2826,0.625,0.3786,4.0,0.1667,0.7065,1.1304,,,,,,,,,,1,vICmSzYKh5LMH9pFzPygokoIKUPaykA4TmSLcIs4XCyaqKehBwV7Iu35e0LgtsBEZmgzX63flHeOug,BR1_3277004998,16.17,12.749,7.077,0.0,1
6.7311,0.374,0.0,0.1429,0.1709,0,0.0,0.0935,0.6544,8.9571,0.3894,0.1298,0.3,0.1721,0.0,0.0,0.3894,1.2981,,,,,,,,,,0,z-oOpCQ7miASj62RU1H9orMi8NIYSdIimMyV86zY9dAeIVIkMM3N1U7GlSrqKglwcyRukqwh2jPpjA,BR1_3276844609,16.17,10.697,7.703,0.0,1
4.993,0.3274,0.3274,0.1429,0.1687,0,0.0,0.0819,0.573,5.7107,0.7041,0.2347,0.6471,0.2639,3.0,0.0,0.8605,1.3299,4.2307,0.4701,0.4701,0.3636,0.2821,1.0,0.0,0.9402,2.5854,0,z-oOpCQ7miASj62RU1H9orMi8NIYSdIimMyV86zY9dAeIVIkMM3N1U7GlSrqKglwcyRukqwh2jPpjA,BR1_3276776700,16.17,12.217,12.783,4.255,1
7.1492,0.4422,0.0737,0.4,0.2986,3,0.0,0.4422,1.1055,7.1209,0.7398,0.4624,0.3,0.2078,0.0,0.0,0.2774,0.9248,7.8608,0.6551,0.2184,0.625,0.2183,0.0,0.2727,0.5459,0.8734,0,k1-0OMdnChdT6GOqrptLxJ0aJZnvY3TzLOl7bDUqh4pfEQew5e_TKQc9Ygsy0sYttANHIT7l5j45Bw,BR1_3277117321,16.17,13.568,10.813,9.159,0
4.5714,0.2143,0.2857,0.2308,0.2128,0,0.0,0.2143,0.9286,3.0575,0.588,0.4704,0.3846,0.2413,0.0,0.2,0.588,1.5288,3.344,0.3459,0.3459,0.5294,0.2097,0.0,0.0,1.0378,1.9603,0,k1-0OMdnChdT6GOqrptLxJ0aJZnvY3TzLOl7bDUqh4pfEQew5e_TKQc9Ygsy0sYttANHIT7l5j45Bw,BR1_3277051923,16.17,14.0,8.504,8.672,0
6.5714,0.4286,0.2143,0.4375,0.2072,2,0.2,0.5,1.1429,7.6364,0.0909,0.1818,0.875,0.3484,1.0,0.1818,0.6364,0.7273,6.1837,0.0,0.2945,0.8,0.2891,1.0,0.2727,0.5889,0.7362,0,BJeEXCR6GzweGV3TqcYI5HXQhNstsi1OE304jCL2p3V86etIlsMTWLxNrMr0vfMy97eXwRm5nX4yJA,BR1_3276138496,16.16,14.0,11.0,6.792,0
5.0714,0.2143,0.2143,0.4,0.1761,1,0.2,0.1429,0.3571,4.2727,0.0,0.2727,0.6667,0.2167,0.0,0.2,0.5455,0.8182,7.5363,0.0,0.4266,0.75,0.222,0.0,0.0,0.4266,0.5688,0,jD5LKZoj0mWJMXstKvdICRmo6T1W1hXitncP687Tu_1MULSeKS8Pz8h_UIsxEwIDE2afF6ySwe0l3A,BR1_3277228960,16.17,14.0,11.0,7.033,0
6.0714,0.1429,0.0714,0.0,0.1303,0,0.0,0.0,0.2857,5.3636,0.6364,0.2727,0.3636,0.1211,1.0,0.2222,0.3636,1.0,8.6442,0.5403,0.2701,1.0,0.0856,0.0,0.5,0.5403,0.5403,0,jD5LKZoj0mWJMXstKvdICRmo6T1W1hXitncP687Tu_1MULSeKS8Pz8h_UIsxEwIDE2afF6ySwe0l3A,BR1_3277200263,16.17,14.0,11.0,3.702,0
5.9439,0.0974,0.1949,0.3333,0.2484,0,0.25,0.1949,0.5846,4.5744,0.4765,0.2859,0.3333,0.1501,0.0,0.125,0.1906,0.5718,,,,,,,,,,0,BwhxkEmdfqCeOt9hgemCdm7hexuHYnC4XYPfTTmpM8Y0_L5Q21rboHxuG5OtNjsuW7SbD0WLWdr8ag,BR1_3276198590,16.16,10.263,10.493,0.0,0
8.0751,0.3365,0.0,0.0,0.1533,0,0.0,0.0,0.9253,6.4066,0.4576,0.0763,0.5263,0.2025,1.0,0.1667,0.7627,1.4491,5.062,0.4218,0.2109,0.6364,0.3655,2.0,0.25,1.4764,2.3201,0,BwhxkEmdfqCeOt9hgemCdm7hexuHYnC4XYPfTTmpM8Y0_L5Q21rboHxuG5OtNjsuW7SbD0WLWdr8ag,BR1_3275679881,16.16,11.888,13.112,4.741,1
7.4129,0.2851,0.0,0.125,0.1529,0,0.25,0.095,0.7603,5.598,0.4601,0.1534,0.4706,0.1292,0.0,0.125,0.6135,1.3036,6.0941,0.3125,0.1563,0.3636,0.1614,0.0,0.1,0.625,1.7188,0,BwhxkEmdfqCeOt9hgemCdm7hexuHYnC4XYPfTTmpM8Y0_L5Q21rboHxuG5OtNjsuW7SbD0WLWdr8ag,BR1_3275663646,16.16,10.522,13.04,6.4,1
5.8571,0.2857,0.3571,0.1538,0.2529,0,0.0,0.1429,0.9286,7.0,0.6364,0.2727,0.2667,0.1924,1.0,0.0,0.3636,1.3636,8.1847,0.5338,0.1779,0.3158,0.1548,0.0,0.1053,0.3559,1.1269,0,jTM84TnHFgWI71Gn1zQYsPKvomGY3uQLYzln11LImQ8U6lSm0gFOYmTVh8iqErBUIofc9d6q8wiySg,BR1_3277258955,16.17,14.0,11.0,16.861,1
8.8686,0.2715,0.0,0.2857,0.2757,2,0.25,0.362,1.2669,6.5465,0.5801,0.2486,0.3889,0.2381,2.0,0.4,0.5801,1.4916,3.7805,0.4087,0.5109,0.5,0.2851,1.0,0.0667,0.9196,1.8392,0,jTM84TnHFgWI71Gn1zQYsPKvomGY3uQLYzln11LImQ8U6lSm0gFOYmTVh8iqErBUIofc9d6q8wiySg,BR1_3277256539,16.17,11.05,12.068,9.787,1
5.9434,0.1628,0.1628,0.2941,0.1969,1,0.0,0.4071,1.3841,7.9846,0.3589,0.1794,0.5385,0.2392,0.0,0.0,0.628,1.1663,6.397,0.4681,0.4681,0.4286,0.2746,2.0,0.375,0.4681,1.0922,0,jTM84TnHFgWI71Gn1zQYsPKvomGY3uQLYzln11LImQ8U6lSm0gFOYmTVh8iqErBUIofc9d6q8wiySg,BR1_3277252571,16.17,12.283,11.146,6.409,0
7.4718,0.3774,0.1509,0.1176,0.1656,0,0.0,0.1509,1.283,6.9786,0.3404,0.5106,0.125,0.1373,0.0,0.1,0.0851,0.6808,3.8271,0.6123,0.3062,0.1667,0.1962,0.0,0.3,0.3062,1.837,1,6HSxhoK-JZNoIiQzCH-Cn_h7jtOD_ofI-GzvzFOENN_5ojDyY589tQOKN4WeeBhNd9vyAJ6_c4LrLQ,BR1_3277266360,16.17,13.25,11.75,6.532,1
4.3571,0.2857,0.1429,0.25,0.2381,1,0.0,0.1429,0.5714,7.0039,0.2374,0.2374,0.5,0.1983,1.0,0.1667,0.1187,0.2374,,,,,,,,,,0,6HSxhoK-JZNoIiQzCH-Cn_h7jtOD_ofI-GzvzFOENN_5ojDyY589tQOKN4WeeBhNd9vyAJ6_c4LrLQ,BR1_3277261431,16.17,14.0,8.424,0.0,0
7.5714,0.7857,0.0714,0.5,0.2708,0,0.0,0.3571,0.7143,7.5952,0.6802,0.1134,0.3846,0.254,2.0,0.0,0.5668,1.4737,9.711,0.5395,0.1798,0.36,0.1897,3.0,0.0909,0.5395,1.4986,0,1YISuOEc7kpC6ya5JYUPturafyMoW7-kPA_yjesSy5pFidKmQI-5aW3dsn7K9x9RdfPd5fu4rnvnbQ,BR1_3277326910,16.17,14.0,8.821,16.682,0
6.8631,0.3899,0.0,0.0,0.0565,0,0.0,0.0,0.5459,6.2408,0.6569,0.3285,0.4286,0.1741,0.0,0.4167,0.4927,1.1496,13.7872,0.2976,0.1984,0.6875,0.2311,0.0,0.5,1.0911,1.587,0,1YISuOEc7kpC6ya5JYUPturafyMoW7-kPA_yjesSy5pFidKmQI-5aW3dsn7K9x9RdfPd5fu4rnvnbQ,BR1_3277316672,16.17,12.822,12.178,10.082,0
6.5087,0.4291,0.2861,0.2222,0.1834,1,0.0,0.143,0.6437,8.6217,0.6353,0.0908,0.2,0.1838,0.0,0.0833,0.0908,0.4538,5.7743,0.2406,0.7218,0.5,0.2541,0.0,0.0,0.4812,0.9624,0,1YISuOEc7kpC6ya5JYUPturafyMoW7-kPA_yjesSy5pFidKmQI-5aW3dsn7K9x9RdfPd5fu4rnvnbQ,BR1_3277197352,16.17,13.981,11.019,4.156,0
6.5914,0.4069,0.2441,0.2,0.1814,1,0.0,0.0814,0.4069,4.7616,0.414,0.207,0.4444,0.1698,0.0,0.2308,0.8281,1.8632,4.7335,0.9467,0.0,0.2,0.0704,0.0,0.0,0.4734,2.3668,0,tlIl6N6YwRd9bCU9sxNQfGpTXFszqsA3mKi35-TaWjO5GAo9z016xJGX6pkUYks5x263EhyUJdytsQ,BR1_3276878065,16.17,12.289,9.661,2.113,1
6.2893,0.3657,0.1463,0.25,0.2504,2,0.25,0.2925,1.1701,7.0813,0.3934,0.0984,0.25,0.0932,2.0,0.1818,0.3934,1.5736,6.043,0.7691,0.0,0.625,0.2352,1.0,0.1333,1.0987,1.758,0,tlIl6N6YwRd9bCU9sxNQfGpTXFszqsA3mKi35-TaWjO5GAo9z016xJGX6pkUYks5x263EhyUJdytsQ,BR1_3276518183,16.17,13.674,10.168,9.101,1
6.1912,0.144,0.072,0.4286,0.2574,1,0.0,0.216,0.5039,4.5907,0.6301,0.27,0.5714,0.2786,0.0,0.125,0.3601,0.6301,8.7971,0.0,0.5175,1.0,0.2973,1.0,0.25,0.2587,0.2587,0,tlIl6N6YwRd9bCU9sxNQfGpTXFszqsA3mKi35-TaWjO5GAo9z016xJGX6pkUYks5x263EhyUJdytsQ,BR1_3276505417,16.17,13.891,11.109,3.865,0
6.4962,0.2887,0.0722,0.1111,0.2465,1,0.25,0.0722,0.6496,4.3562,0.0,0.0,0.4,0.1955,0.0,0.0,0.726,1.8151,,,,,,,,,,0,jtbks1-E6m_JRu8ECDBEg5ulyT2AgT4f915B5CAZVLdGN12Hh21db7xAxjM71sVsvN-HU2-v7wazwA,BR1_3277248207,16.17,13.854,2.755,0.0,1
4.3107,0.154,0.5388,0.1667,0.2601,1,0.0,0.077,0.4619,8.1921,0.4045,0.3034,0.7273,0.28,0.0,0.0769,0.8091,1.1125,14.3886,0.0,0.0,0.5,0.1217,0.0,0.4286,0.5534,1.1068,0,bjI59T4yPgFoTzGYo5K69KgN74T0dowbPsQo03lwvs3xA_kCSMaFLeh-l-13eJM2PwdpxYJavS6aZg,BR1_3276870960,16.17,12.991,9.888,1.807,0
7.1429,0.5,0.3571,0.375,0.3491,3,0.2,0.4286,1.1429,6.6618,0.2184,0.4368,0.4286,0.2159,0.0,0.125,0.3276,0.7645,12.5151,0.1971,0.1971,0.5625,0.3125,1.0,0.2105,0.8869,1.5767,0,bjI59T4yPgFoTzGYo5K69KgN74T0dowbPsQo03lwvs3xA_kCSMaFLeh-l-13eJM2PwdpxYJavS6aZg,BR1_3276530022,16.17,14.0,9.157,10.148,0
5.3627,0.2266,0.3777,0.0909,0.1809,1,0.0,0.0755,0.8308,6.4624,0.4252,0.1701,0.2,0.0651,1.0,0.1,0.3401,1.7006,6.6846,0.573,0.191,0.2222,0.0916,0.0,0.1,0.382,1.7189,0,bjI59T4yPgFoTzGYo5K69KgN74T0dowbPsQo03lwvs3xA_kCSMaFLeh-l-13eJM2PwdpxYJavS6aZg,BR1_3276200553,16.16,13.24,11.76,5.236,1
6.4966,0.232,0.0,0.6667,0.2398,0,0.0,0.3094,0.464,5.2195,0.2485,0.3314,0.5833,0.2815,1.0,0.3636,0.5799,0.9942,1.7749,0.0,0.5916,0.0,0.0913,0.0,0.0,0.0,0.5916,0,LelvJ2fEG3mZQXBFomkL5ftne2tFwXfU_EN2slpFgdt5eRkAP-Keb_I6sfqm9dgZQTVAo5qnJKdZBQ,BR1_3277201990,16.17,12.93,12.07,1.69,0
4.7857,0.0714,0.2143,0.25,0.0925,0,0.0,0.0714,0.2857,5.6364,0.2727,0.1818,0.7143,0.1674,0.0,0.2,0.4545,0.6364,3.3604,0.0,0.4481,0.5556,0.1337,0.0,0.1538,0.5601,1.0081,0,LelvJ2fEG3mZQXBFomkL5ftne2tFwXfU_EN2slpFgdt5eRkAP-Keb_I6sfqm9dgZQTVAo5qnJKdZBQ,BR1_3277187589,16.17,14.0,11.0,8.927,0
6.2546,0.3089,0.2317,0.0,0.2895,0,0.0,0.0,0.1544,5.9753,0.415,0.332,0.5,0.1718,0.0,0.0,0.4979,0.9959,1.7025,0.4643,0.3095,0.0,0.2935,0.0,0.25,0.0,0.0,0,LelvJ2fEG3mZQXBFomkL5ftne2tFwXfU_EN2slpFgdt5eRkAP-Keb_I6sfqm9dgZQTVAo5qnJKdZBQ,BR1_3277170313,16.17,12.95,12.05,6.461,0
4.2748,0.1554,0.3109,0.2,0.2015,1,0.0,0.1554,0.7772,4.3147,0.4209,0.7367,0.5333,0.2127,1.0,0.0769,0.8419,1.5785,2.127,0.3431,0.2745,0.5,0.1399,0.0,0.0588,0.8234,1.6467,0,LelvJ2fEG3mZQXBFomkL5ftne2tFwXfU_EN2slpFgdt5eRkAP-Keb_I6sfqm9dgZQTVAo5qnJKdZBQ,BR1_3277024130,16.17,12.866,9.502,14.574,1
7.1521,0.0822,0.0822,0.3077,0.1239,0,0.0,0.3288,1.0687,8.2301,0.4958,0.1983,0.5,0.1476,0.0,0.125,0.4958,0.9916,3.6586,0.0,0.9146,0.0,0.3933,0.0,0.5,0.0,0.9146,0,ZXtL5JbYC4vV9fZFbewg3JufmR_pvFZbv27RR47no8QWtc-v4ThJ5lvqeJ9kfZ2_BlyO_EREkd2TFQ,BR1_3276963966,16.17,12.164,10.085,1.093,0
4.7857,0.2143,0.2143,0.4167,0.191,0,0.8,0.3571,0.8571,16.2974,0.0,0.0,0.0,0.1389,0.0,0.0,0.0,1.1641,,,,,,,,,,0,ZXtL5JbYC4vV9fZFbewg3JufmR_pvFZbv27RR47no8QWtc-v4ThJ5lvqeJ9kfZ2_BlyO_EREkd2TFQ,BR1_3276956963,16.17,14.0,1.718,0.0,1
6.2857,0.2143,0.2143,0.5556,0.2123,2,0.2,0.3571,0.6429,6.1632,0.3489,0.3489,0.625,0.1106,0.0,0.3333,0.5814,0.9303,0.1961,0.0981,0.0981,0.0,0.0599,0.0,0.0556,0.0,0.3922,0,VqeNYCfFdPaGONgrGyHh6GwJe1x7Fr5OAT0TSO_aNgzucYpT5a59O6HuFOxNz2qwRRq3sN-lrsozZQ,BR1_3277103750,16.17,14.0,8.599,10.198,0
6.619,0.2422,0.2422,0.4444,0.2113,2,0.0,0.6458,1.4529,5.5505,0.4758,0.3965,0.3529,0.2918,4.0,0.2727,0.4758,1.348,6.1791,0.2207,0.662,0.75,0.3665,1.0,0.2,0.662,0.8827,0,VqeNYCfFdPaGONgrGyHh6GwJe1x7Fr5OAT0TSO_aNgzucYpT5a59O6HuFOxNz2qwRRq3sN-lrsozZQ,BR1_3276781999,16.17,12.389,12.611,4.531,0
6.7857,0.2857,0.1429,0.3333,0.2437,3,0.0,0.3571,1.0714,4.3636,0.4545,0.1818,0.8462,0.2819,1.0,0.1667,1.0,1.1818,3.2762,0.273,0.546,0.5,0.3282,0.0,0.0,0.273,0.546,0,VqeNYCfFdPaGONgrGyHh6GwJe1x7Fr5OAT0TSO_aNgzucYpT5a59O6HuFOxNz2qwRRq3sN-lrsozZQ,BR1_3276588037,16.17,14.0,11.0,3.663,0
5.3571,0.3571,0.3571,0.5714,0.4023,1,0.0,0.2857,0.5,4.8182,0.6364,0.5455,0.375,0.1669,0.0,0.0,0.2727,0.7273,7.818,1.1169,0.4467,0.0,0.1394,0.0,0.0,0.0,0.4467,0,NGU_FXXWeAw9uNq6JO3g2djIWRKeadvb1qV19-8hd4gB6uIvPcqlErH5inFn5fM-CPhwjqJf-19MKg,BR1_3277245290,16.17,14.0,11.0,4.477,0
6.9286,0.2143,0.1429,0.5,0.3028,3,0.0,0.4286,0.8571,6.3636,0.8182,0.1818,0.5714,0.3133,4.0,0.25,1.0909,1.9091,8.1807,1.3266,0.0,0.4545,0.3446,0.0,0.1538,1.1055,2.4321,1,gO4e06LN31aCkJJSqgSfJcuNTXdB_RH6mR_9-etdLKz89VsSlSNvXNciMX9gZkrLpfT8Hopu8Pk8tQ,BR1_3277055510,16.17,14.0,11.0,4.523,1
6.1199,0.2985,0.2239,0.3333,0.2538,1,0.0,0.2985,0.8956,5.6892,0.431,0.3448,0.5,0.2457,0.0,0.1667,0.7758,1.5516,7.3406,0.1311,0.3932,0.4167,0.18,1.0,0.2222,0.6554,1.573,0,Eyp_ZUdeJCkM3QFNBkdod0EcGXVD5wwbLiVl-zbpobDT7lK9yCGUn_tHz7U6_KQdLeK1GXxTF5BgYQ,BR1_3276884594,16.17,13.399,11.601,7.629,0
5.4286,0.2857,0.3571,0.2,0.138,1,0.0,0.2143,1.0714,8.3636,0.7273,0.1818,0.3529,0.1521,2.0,0.0833,0.5455,1.5455,8.2547,0.737,0.2948,0.2667,0.1902,1.0,0.2,0.5896,2.2111,0,d7y2ZyflWWYG0IjgtFD8PoOPjpeXabRoR7OMYe3Rhue4urMqaBhz09IMb4FOiQZeYOb0dGWNqevk6g,BR1_3277044743,16.17,14.0,11.0,6.784,1
6.5714,0.3571,0.1429,0.2727,0.2182,2,0.0,0.2143,0.7857,7.6364,0.4545,0.1818,0.4286,0.2102,0.0,0.2,0.5455,1.2727,6.5482,0.4439,0.222,0.6957,0.1799,2.0,0.1429,0.8879,1.2763,0,d7y2ZyflWWYG0IjgtFD8PoOPjpeXabRoR7OMYe3Rhue4urMqaBhz09IMb4FOiQZeYOb0dGWNqevk6g,BR1_3277028497,16.17,14.0,11.0,18.02,0
6.9399,0.2215,0.0,0.1429,0.2528,2,0.0,0.1477,1.0336,4.4521,0.3492,0.5238,0.4545,0.2933,0.0,0.25,0.4365,0.9603,5.1092,0.5677,0.5677,0.0,0.0387,0.0,0.0,0.0,1.7031,0,d7y2ZyflWWYG0IjgtFD8PoOPjpeXabRoR7OMYe3Rhue4urMqaBhz09IMb4FOiQZeYOb0dGWNqevk6g,BR1_3277020083,16.17,13.545,11.455,1.762,0
6.7143,0.3571,0.0714,0.3333,0.3058,1,0.0,0.1429,0.4286,9.4545,0.2727,0.1818,0.5385,0.3143,2.0,0.125,0.6364,1.1818,5.7127,0.2285,0.0,0.9375,0.4256,2.0,0.25,1.7138,1.8281,0,xtfmf01DWFEfYSFkYrzkprfap4y5CcCD4K7J0Cl-7tNGNeHQE89urCBJ8oh-hgrot71vG4h9v8KhKw,BR1_3276988904,16.17,14.0,11.0,8.752,1
6.511,0.3215,0.2411,0.4615,0.192,4,0.0,0.4823,1.045,6.2568,0.6764,0.0846,0.5714,0.2094,3.0,0.3077,1.0146,1.7756,5.4502,0.237,0.1185,0.8421,0.3991,0.0,0.125,1.8957,2.2512,0,xtfmf01DWFEfYSFkYrzkprfap4y5CcCD4K7J0Cl-7tNGNeHQE89urCBJ8oh-hgrot71vG4h9v8KhKw,BR1_3276927154,16.17,12.44,11.827,8.44,1
7.713,0.1953,0.1953,0.4,0.239,1,0.0,0.1953,0.4882,7.3183,0.4066,0.271,0.3125,0.2777,0.0,0.0588,0.3388,1.0842,3.3244,0.0,0.9498,1.0,0.2019,0.0,0.25,0.4749,0.4749,0,xtfmf01DWFEfYSFkYrzkprfap4y5CcCD4K7J0Cl-7tNGNeHQE89urCBJ8oh-hgrot71vG4h9v8KhKw,BR1_3276650993,16.17,10.242,14.758,2.106,0
8.0692,0.2373,0.0791,0.4545,0.3238,5,0.0,0.3955,0.8702,11.4084,0.0,0.3236,0.4286,0.3558,6.0,0.1818,0.4855,1.1327,7.828,0.2215,0.3692,0.1875,0.2553,2.0,0.1667,0.2215,1.1816,0,jJIqhuN80Gp-UyfhPhLaX8-0THYkQhHXKSsRbvmBK9xLXKcUAUA4qGP7FOlkevG4gbKfyMP2qJXAAA,BR1_3277329184,16.17,12.641,12.359,13.541,0
7.0092,0.2596,0.3461,0.1429,0.1104,0,0.0,0.0865,0.6057,7.5765,0.0,0.2806,0.75,0.2325,1.0,0.1429,0.4209,0.5612,,,,,,,,,,0,jJIqhuN80Gp-UyfhPhLaX8-0THYkQhHXKSsRbvmBK9xLXKcUAUA4qGP7FOlkevG4gbKfyMP2qJXAAA,BR1_3277300759,16.17,11.556,7.127,0.0,0
5.7317,0.2388,0.4776,0.2,0.3322,1,,0.1194,0.597,,,,,,,,,,,,,,,,,,,0,NMouyolJSd9hapE4djYecjyAha3rvhlfw80y5fZAcu5y2AJbny27ZOIakCGnTf2Q0mJDJCi7hvQOxg,BR1_3277328262,16.17,8.375,0.0,0.0,0
6.1429,0.2143,0.2857,0.1667,0.264,0,0.0,0.0714,0.4286,4.6364,0.1818,0.7273,0.3846,0.2717,0.0,0.0909,0.4545,1.1818,4.0357,0.4484,0.4484,0.5,0.1931,0.0,0.0,0.4484,0.8968,0,NMouyolJSd9hapE4djYecjyAha3rvhlfw80y5fZAcu5y2AJbny27ZOIakCGnTf2Q0mJDJCi7hvQOxg,BR1_3277146584,16.17,14.0,11.0,2.23,0
7.5475,0.2177,0.2177,0.2222,0.267,1,0.0,0.1451,0.6531,4.5518,0.0,0.8276,0.0,0.3626,0.0,0.25,0.0,0.0,,,,,,,,,,0,NMouyolJSd9hapE4djYecjyAha3rvhlfw80y5fZAcu5y2AJbny27ZOIakCGnTf2Q0mJDJCi7hvQOxg,BR1_3277134509,16.17,13.779,2.417,0.0,0
5.4855,0.318,0.318,0.0,0.298,0,0.0,0.0,0.159,5.6545,0.1639,0.4097,0.6667,0.2612,1.0,0.25,0.3278,0.4917,,,,,,,,,,0,znMAZLGZEKyZYtbydZt8yIZZF4W3QEwFSw0PePt-e2DS0WkDDIBDMpyBS4j0Vf3bvvrHvY9dwc2aOw,BR1_3277073592,16.17,12.579,12.203,0.0,0
5.7857,0.2857,0.2143,0.4167,0.2922,3,0.0,0.3571,0.8571,7.2727,0.0909,0.2727,0.25,0.2866,1.0,0.2727,0.0909,0.3636,9.626,0.0,1.2032,0.0,0.022,0.0,0.0,0.0,1.2032,0,znMAZLGZEKyZYtbydZt8yIZZF4W3QEwFSw0PePt-e2DS0WkDDIBDMpyBS4j0Vf3bvvrHvY9dwc2aOw,BR1_3277047220,16.17,14.0,11.0,0.831,0
7.9286,0.4286,0.1429,0.25,0.2449,1,0.2,0.1429,0.5714,5.7273,0.4545,0.1818,0.5,0.2443,0.0,0.1,0.4545,0.9091,3.582,0.5861,0.3908,0.3333,0.0901,0.0,0.0714,0.2605,0.7815,0,PQnHW6Z-qBsmdQjNsilIsyTvKBzGByKMKPfIoD_CWvdjnqsGuxQxKYe5GpVnsG7AS8Y8OAeDQArnjw,BR1_3277036506,16.17,14.0,11.0,15.355,0
5.7614,0.2659,0.0886,0.4545,0.2104,0,0.0,0.4432,0.975,7.0831,0.1968,0.0984,0.6471,0.4209,4.0,0.2222,1.0821,1.6724,6.9797,0.0997,0.3988,0.4706,0.2244,0.0,0.0714,0.7977,1.6951,0,MdCvNEe37AKmYQmo0Fjnc7afUudMNx4vcDG9DW9_4ZpNQNJs87zpDbKD9LFQK1as9cmJnBJCbVo0HA,BR1_3277172487,16.17,11.282,10.165,10.029,0
8.4366,0.1654,0.0827,0.25,0.2359,1,0.25,0.2481,0.9925,7.5136,0.2324,0.2324,0.5556,0.2251,2.0,0.0909,0.3873,0.6971,5.9159,0.0924,0.1849,0.3333,0.1682,0.0,0.0,0.3697,1.1092,0,MdCvNEe37AKmYQmo0Fjnc7afUudMNx4vcDG9DW9_4ZpNQNJs87zpDbKD9LFQK1as9cmJnBJCbVo0HA,BR1_3277147976,16.17,12.09,12.91,10.818,1
5.4535,0.1494,0.1494,0.2778,0.1755,1,0.0,0.3735,1.3447,5.08,0.3444,0.3444,0.3684,0.1159,0.0,0.0769,0.6027,1.6359,14.1889,0.0,0.0,0.0,0.1974,0.0,,0.0,0.7883,0,MdCvNEe37AKmYQmo0Fjnc7afUudMNx4vcDG9DW9_4ZpNQNJs87zpDbKD9LFQK1as9cmJnBJCbVo0HA,BR1_3276861416,16.17,13.386,11.614,1.269,1
7.4286,0.1429,0.1429,0.2941,0.2471,4,0.0,0.3571,1.2143,4.0,0.2727,0.4545,0.4737,0.1856,3.0,0.0,0.8182,1.7273,4.5758,0.0953,0.1907,0.4167,0.1807,5.0,0.3333,0.9533,2.2879,0,MdCvNEe37AKmYQmo0Fjnc7afUudMNx4vcDG9DW9_4ZpNQNJs87zpDbKD9LFQK1as9cmJnBJCbVo0HA,BR1_3276844141,16.17,14.0,11.0,10.49,1
6.3571,0.0714,0.0714,0.0,0.1245,0,0.0,0.0,0.7143,7.2727,0.2727,0.2727,0.2222,0.077,0.0,0.0,0.1818,0.8182,15.9993,0.3333,0.0,0.0,0.0,0.0,0.1111,0.0,2.3332,0,IIqmx3Lrr9gyKbFB40W_FFNjD9lAMpGUhbW_4HV5tgWsZpl7FLHBCL8YVPK-BA6JGs2NViLDfHBldw,BR1_3275338998,16.16,14.0,11.0,3.0,1
5.4504,0.5814,0.218,0.625,0.3362,3,0.0,0.3634,0.5814,5.5162,0.7118,0.3559,0.5714,0.2508,3.0,0.1111,0.7118,1.2456,5.5796,0.7402,0.2847,0.5,0.2539,2.0,0.05,0.3985,0.7971,1,AEMwfM463a8EDA9uDAiNG_PWhb6l0ang7xg1U8JfQgLj62PU3CmYdoQYdXiQ2qjrx6qWaCRd0zr6Bw,BR1_3275898041,16.16,13.76,11.24,17.564,1
5.3271,0.5327,0.2283,0.4737,0.2888,2,0.0,0.6849,1.4459,6.3239,0.8432,0.3373,0.3704,0.202,2.0,0.2308,0.8432,2.2766,4.5811,0.885,0.3123,0.4667,0.2051,2.0,0.1905,0.7288,1.5617,0,AEMwfM463a8EDA9uDAiNG_PWhb6l0ang7xg1U8JfQgLj62PU3CmYdoQYdXiQ2qjrx6qWaCRd0zr6Bw,BR1_3275878814,16.16,13.14,11.86,19.209,1
3.7143,0.3571,0.2857,0.3333,0.2225,1,0.0,0.3571,1.0714,5.462,0.8497,0.3641,0.4444,0.198,0.0,0.25,0.4855,1.0924,5.7264,0.3869,0.3095,0.5385,0.2004,0.0,0.5,0.5417,1.006,0,AEMwfM463a8EDA9uDAiNG_PWhb6l0ang7xg1U8JfQgLj62PU3CmYdoQYdXiQ2qjrx6qWaCRd0zr6Bw,BR1_3275863602,16.16,14.0,8.239,12.923,0
5.7857,0.2857,0.1429,0.3529,0.2845,4,0.0,0.4286,1.2143,4.3636,0.6364,0.4545,0.25,0.1869,3.0,0.1111,0.3636,1.4545,7.6448,0.6283,0.2094,0.4211,0.1744,1.0,0.3846,0.8378,1.9897,0,kajF06SH2PCc-PNCxAa4CwZ_eMCZy-HIsTLffecD8zmcmVDC5Pmh5uiE2EKXPiy-vwQZmkBX0XZr2Q,BR1_3269672694,16.15,14.0,11.0,9.549,1
5.0,0.1429,0.1429,0.2381,0.1061,1,0.0,0.3571,1.5,5.3636,0.4545,0.5455,0.3182,0.1579,0.0,0.1818,0.6364,2.0,9.6546,0.0,0.0,0.0,0.0819,0.0,0.2,0.0,0.0,0,DTk-mbdPDQmT3VhVE_UvGwbO6O6MiCsoXpsVMdfo3cwEg_UiE8QoHCgX9z2bfTwV6QQcAcqW6uVe4w,BR1_3277256160,16.17,14.0,11.0,0.932,0
8.6286,0.3166,0.1583,0.0,0.0577,0,0.0,0.0,0.5541,9.277,0.4883,0.2441,0.3333,0.179,0.0,0.2727,0.1628,0.4883,8.8425,0.1072,0.1608,0.4,0.177,1.0,0.0417,0.5359,1.3398,0,DTk-mbdPDQmT3VhVE_UvGwbO6O6MiCsoXpsVMdfo3cwEg_UiE8QoHCgX9z2bfTwV6QQcAcqW6uVe4w,BR1_3276456334,16.17,12.632,12.288,18.66,1
6.9286,0.2857,0.2857,0.1667,0.2083,1,0.0,0.1429,0.8571,6.5455,0.1818,0.4545,0.3333,0.1704,2.0,0.1818,0.3636,1.0909,3.5314,0.2386,0.4772,0.45,0.1742,1.0,0.2222,0.859,1.9088,0,4GU_Pxp2o9ori3jNIiukPauMQ_KOX7xE-1Z9_PFZ2GQlBy59fv6Q6TEi2NrXff9ECGjgqUOI1IrDOg,BR1_3277182377,16.17,14.0,11.0,20.955,1
8.5,0.2143,0.3571,0.4545,0.3216,2,0.0,0.3571,0.7857,6.7516,0.4501,0.6001,0.5833,0.3912,3.0,0.1,1.0502,1.8004,6.0035,0.2729,0.6822,0.25,0.1462,0.0,0.2222,0.2729,1.0915,0,4GU_Pxp2o9ori3jNIiukPauMQ_KOX7xE-1Z9_PFZ2GQlBy59fv6Q6TEi2NrXff9ECGjgqUOI1IrDOg,BR1_3273918064,16.16,14.0,6.665,7.329,0
5.8571,0.5714,0.2857,0.5556,0.3322,2,0.0,0.3571,0.6429,8.0909,0.6364,0.2727,0.5,0.324,0.0,0.25,0.5455,1.0909,6.226,0.6641,0.4151,0.6111,0.2413,0.0,0.0,0.9131,1.4942,1,8btxMUKlQMtgoOWlXimRUvFKDEZiQHD2TLjhRNuAK2Qzm59hORUDe6JKErwyFzBNt0AOWSyA6ku7yA,BR1_3277299587,16.17,14.0,11.0,12.046,0
5.6429,0.8571,0.2143,0.2,0.1911,0,0.0,0.2143,1.0714,8.5455,2.1818,0.2727,0.4,0.1509,0.0,0.0,0.5455,1.3636,4.5336,1.395,0.2616,0.55,0.2264,1.0,0.4545,0.959,1.7437,0,jIQ1lomYA78SuLm4RGKjCnZywpm5jamvTa1QU1yWOT98BTx2s9QZki3tKPmji5mphvbF5o-vxfzzaQ,BR1_3277225534,16.17,14.0,11.0,11.47,1
6.6429,0.7143,0.0,0.3333,0.2201,1,0.2,0.2857,0.8571,7.0909,0.4545,0.2727,0.4375,0.2514,1.0,0.2,0.6364,1.4545,4.3759,0.6483,0.3241,0.5556,0.2159,0.0,0.0833,0.8103,1.4586,0,jIQ1lomYA78SuLm4RGKjCnZywpm5jamvTa1QU1yWOT98BTx2s9QZki3tKPmji5mphvbF5o-vxfzzaQ,BR1_3277193238,16.17,14.0,11.0,6.17,1
7.1949,0.3634,0.0727,0.875,0.2646,1,0.0,0.5087,0.5814,9.4343,0.4193,0.1048,0.5,0.2556,3.0,0.125,0.5241,1.0483,7.5289,0.0,0.0,0.75,0.2254,0.0,0.2857,1.5058,2.0077,0,LOqwUMIZHpRF34Y6MA7mKzKyiGeMIe3WOXapRNuK4Aa2ucaT-Rb8Xn9FHQc1w0ZlXtQWvBjbY5yUuA,BR1_3277315395,16.17,13.76,9.54,1.992,1
5.079,0.2344,0.0781,0.2778,0.1749,1,0.0,0.3907,1.4065,6.0645,0.1639,0.1639,0.4167,0.2115,3.0,0.0909,0.8195,1.9669,3.0166,0.0,0.3771,0.375,0.1702,0.0,0.1333,0.2828,0.7541,0,LOqwUMIZHpRF34Y6MA7mKzKyiGeMIe3WOXapRNuK4Aa2ucaT-Rb8Xn9FHQc1w0ZlXtQWvBjbY5yUuA,BR1_3277219942,16.17,12.798,12.202,10.608,0
5.4465,0.0,0.121,0.3333,0.2326,3,0.0,0.3631,1.0893,,,,,,,,,,,,,,,,,,,0,LOqwUMIZHpRF34Y6MA7mKzKyiGeMIe3WOXapRNuK4Aa2ucaT-Rb8Xn9FHQc1w0ZlXtQWvBjbY5yUuA,BR1_3277201399,16.17,8.262,0.0,0.0,1
6.5,0.2143,0.1429,0.1111,0.2868,1,0.0,0.0714,0.6429,7.9091,0.0,0.0909,0.5,0.3013,0.0,0.1667,0.4545,0.9091,5.6835,0.0,0.1949,0.425,0.2751,3.0,0.1765,0.5521,1.2991,0,LOqwUMIZHpRF34Y6MA7mKzKyiGeMIe3WOXapRNuK4Aa2ucaT-Rb8Xn9FHQc1w0ZlXtQWvBjbY5yUuA,BR1_3276997708,16.17,14.0,11.0,30.791,1
6.3289,0.3895,0.1947,0.1667,0.1478,1,0.0,0.1947,1.1684,5.2276,0.4073,0.1358,0.6667,0.2134,2.0,0.0909,1.0862,1.6294,5.58,0.62,0.62,0.0,0.2451,0.0,0.3333,0.0,1.24,0,8byuDiNxa8etfTLC5vMHkuQQAa7AyOe_HCKOdvdyoe0h__PU1-CuENNUneEKLyhhNPeC0jBMtbRPMg,BR1_3277214965,16.17,10.27,14.73,1.613,0
6.2122,0.2245,0.1497,0.2727,0.2066,0,0.0,0.2245,0.8233,12.79,0.3818,0.1909,0.3333,0.0667,0.0,0.1667,0.5727,1.7181,,,,,,,,,,0,vDLPB_YyVPrb6OzFtlsoUWRpD1Jx6RYQHM0s6HzFUnJonjktnw2b-G27niDi-64VjJyHvpsmvubPnw,BR1_3276966516,16.17,13.361,5.238,0.0,1
5.1014,0.1437,0.0719,0.4545,0.1948,1,0.0,0.3593,0.7904,9.7815,0.2822,0.0941,0.8571,0.3643,1.0,0.3333,0.5643,0.6584,1.171,0.0,1.171,0.0,0.2224,0.0,0.75,0.0,0.0,0,vDLPB_YyVPrb6OzFtlsoUWRpD1Jx6RYQHM0s6HzFUnJonjktnw2b-G27niDi-64VjJyHvpsmvubPnw,BR1_3276959273,16.17,13.918,10.632,0.854,0
8.0024,0.2354,0.1569,0.25,0.1874,1,0.0,0.0785,0.3138,9.6484,0.4426,0.2656,0.3333,0.1857,0.0,0.0556,0.3541,1.0622,,,,,,,,,,0,vDLPB_YyVPrb6OzFtlsoUWRpD1Jx6RYQHM0s6HzFUnJonjktnw2b-G27niDi-64VjJyHvpsmvubPnw,BR1_3276949867,16.17,12.746,11.297,0.0,0
8.0714,0.4286,0.0,0.25,0.2154,1,0.0,0.2143,0.8571,4.7273,0.0909,0.1818,0.3846,0.1664,1.0,0.2222,0.4545,1.1818,4.4642,0.0,0.31,0.5263,0.2539,1.0,0.0714,0.62,1.1781,0,HvfxWN-5lo1VYcNiqfoLvYR5WNib0wsA5NLV7EtFw3I0JimTXGazx5--jNpfGzl4W8GWnWipzyA9Kg,BR1_3276809629,16.17,14.0,11.0,16.128,0
6.2728,0.3872,0.1549,0.5556,0.2328,2,0.0,0.3872,0.697,7.9423,0.4964,0.0,0.4444,0.2939,1.0,0.2,0.6619,1.4892,9.3007,0.3049,0.1525,0.9286,0.2891,0.0,0.4286,1.9821,2.1346,0,yaTOtk-QPezg4U2xVE0DUrPqeiPeIsEVcVYcJhVYtsqVhhswt6AAHDSClRylBWRQSHYt58ls-Oo-FQ,BR1_3277170797,16.17,12.913,12.087,6.559,1
7.963,0.2233,0.1488,0.2857,0.1095,1,0.0,0.1488,0.5209,6.8323,0.4324,0.0865,0.6667,0.2206,1.0,0.2,1.0378,1.5567,8.8519,0.1609,0.1609,0.75,0.192,0.0,0.2667,1.2071,1.6094,0,yaTOtk-QPezg4U2xVE0DUrPqeiPeIsEVcVYcJhVYtsqVhhswt6AAHDSClRylBWRQSHYt58ls-Oo-FQ,BR1_3277034022,16.17,13.437,11.563,12.427,1
8.9286,0.1429,0.1429,0.1667,0.2273,1,0.0,0.0714,0.4286,9.3636,0.0909,0.3636,0.2727,0.2062,1.0,0.2222,0.2727,1.0,8.1807,0.0,0.2556,0.5294,0.2447,0.0,0.1333,0.5752,1.0865,0,wWyt4qBPohKKWTjKVF_T1kIGk_ACU1WGlivUDm6Jlk1iHY7Fz9mksKQ9wiy5JnZfqVqQaEd0-EHTZA,BR1_3276194466,16.16,14.0,11.0,15.647,1
6.2891,0.4546,0.3789,0.25,0.2856,0,0.0,0.0758,0.3031,5.1684,0.2542,0.5084,0.5217,0.2241,1.0,0.0,1.0167,1.9487,5.1462,0.4349,0.4349,0.6667,0.2793,0.0,0.1111,0.4349,0.6523,0,DslRe_DQ7R9qd2vnuo3Zl7AcqG47S64Xph02RDxRZPgNFYpqLm_gaaquDv7hIv3ZVsSEek1lKEbRvg,BR1_3276150055,16.16,13.197,11.803,13.797,0
7.5,0.3571,0.0714,0.2727,0.1236,0,0.0,0.2143,0.7857,7.0902,0.4727,0.0,0.6,0.2614,1.0,0.1111,0.709,1.1817,12.2943,0.3652,0.1826,0.5833,0.3468,1.0,0.2381,0.8521,1.4607,0,3fViE1TkY-7h_nZCFJhvGcYGZ1sXCAHuvgyUGyv21MUrpUsAHd61ao4tBadd9FabFBIZ5vQjPlnZ2g,BR1_3276597128,16.17,14.0,8.462,16.43,0
6.7569,0.3754,0.2815,0.1429,0.1832,0,0.25,0.0938,0.6569,,,,,,,,,,,,,,,,,,,0,3fViE1TkY-7h_nZCFJhvGcYGZ1sXCAHuvgyUGyv21MUrpUsAHd61ao4tBadd9FabFBIZ5vQjPlnZ2g,BR1_3276578981,16.17,10.656,0.0,0.0,1
5.1429,0.3571,0.2857,0.3333,0.1327,0,0.0,0.1429,0.4286,8.3989,0.3111,0.2074,0.3333,0.123,0.0,0.25,0.1037,0.3111,8.6801,0.2067,0.4133,1.0,0.3371,0.0,0.25,0.62,0.62,0,orcxw4k0oqrqsttlhDaJH50l945-MTdFLdysMPqaUnfvapB9F3dei9bAjqmUaPul26q6ZpWo8BI6GA,BR1_3276822716,16.17,14.0,9.644,4.839,0
7.1436,0.1504,0.1504,0.0833,0.1225,0,0.0,0.0752,0.9024,8.7525,0.3366,0.1122,0.1667,0.1713,0.0,0.1429,0.2244,1.3465,3.9557,0.2327,0.4654,0.3684,0.1275,0.0,0.1053,0.5429,1.4737,1,3Pg9HXX332Afp4UkGYQErN2WVU5_g4CuOd0uDJ-q5O4Frco9KlhT5IBZEJEAXGm2p5rAHXSMTwbPUw,BR1_3277004497,16.17,13.299,8.912,12.893,1
6.8596,0.0771,0.1541,0.0833,0.155,0,0.0,0.0771,0.9249,8.8146,0.4158,0.4158,0.1538,0.0379,1.0,0.0,0.1663,1.081,9.5281,0.5955,0.5955,1.0,0.2704,0.0,0.6667,1.7865,1.7865,0,3Pg9HXX332Afp4UkGYQErN2WVU5_g4CuOd0uDJ-q5O4Frco9KlhT5IBZEJEAXGm2p5rAHXSMTwbPUw,BR1_3276994549,16.17,12.975,12.025,1.679,0
5.3571,0.3571,0.3571,0.2667,0.2289,1,0.0,0.2857,1.0714,5.3201,0.285,0.475,0.6667,0.2109,1.0,0.0714,0.57,0.855,3.256,0.0,0.6512,0.0,0.1279,0.0,0.0,0.0,0.6512,0,WB1yjNyU5XRTIm_Otbl7iCe8ShMpEkgYJJiHH6jNW-l1e_EZddb6jYTzuCf4HeFtNs-CccYsDNfHXg,BR1_3275871944,16.16,14.0,10.526,1.536,0
7.6862,0.2873,0.0,0.4444,0.1399,3,0.0,0.2873,0.6465,6.4086,0.5416,0.0903,0.3529,0.1311,1.0,0.0,0.5416,1.5344,0.0,0.815,0.815,0.8,0.1243,0.0,0.0,3.26,4.075,0,WB1yjNyU5XRTIm_Otbl7iCe8ShMpEkgYJJiHH6jNW-l1e_EZddb6jYTzuCf4HeFtNs-CccYsDNfHXg,BR1_3275754549,16.16,13.921,11.079,1.227,1
6.6656,0.2174,0.1449,0.0,0.1501,0,0.0,0.0,0.4347,5.8048,0.3572,0.2679,0.2222,0.1859,1.0,0.1,0.1786,0.8037,4.0163,0.6024,0.1506,0.4,0.1602,1.0,0.2353,0.4016,1.0041,0,WB1yjNyU5XRTIm_Otbl7iCe8ShMpEkgYJJiHH6jNW-l1e_EZddb6jYTzuCf4HeFtNs-CccYsDNfHXg,BR1_3275725945,16.16,13.802,11.198,19.919,0
5.6013,0.3591,0.0718,0.1765,0.1988,0,0.2,0.2154,1.2208,8.3073,0.3612,0.3612,0.4615,0.2445,2.0,0.0,0.5418,1.1739,9.8538,0.0,0.0,0.0,0.2474,0.0,0.0,0.0,0.0,0,EysoqdEpOfs_jLwzwdt9pwGlXWw2illPHLJMB9Jee-oMd9WLzlybk3SsKRvSYbUqQOvDsTPlFLCUUw,BR1_3277264242,16.17,13.925,11.075,0.507,0
5.1801,0.2878,0.3837,0.1667,0.1658,2,0.6667,0.1919,1.1511,6.8609,0.5489,0.2744,0.3438,0.2154,5.0,0.1111,0.7547,2.1955,6.795,1.359,1.359,0.75,0.2641,1.0,,4.077,5.436,0,EysoqdEpOfs_jLwzwdt9pwGlXWw2illPHLJMB9Jee-oMd9WLzlybk3SsKRvSYbUqQOvDsTPlFLCUUw,BR1_3277259851,16.17,10.425,14.575,0.736,1
8.2332,0.3327,0.2495,0.375,0.2622,1,0.0,0.2495,0.6653,7.1256,0.5398,0.108,0.7143,0.5218,7.0,0.1333,1.6195,2.2672,,,,,,,,,,0,EysoqdEpOfs_jLwzwdt9pwGlXWw2illPHLJMB9Jee-oMd9WLzlybk3SsKRvSYbUqQOvDsTPlFLCUUw,BR1_3277261240,16.17,12.025,9.262,0.0,1
5.5714,0.2857,0.1429,0.375,0.3353,3,0.0,0.4286,1.1429,6.2727,0.5455,0.0909,0.3636,0.3,4.0,0.0,0.7273,2.0,5.0654,0.0,0.2714,0.3,0.2183,1.0,0.0,0.5427,1.8091,0,T2cpDrexYVRJS9_cru4lc7KiYUMFsNOdZfxtAtZ3HIZzNpdaaxTCzGzxnXpjn3nJSuQgPFPwSbwSMA,BR1_3276477139,16.17,14.0,11.0,11.055,1
7.1429,0.2857,0.1429,0.4,0.2298,2,0.6,0.2857,0.7143,6.3636,0.5455,0.3636,0.4706,0.16,1.0,0.1818,0.7273,1.5455,4.3992,0.4313,0.2588,0.48,0.1694,0.0,0.0833,1.0351,2.1565,0,T2cpDrexYVRJS9_cru4lc7KiYUMFsNOdZfxtAtZ3HIZzNpdaaxTCzGzxnXpjn3nJSuQgPFPwSbwSMA,BR1_3276455324,16.17,14.0,11.0,11.593,1
4.1429,0.3571,0.5,0.3846,0.1038,2,0.5,0.3571,0.9286,4.9091,0.3636,0.4545,0.2,0.108,0.0,0.1538,0.1818,0.9091,5.9565,0.3574,0.3574,0.7,0.1878,1.0,0.1,1.6678,2.3826,0,T2cpDrexYVRJS9_cru4lc7KiYUMFsNOdZfxtAtZ3HIZzNpdaaxTCzGzxnXpjn3nJSuQgPFPwSbwSMA,BR1_3276252598,16.17,14.0,11.0,8.394,1
4.8814,0.3099,0.3099,0.0,0.1952,0,0.0,0.0,0.4649,4.0517,0.3307,0.2481,0.5,0.1282,0.0,0.2222,0.8269,1.6537,7.2531,0.0,0.1116,0.2941,0.1274,0.0,0.0909,0.5579,1.897,0,T2cpDrexYVRJS9_cru4lc7KiYUMFsNOdZfxtAtZ3HIZzNpdaaxTCzGzxnXpjn3nJSuQgPFPwSbwSMA,BR1_3276247551,16.17,12.906,12.094,8.962,1
6.1429,0.3571,0.2857,0.2143,0.3379,3,0.0,0.2143,1.0,4.5672,0.806,0.806,0.5,0.3138,0.0,0.125,0.2687,0.5373,4.9187,0.6023,0.6023,0.4615,0.196,0.0,0.2941,0.6023,1.305,0,dpNgBQjMjd9YAq8Xk-7nIjC3N7vJw_X2Tn5E3I8ZK1NI4XkVU9qCFJ0PtoXoLJn9ptIy51oXt4G6zQ,BR1_3275439171,16.16,14.0,7.444,9.962,0
5.0652,0.2268,0.3024,0.3529,0.1891,2,0.0,0.4536,1.2852,5.827,0.0,0.4662,0.1333,0.1595,2.0,0.2222,0.4662,3.4962,,,,,,,,,,0,dpNgBQjMjd9YAq8Xk-7nIjC3N7vJw_X2Tn5E3I8ZK1NI4XkVU9qCFJ0PtoXoLJn9ptIy51oXt4G6zQ,BR1_3275422804,16.16,13.227,4.29,0.0,1
6.8398,0.3843,0.3074,0.75,0.2534,3,0.2,0.2306,0.3074,7.2308,0.5074,0.5074,0.5,0.2689,0.0,0.0,0.1269,0.2537,8.2862,0.4603,0.3836,0.5455,0.219,2.0,0.1111,0.9207,1.6879,1,4YEx20j-a0FU9JLGv3ced3IFpwqOx49_KW0bcSNXMjbi9kmK-bOC0Z38Y1ejt219q7mvdkIVYAgu3g,BR1_3277220148,16.17,13.012,7.883,13.034,0
3.7295,0.1381,0.2763,0.0,0.2473,0,0.0,0.0,0.5525,,,,,,,,,,,,,,,,,,,0,4YEx20j-a0FU9JLGv3ced3IFpwqOx49_KW0bcSNXMjbi9kmK-bOC0Z38Y1ejt219q7mvdkIVYAgu3g,BR1_3277146509,16.17,7.24,0.0,0.0,0
5.3571,0.5,0.4286,0.2857,0.3126,2,0.0,0.1429,0.5,9.2727,0.9091,0.0909,0.5556,0.3358,3.0,0.4444,0.4545,0.8182,8.2131,0.6066,0.28,0.35,0.2315,1.0,0.2273,0.3267,0.9333,1,4YEx20j-a0FU9JLGv3ced3IFpwqOx49_KW0bcSNXMjbi9kmK-bOC0Z38Y1ejt219q7mvdkIVYAgu3g,BR1_3276816037,16.17,14.0,11.0,21.429,1
5.2143,0.1429,0.2857,0.1429,0.1624,0,0.0,0.1429,1.0,4.0909,0.5455,0.3636,0.3333,0.1243,0.0,0.2308,0.3636,1.0909,5.3043,0.3881,0.3881,0.6,0.2535,0.0,0.3,0.3881,0.6469,0,fg41GWQxVXWx8VXfXs75wA-XK3kb_GGR_1oh8YdG8fUqAZTThGfUYJ7mFonU1BnBkmAotTlxZXMu4A,BR1_3276803957,16.17,14.0,11.0,7.73,0
5.2288,0.2413,0.2413,0.2727,0.3107,2,0.0,0.2413,0.8849,5.9643,0.0,0.4142,0.3333,0.1926,0.0,0.0909,0.497,1.4911,5.5968,0.365,0.365,0.6667,0.2419,1.0,0.1429,0.4867,0.73,0,fg41GWQxVXWx8VXfXs75wA-XK3kb_GGR_1oh8YdG8fUqAZTThGfUYJ7mFonU1BnBkmAotTlxZXMu4A,BR1_3276780896,16.17,12.431,12.072,8.219,0
5.6026,0.0849,0.1698,0.3636,0.2208,0,0.0,0.3396,0.9338,4.6143,0.3782,0.3026,0.4231,0.2251,1.0,0.0833,0.8321,1.9667,3.8516,0.3668,0.5502,0.3333,0.0899,0.0,0.1,0.1834,0.5502,1,fg41GWQxVXWx8VXfXs75wA-XK3kb_GGR_1oh8YdG8fUqAZTThGfUYJ7mFonU1BnBkmAotTlxZXMu4A,BR1_3276533706,16.17,11.78,13.22,5.452,0
8.77,0.2899,0.0,0.1,0.1678,0,1.0,0.0725,0.7248,7.0517,0.1785,0.1785,0.6,0.3342,2.0,0.2,0.5356,0.8926,5.4215,0.3999,0.2666,0.5152,0.2196,2.0,0.0417,0.7555,1.4665,0,FDxL0_RGSWjYrYgeHOE1DYKLPYOres4TDqC0c0kscJ1awbpkjWI8LJhs0mUrA4Q9YvrMgmYi-a6mzQ,BR1_3277100955,16.17,13.797,11.203,22.503,1
5.5714,1.4286,0.2143,0.2,0.3206,0,0.2,0.1429,0.7143,6.3636,2.2727,0.3636,0.5,0.241,1.0,0.2727,0.5455,1.0909,7.7788,2.2225,0.0,0.5,0.1971,0.0,0.2857,0.3704,0.7408,0,s1d-KQtEPHsuX1O88Ji43flS15U7Wla1rmq91W6GakbskunLDYgLCQ78YNl-Znu_MoQ3ironGFKfgw,BR1_3275795084,16.16,14.0,11.0,2.7,0
7.3609,0.4649,0.155,0.5333,0.2488,2,0.0,0.6199,1.1622,5.1378,0.3211,0.2141,0.65,0.2974,2.0,0.2222,1.3915,2.1407,4.3174,0.3321,0.4982,0.4615,0.2212,0.0,0.4444,0.9963,2.1587,0,s1d-KQtEPHsuX1O88Ji43flS15U7Wla1rmq91W6GakbskunLDYgLCQ78YNl-Znu_MoQ3ironGFKfgw,BR1_3275774893,16.16,12.906,9.343,6.022,1
4.5,0.1429,0.2857,0.1429,0.1644,1,0.0,0.1429,1.0,6.8182,0.5455,0.3636,0.2727,0.1555,1.0,0.0,0.2727,1.0,7.1605,0.9102,0.4248,0.375,0.2403,2.0,0.1875,0.7282,1.9418,0,FUG-K3hGf4_hLd3gymn1yHYK4f-J4XDCbK71YHPeXNXURtNsSCIBh2Z_QQM_RKxK5_dWBi_j3i5-nQ,BR1_3277258706,16.17,14.0,11.0,16.479,1
6.7348,0.1497,0.1497,0.3,0.2077,3,0.4,0.449,1.4966,7.4604,0.5266,0.1755,0.5,0.1254,1.0,0.25,0.7022,1.4043,6.333,0.7257,0.2639,0.6111,0.1562,1.0,0.2353,0.7257,1.1874,0,FUG-K3hGf4_hLd3gymn1yHYK4f-J4XDCbK71YHPeXNXURtNsSCIBh2Z_QQM_RKxK5_dWBi_j3i5-nQ,BR1_3276218027,16.16,13.363,11.394,15.159,1
7.9286,0.3571,0.0714,0.4667,0.2794,2,0.0,0.5,1.0714,6.8186,0.487,0.2435,0.4615,0.2294,0.0,0.4444,0.7306,1.5829,5.2692,0.4465,0.0893,0.5333,0.159,0.0,0.1429,0.7145,1.3396,0,OiTZhkRCLz4KqwfE3bFtGA4JAUaPoQ6PYnv7Hpif4OrTL4Ch0Zfl0vEmFeNkzsqcl5HEr6PovIiDqw,BR1_3276129711,16.16,14.0,8.213,11.197,1
6.5,0.3571,0.1429,0.2,0.2721,0,0.0,0.1429,0.7143,4.8969,0.5544,0.2772,0.6364,0.1727,0.0,0.2222,0.6468,1.0163,4.7891,0.5225,0.0,0.6667,0.1716,1.0,0.2,1.2191,1.8286,0,OiTZhkRCLz4KqwfE3bFtGA4JAUaPoQ6PYnv7Hpif4OrTL4Ch0Zfl0vEmFeNkzsqcl5HEr6PovIiDqw,BR1_3276108909,16.16,14.0,10.823,11.484,1
7.4286,0.4286,0.0,0.2941,0.2922,0,0.0,0.3571,1.2143,9.7359,0.6578,0.1316,0.2,0.0826,0.0,0.0,0.3947,1.9735,,,,,,,,,,1,OiTZhkRCLz4KqwfE3bFtGA4JAUaPoQ6PYnv7Hpif4OrTL4Ch0Zfl0vEmFeNkzsqcl5HEr6PovIiDqw,BR1_3276101185,16.16,14.0,7.601,0.0,1
5.8664,0.4571,0.2286,0.4615,0.2609,4,0.0,0.4571,0.9904,4.9505,0.4368,0.4368,0.5714,0.2035,0.0,0.125,0.5824,1.0192,,,,,,,,,,1,OiTZhkRCLz4KqwfE3bFtGA4JAUaPoQ6PYnv7Hpif4OrTL4Ch0Zfl0vEmFeNkzsqcl5HEr6PovIiDqw,BR1_3275963118,16.16,13.126,6.868,0.0,0
6.0106,0.3122,0.2342,0.1111,0.1646,0,0.0,0.0781,0.7025,5.6607,0.3282,0.3282,0.35,0.1918,1.0,0.0909,0.5743,1.6408,7.7216,0.0849,0.0849,0.1905,0.1468,2.0,0.0714,0.3394,1.7819,0,xzXQMtUDMDsx-_KGYfNCYGvymsIYKhbQTxDzK_JiRr58SS1vbOgiYMQCETlPKTYuiFgS-pVq-VVM5w,BR1_3277234540,16.17,12.811,12.189,11.785,1
6.6429,0.3571,0.2143,0.1765,0.2566,1,0.0,0.2143,1.2143,6.4081,0.0,0.2746,0.3889,0.1533,1.0,0.1111,0.6408,1.6478,6.4511,0.0,0.0,0.5556,0.232,0.0,0.125,1.792,3.2255,0,b2vZCjM6PnoWbn2O17oDi_B1ddsYvqS7h8mh5ito04jXaIah_V1Rvn-ZGoSwt4Yo_btBwvSW69DvYg,BR1_3276837799,16.17,14.0,10.924,2.79,1
6.0,0.3571,0.2857,0.3333,0.2199,1,0.25,0.3571,1.0714,7.4587,0.5737,0.2869,0.3077,0.1637,0.0,0.25,0.5737,1.8647,4.3201,0.1662,0.3323,1.0,0.1662,0.0,0.0,0.4985,0.4985,0,DMGiH7fjvE_GFbSw01jrXCK7VLrdjHo3_N6_xAQ05OKxKsxNO3mUv2mKZ3Pl3TveAIkOAJN6Eogg1Q,BR1_3277238192,16.17,14.0,6.972,6.018,0
7.8808,0.5462,0.3901,0.2857,0.2237,1,0.0,0.1561,0.5462,8.8986,0.7416,0.412,0.2381,0.2112,1.0,0.1765,0.412,1.7303,,,,,,,,,,0,DMGiH7fjvE_GFbSw01jrXCK7VLrdjHo3_N6_xAQ05OKxKsxNO3mUv2mKZ3Pl3TveAIkOAJN6Eogg1Q,BR1_3277079926,16.17,12.816,12.137,0.0,1
7.6441,0.4368,0.2184,0.1429,0.2142,1,0.0,0.0728,0.5096,7.3686,0.4439,0.2663,0.7,0.3827,3.0,0.0909,0.6215,0.8878,4.9409,0.3706,0.247,0.7273,0.3528,1.0,0.3846,0.9882,1.3587,0,DMGiH7fjvE_GFbSw01jrXCK7VLrdjHo3_N6_xAQ05OKxKsxNO3mUv2mKZ3Pl3TveAIkOAJN6Eogg1Q,BR1_3276783659,16.17,13.736,11.264,8.096,0
4.6369,0.3946,0.1973,0.4286,0.2742,1,0.0,0.296,0.6906,7.0243,0.1653,0.4958,0.1818,0.1364,0.0,0.1111,0.1653,0.909,,,,,,,,,,0,7XiCcKn25kdIaz7fsQzwYZA-3n_ILSeiP75wM1OjVYGHNxpeGD4GxFZWifXdKIAKdBmC6Pq3fIho8A,BR1_3277273035,16.17,10.136,12.101,0.0,0
5.4286,0.4286,0.2857,0.2778,0.1897,0,0.25,0.3571,1.2857,5.2727,1.0,0.2727,0.2273,0.1499,0.0,0.1429,0.4545,2.0,2.6237,0.3498,0.3498,0.0667,0.0814,0.0,0.0,0.1749,2.6237,0,CZNszumwT_7DZ3WcwjaUK78lLABorqEdvZE6I69vX7OrKLjDOx4fM55CQb-c0PrOOpmiXYr_Sy5tqQ,BR1_3277246451,16.17,14.0,11.0,5.717,1
4.6727,0.6171,0.1763,0.4545,0.1784,0,0.0,0.4408,0.9698,6.0295,0.3865,0.3092,0.5217,0.1356,0.0,0.2143,0.9276,1.7779,,,,,,,,,,1,CZNszumwT_7DZ3WcwjaUK78lLABorqEdvZE6I69vX7OrKLjDOx4fM55CQb-c0PrOOpmiXYr_Sy5tqQ,BR1_3277211782,16.17,11.342,12.936,0.0,1
6.5,0.3571,0.2857,0.0,0.1187,0,0.0,0.0,0.3571,9.3991,0.73,0.2738,0.4,0.3049,1.0,0.1818,0.365,0.9125,7.2744,0.8968,0.3986,0.619,0.1844,1.0,0.2143,1.2954,2.0926,0,mVvoAxJYnsZlUbz0O3E4su8TD3EOPYCKyQoXMIGQbRjGaOLaima2kOoVcpGZF3Ih0pScKn8n3IuXbA,BR1_3277316600,16.17,14.0,10.958,10.035,1
7.3112,0.7696,0.1539,0.7143,0.3266,6,0.0,0.7696,1.0774,7.163,0.7496,0.3332,0.4091,0.2929,3.0,0.1111,0.7496,1.8324,9.9217,0.8819,0.2205,0.3636,0.2541,1.0,0.2857,0.441,1.2126,1,mVvoAxJYnsZlUbz0O3E4su8TD3EOPYCKyQoXMIGQbRjGaOLaima2kOoVcpGZF3Ih0pScKn8n3IuXbA,BR1_3277173905,16.17,12.994,12.006,9.071,1
6.974,0.3671,0.2753,0.3077,0.2799,2,0.0,0.3671,1.1929,7.4716,0.4151,0.4151,0.36,0.2535,4.0,0.1667,0.7472,2.0754,,,,,,,,,,0,LWQuSZwHoNVrlzB8T0-ClVElPQHx2Q_7wh3PWJYM84IAEMbUwuIHv2pB8xTabJRwxgpuaa-9m3k9vA,BR1_3277220483,16.17,10.898,12.046,0.0,1
5.2371,0.2277,0.3036,0.25,0.2368,3,0.0,0.3036,1.2144,6.4127,0.3563,0.2375,0.5833,0.2662,1.0,0.125,0.8313,1.425,6.4417,0.4026,0.4026,0.2222,0.2578,0.0,0.0833,0.2684,1.2078,0,LWQuSZwHoNVrlzB8T0-ClVElPQHx2Q_7wh3PWJYM84IAEMbUwuIHv2pB8xTabJRwxgpuaa-9m3k9vA,BR1_3277193835,16.17,13.175,8.421,7.451,0
7.5714,0.2857,0.0714,0.3333,0.1546,0,0.0,0.2857,0.8571,7.3417,0.5647,0.5647,0.6667,0.3376,1.0,0.1429,0.3765,0.5647,,,,,,,,,,0,LWQuSZwHoNVrlzB8T0-ClVElPQHx2Q_7wh3PWJYM84IAEMbUwuIHv2pB8xTabJRwxgpuaa-9m3k9vA,BR1_3277085407,16.17,14.0,5.312,0.0,0
6.4353,0.2925,0.3656,0.0,0.1629,0,0.0,0.0,0.5119,5.8275,0.3532,0.3532,0.3333,0.2719,1.0,0.0769,0.1766,0.5298,29.4473,2.2652,0.0,0.0,0.5189,0.0,0.0,0.0,0.0,0,xN9Oxoafbn5XGmC8rKcQ0NcKNrXOFL1hAwP3MyC8eRrJEa1q6haNWlvRledM_zqcBZekAhZYt5gyOA,BR1_3277286353,16.17,13.674,11.326,0.441,0
6.2857,0.4286,0.1429,0.4118,0.263,4,0.4,0.5,1.2143,4.8409,0.2848,0.3797,0.5,0.3007,2.0,0.0,0.4746,0.9492,4.3551,0.242,0.4839,0.0,0.1325,0.0,0.2,0.0,0.7259,0,xN9Oxoafbn5XGmC8rKcQ0NcKNrXOFL1hAwP3MyC8eRrJEa1q6haNWlvRledM_zqcBZekAhZYt5gyOA,BR1_3277283207,16.17,14.0,10.535,4.133,0
4.7143,0.2857,0.5,0.25,0.2016,1,0.0,0.2857,1.1429,5.7754,0.4359,0.3269,0.1667,0.1465,0.0,0.1111,0.109,0.6538,4.9581,0.3492,0.419,0.2727,0.1285,0.0,0.4375,0.2095,0.7682,0,xGJ0xzghkUazCoMGpoeEKmo8xReViC5N4rIIZpIocmyXPpeZhqsYbgIxqrU-Fa0Yqbg0WiRnK-__lg,BR1_3277204005,16.17,14.0,9.177,14.32,0
6.8571,0.5714,0.0714,0.3077,0.206,0,0.0,0.2857,0.9286,7.1839,0.6705,0.2874,0.7273,0.2942,0.0,0.0,0.7663,1.0536,0.0,0.0,0.0,0.0,0.704,0.0,0.3333,0.0,0.0,0,89tGN227vpyV2CfzSJvXzQUzbV68V9m4hGIcqnVvGnY0S5v3ldCKfzW2tEIuKBFlsfN1ihlpAj3RbA,BR1_3277194648,16.17,14.0,10.44,0.485,0
7.2143,0.2857,0.2857,0.25,0.1129,0,0.25,0.2143,0.8571,7.5048,0.3631,0.121,0.6,0.2501,0.0,0.2222,0.7263,1.2105,7.2818,0.3833,0.3833,0.6667,0.3019,0.0,0.1,0.2555,0.3833,0,1HWikYpcASQbOfQoCmk8tFYs4Ysi_5HJDqzNq1VZ4aPkeaZpymj3QPpWwLwQVgNKGWdXwB2sKOtzsA,BR1_3277134621,16.17,14.0,8.261,7.828,0
7.5034,0.3227,0.0,0.2667,0.1899,2,0.0,0.3227,1.2102,9.8179,0.2727,0.0,0.2857,0.2287,0.0,0.2,0.5454,1.909,,,,,,,,,,0,1HWikYpcASQbOfQoCmk8tFYs4Ysi_5HJDqzNq1VZ4aPkeaZpymj3QPpWwLwQVgNKGWdXwB2sKOtzsA,BR1_3273863660,16.16,12.394,3.667,0.0,1
8.3224,0.4419,0.0,0.3571,0.1745,0,0.0,0.3682,1.0311,4.2899,0.5253,0.2626,0.2778,0.2014,0.0,0.1818,0.4377,1.5759,9.7453,0.0,0.0,0.125,0.0247,0.0,0.1667,0.5129,4.1033,0,1HWikYpcASQbOfQoCmk8tFYs4Ysi_5HJDqzNq1VZ4aPkeaZpymj3QPpWwLwQVgNKGWdXwB2sKOtzsA,BR1_3273847674,16.16,13.578,11.422,1.95,1
7.0,0.2857,0.1429,0.3333,0.2406,1,0.0,0.2143,0.6429,7.5455,0.4545,0.4545,0.6364,0.3566,1.0,0.4,0.6364,1.0,9.733,0.471,0.6279,0.25,0.4873,0.0,0.25,0.157,0.6279,0,Iz3v-wtekunQTQlOaVKhj9QkaSNZd7i1WHzGtmmGmIM15MYMKVPvt5wgnhPxg6Gr9drwE47TsUcOOw,BR1_3275567641,16.16,14.0,11.0,6.37,0
5.6711,0.4307,0.2154,0.6875,0.3132,4,0.0,0.7896,1.1486,5.6008,0.3613,0.271,0.6154,0.3185,1.0,0.25,0.7227,1.1744,5.6239,0.0,0.0,1.0,0.4414,0.0,0.2,5.6239,5.6239,1,6C_174q5cNhmPeJJjGCKIhljOALUeyNvbWsDyWIFca2CJNR-RMfrJYXCyfRgu0E39LXNje71TTsoSg,BR1_3276092236,16.16,13.93,11.07,1.067,1
4.7857,0.2143,0.0714,0.3333,0.1644,0,0.0,0.2143,0.6429,5.53,0.0953,0.1907,0.2143,0.0808,2.0,0.1429,0.286,1.3348,4.2967,0.2185,0.2185,0.5,0.0843,0.0,0.0714,0.5098,1.0196,0,whBtrcGP8hErov9d9cBzeyq4hm61H6MTFfWmVhaOG0deWpu-5Mns89qA9q1vCwtO3XoLRsl55cfFWQ,BR1_3276891069,16.17,14.0,10.488,13.731,0
8.6512,0.3327,0.0832,0.25,0.1651,1,0.0,0.2496,0.9982,8.3517,0.5568,0.1856,0.3846,0.1547,1.0,0.0,0.464,1.2064,8.523,0.0,0.4486,0.8,0.2648,0.0,0.1111,1.7943,2.2429,0,NkE1Roy3aOzIU9ypYocPREpWTskET2fPxztluv8odak3jVIJ5L7l6Qc6QoNzAomnMqjQSvApjosE7A,BR1_3277328514,16.17,12.021,10.776,2.229,1
5.2857,0.6429,0.2143,0.5714,0.2321,2,0.0,0.5714,1.0,5.0909,0.7273,0.3636,0.55,0.3201,5.0,0.1667,1.0,1.8182,4.5064,0.4639,0.3314,0.4643,0.2352,4.0,0.0,0.8615,1.8556,0,NkE1Roy3aOzIU9ypYocPREpWTskET2fPxztluv8odak3jVIJ5L7l6Qc6QoNzAomnMqjQSvApjosE7A,BR1_3277134971,16.17,14.0,11.0,15.09,0
8.1177,0.3247,0.0,0.2857,0.1913,0,0.0,0.1624,0.5682,8.2011,0.8674,0.0,0.4444,0.3386,7.0,0.0,0.9463,2.1291,5.5027,0.31,0.2325,0.55,0.2544,6.0,0.25,0.8525,1.5501,0,NkE1Roy3aOzIU9ypYocPREpWTskET2fPxztluv8odak3jVIJ5L7l6Qc6QoNzAomnMqjQSvApjosE7A,BR1_3277110588,16.17,12.319,12.681,12.903,1
7.5714,0.3571,0.2143,0.5556,0.1465,0,0.25,0.3571,0.6429,10.3613,0.6024,0.0,0.375,0.2179,1.0,0.2222,0.3614,0.9638,5.4859,0.4188,0.2513,0.3125,0.0854,0.0,0.0455,0.4188,1.3401,0,7Tztq2e5HMcfmBNbjVSq-cALqm7cDv9CsRadoqo5Xzfi5lytGEkbLmKheJUFusluNbDXFaEp1wZfZQ,BR1_3275808059,16.16,14.0,8.3,23.879,0
6.9286,0.3571,0.0,0.6364,0.2974,4,0.0,0.5,0.7857,7.0,0.1818,0.0909,0.4118,0.2138,2.0,0.0,0.6364,1.5455,6.0315,0.0,0.3314,0.6667,0.2348,2.0,0.05,0.7954,1.193,0,7Tztq2e5HMcfmBNbjVSq-cALqm7cDv9CsRadoqo5Xzfi5lytGEkbLmKheJUFusluNbDXFaEp1wZfZQ,BR1_3267458525,16.15,14.0,11.0,15.087,0
7.5086,0.3375,0.0844,0.1818,0.2083,0,0.5,0.1687,0.928,7.17,0.4845,0.2907,0.5,0.3602,1.0,0.1667,1.1627,2.3254,7.6863,0.0,0.0,0.7778,0.428,1.0,0.4,2.5621,3.2941,0,_a1jKxvXWstPYpISo0RBIFtOdzI6vw-_7gpdBrX9FaTYy-fsLQ9iRUA56cPN4f40evvcGIl9q1ZT9g,BR1_3277346058,16.17,11.853,10.321,2.732,1
6.9287,0.3937,0.1575,0.25,0.1644,1,0.0,0.1575,0.6299,4.7971,0.4065,0.3252,0.4667,0.1342,0.0,0.1667,0.5691,1.2196,0.6639,0.2213,0.4426,1.0,0.2247,0.0,0.0,1.1064,1.1064,0,_a1jKxvXWstPYpISo0RBIFtOdzI6vw-_7gpdBrX9FaTYy-fsLQ9iRUA56cPN4f40evvcGIl9q1ZT9g,BR1_3277329645,16.17,12.701,12.299,4.519,0
5.811,0.5283,0.2641,0.3846,0.2032,1,0.25,0.4402,1.1446,6.6705,0.5131,0.2932,0.45,0.1888,4.0,0.0714,0.6597,1.466,2.7667,0.3074,0.3074,0.8571,0.2588,0.0,0.1429,1.8445,2.1519,0,_a1jKxvXWstPYpISo0RBIFtOdzI6vw-_7gpdBrX9FaTYy-fsLQ9iRUA56cPN4f40evvcGIl9q1ZT9g,BR1_3277323340,16.17,11.358,13.642,3.253,1
6.5,0.2857,0.0,0.2273,0.1886,2,0.0,0.3571,1.5714,4.1818,0.4545,0.1818,0.2222,0.1091,0.0,0.1818,0.3636,1.6364,6.1579,0.4506,0.3004,0.5833,0.1907,0.0,0.2308,1.0513,1.8023,0,_a1jKxvXWstPYpISo0RBIFtOdzI6vw-_7gpdBrX9FaTYy-fsLQ9iRUA56cPN4f40evvcGIl9q1ZT9g,BR1_3277309566,16.17,14.0,11.0,6.658,1
8.6075,0.4611,0.1537,0.25,0.2224,1,0.0,0.0769,0.3074,5.7557,0.5839,0.2502,0.5,0.1937,1.0,0.0909,0.5839,1.1678,6.3667,0.653,0.0816,0.9091,0.2789,2.0,0.0,0.8162,0.8979,0,_a1jKxvXWstPYpISo0RBIFtOdzI6vw-_7gpdBrX9FaTYy-fsLQ9iRUA56cPN4f40evvcGIl9q1ZT9g,BR1_3277290301,16.17,13.012,11.988,12.251,0
6.8571,0.1429,0.1429,0.4167,0.169,2,0.0,0.3571,0.8571,5.0,0.7273,0.3636,0.6923,0.2262,1.0,0.0,0.8182,1.1818,2.1268,0.4136,0.2954,0.8571,0.2808,0.0,0.1429,1.0634,1.2407,0,IGFDRTr8Ee2b4haLYw7gZ4hGtrvT7ZRtBcVij0-AaWPbzlGpRmFnwGhzmopuWCqda-KpHGvfR8lB6Q,BR1_3277322350,16.17,14.0,11.0,16.927,0
3.6429,0.2857,0.4286,0.3529,0.2424,2,0.0,0.4286,1.2143,1.257,0.5028,0.5028,0.4706,0.2065,0.0,0.1429,1.0056,2.1369,4.003,0.089,0.5337,0.4211,0.1696,0.0,0.2778,0.7116,1.6902,0,IGFDRTr8Ee2b4haLYw7gZ4hGtrvT7ZRtBcVij0-AaWPbzlGpRmFnwGhzmopuWCqda-KpHGvfR8lB6Q,BR1_3277164346,16.17,14.0,7.956,11.242,0
6.2857,0.3571,0.2143,0.3636,0.2563,2,0.2,0.2857,0.7857,5.6515,0.6649,0.2216,0.4286,0.2789,1.0,0.125,0.6649,1.5514,3.2744,1.0005,0.1819,0.619,0.327,1.0,0.1667,1.1824,1.9101,1,IGFDRTr8Ee2b4haLYw7gZ4hGtrvT7ZRtBcVij0-AaWPbzlGpRmFnwGhzmopuWCqda-KpHGvfR8lB6Q,BR1_3277140874,16.17,14.0,9.024,10.994,1
4.5714,0.3571,0.0714,0.5,0.2035,0,0.0,0.3571,0.7143,3.5455,0.7273,0.2727,0.8,0.2924,2.0,0.0909,0.7273,0.9091,3.6856,0.4467,0.3351,0.4211,0.1817,0.0,0.05,0.4467,1.061,1,IGFDRTr8Ee2b4haLYw7gZ4hGtrvT7ZRtBcVij0-AaWPbzlGpRmFnwGhzmopuWCqda-KpHGvfR8lB6Q,BR1_3277101459,16.17,14.0,11.0,17.907,1
4.1429,0.5,0.1429,0.8333,0.3486,1,0.0,0.7143,0.8571,3.3636,0.1818,0.5455,0.5,0.3429,2.0,0.2222,0.7273,1.4545,3.9456,0.3881,0.3234,0.55,0.3909,5.0,0.2143,0.7115,1.2936,0,IGFDRTr8Ee2b4haLYw7gZ4hGtrvT7ZRtBcVij0-AaWPbzlGpRmFnwGhzmopuWCqda-KpHGvfR8lB6Q,BR1_3275827311,16.16,14.0,11.0,15.46,1
6.9532,0.1449,0.3621,0.3846,0.2636,2,0.0,0.3621,0.9416,9.8272,0.4467,0.1787,0.4444,0.2232,1.0,0.0,0.3574,0.804,6.0853,0.5796,0.4347,0.5714,0.3482,0.0,0.0833,0.5796,1.0142,1,szZwzUAWPMsAIETuepqAjdWxtjpQDKKGAD6ugH3ol7V1Hpr2OU1w2CG2l_ti6cCf9pNAynF-K-KIJg,BR1_3275850150,16.16,13.807,11.193,6.902,0
6.2769,0.3025,0.3025,0.1667,0.1633,0,0.0,0.1513,0.9075,7.3873,0.4246,0.0849,0.5714,0.0927,1.0,0.0,0.3396,0.5944,6.8,0.5735,0.0819,0.3333,0.203,0.0,0.2,0.5735,1.7205,0,szZwzUAWPMsAIETuepqAjdWxtjpQDKKGAD6ugH3ol7V1Hpr2OU1w2CG2l_ti6cCf9pNAynF-K-KIJg,BR1_3275813573,16.16,13.223,11.777,12.206,1
6.5474,0.1505,0.2258,0.25,0.2063,2,0.6,0.301,1.2041,5.7834,0.4627,0.0,0.3333,0.1968,0.0,0.2727,0.8097,2.429,5.4044,0.3727,0.1864,0.875,0.2809,1.0,0.0,2.609,2.9818,0,YlOsVjVUYnvhbn0KPFv88EfdTPF1cSbWxA-OQsVIRAsp3YVXeUAx6GhKZsXeVnc4huzr1ZK_XaA_hg,BR1_3277065510,16.17,13.288,8.645,5.366,1
6.3766,0.1848,0.0924,0.2857,0.3426,0,0.3333,0.1848,0.6469,6.2768,0.2116,0.3526,0.6429,0.3106,1.0,0.1667,0.6347,0.9874,10.2807,0.0,0.4673,0.3333,0.208,0.0,0.2857,0.2337,0.701,0,Wv0DLlSErMHgHVed1eBZKBbgJGhQv3PsrTkqsOITiahAauq1ENi7iUzGRrh5SjdfmwKUep9CIIydGQ,BR1_3277237249,16.17,10.821,14.179,4.28,0
6.6748,0.375,0.0,0.5,0.3003,2,0.0,0.3,0.6,6.981,0.5171,0.1293,0.875,0.4907,2.0,0.125,0.9049,1.0342,6.7453,0.4352,0.3264,0.6667,0.4342,1.0,0.2143,0.4352,0.6528,0,4Pr9yAQwfXu92Iy0-6ED6fk2VOJuIQEC1NoRvIO1AJRHh5v4zvMCTxh6oDZGRWuI2IwY_GX0pzHDUA,BR1_3276537870,16.17,13.334,7.735,9.192,0
5.7143,0.3571,0.1429,0.5385,0.3348,3,0.6667,0.5,0.9286,5.7273,0.0,0.0909,0.4375,0.2848,1.0,0.3,0.6364,1.4545,7.9307,0.0,0.1525,0.4615,0.2976,1.0,0.375,0.9151,1.9827,0,4Pr9yAQwfXu92Iy0-6ED6fk2VOJuIQEC1NoRvIO1AJRHh5v4zvMCTxh6oDZGRWuI2IwY_GX0pzHDUA,BR1_3276529409,16.17,14.0,11.0,6.557,1
6.9533,0.3521,0.0,0.4667,0.2626,1,0.0,0.6161,1.3203,7.3261,0.5309,0.2124,0.375,0.236,2.0,0.0,0.6371,1.6988,,,,,,,,,,0,4Pr9yAQwfXu92Iy0-6ED6fk2VOJuIQEC1NoRvIO1AJRHh5v4zvMCTxh6oDZGRWuI2IwY_GX0pzHDUA,BR1_3276517337,16.17,11.361,9.418,0.0,1
5.7143,0.4286,0.0714,0.7143,0.4196,3,0.0,0.3571,0.5,7.8182,0.5455,0.0909,0.2667,0.1804,0.0,0.1,0.3636,1.3636,7.7293,0.3221,0.3221,0.6667,0.2045,0.0,0.0,0.6441,0.9662,0,4Pr9yAQwfXu92Iy0-6ED6fk2VOJuIQEC1NoRvIO1AJRHh5v4zvMCTxh6oDZGRWuI2IwY_GX0pzHDUA,BR1_3276489364,16.17,14.0,11.0,3.105,1
7.4286,0.5,0.0714,0.3333,0.3344,3,0.0,0.2857,0.8571,6.6385,0.5269,0.2107,1.0,0.447,0.0,0.0,0.843,0.843,5.0101,0.4319,0.2591,0.9,0.3113,0.0,0.0,0.7774,0.8638,0,4Pr9yAQwfXu92Iy0-6ED6fk2VOJuIQEC1NoRvIO1AJRHh5v4zvMCTxh6oDZGRWuI2IwY_GX0pzHDUA,BR1_3276464148,16.17,14.0,9.49,11.577,1
4.3571,0.2857,0.2143,0.3077,0.1776,0,0.0,0.2857,0.9286,5.5455,0.4545,0.0,0.3125,0.1535,0.0,0.0909,0.4545,1.4545,4.6043,0.2558,0.5116,0.3636,0.16,1.0,0.4286,1.0232,2.8137,0,S8E4cOFUrwaQjGiuramoEBUnBkAm33kALVFmc1IoKfQ2LjYuHP8u8gQjznHatlho7Sl5lx7NTT9EBA,BR1_3276942863,16.17,14.0,11.0,3.909,1
5.4508,0.2303,0.2303,0.1333,0.1591,1,0.0,0.1535,1.1516,5.9347,0.5478,0.2739,0.5385,0.1262,0.0,0.1818,0.6391,1.1869,4.8063,0.2185,0.4369,0.6667,0.2949,0.0,0.0,0.4369,0.6554,0,W-npfwYF45sbF29c3-UKaXh8pVdkHI4WYUmBrTkxUUDEXd_8-NO72_wo-uKE-SqlU1I60oZBSeTUDA,BR1_3275488459,16.16,13.026,10.953,4.577,0
7.5651,0.2017,0.3026,0.1429,0.359,0,0.0,0.1009,0.7061,6.3903,0.6908,0.1727,0.25,0.1494,1.0,0.0,0.5181,2.0725,,,,,,,,,,0,RqOejrFzQHZfwi5RLKj4wYz8pLMZLYqQvX1ko5C2DRHxffnTeIeNxNr06szy0FMnHwhEtESc8lIefg,BR1_3276592292,16.17,9.914,5.79,0.0,1
6.2857,0.3571,0.2143,0.1538,0.1825,1,0.0,0.1429,0.9286,6.3636,0.3636,0.1818,0.6111,0.2791,0.0,0.1667,1.0,1.6364,25.7903,0.0,0.0,0.4,0.0735,0.0,1.0,4.6891,11.7229,0,h0Y3VCbsft2CjD193FaWMkb7ymoAiOdxhu0t2bezQ4FYZLH255eXJMJTcR45SuyzMlFlpzR21q6wRw,BR1_3277083370,16.17,14.0,11.0,0.427,1
4.9856,0.2535,0.4225,0.25,0.1577,0,0.0,0.2535,1.014,4.9388,0.3087,0.3087,0.1429,0.148,0.0,0.0,0.1029,0.7202,3.0915,0.2208,0.4416,0.3333,0.1531,0.0,0.1111,0.2208,0.6625,0,h0Y3VCbsft2CjD193FaWMkb7ymoAiOdxhu0t2bezQ4FYZLH255eXJMJTcR45SuyzMlFlpzR21q6wRw,BR1_3276748938,16.17,11.834,9.719,4.529,0
8.5649,0.3086,0.0772,0.5714,0.2557,3,0.0,0.3086,0.5401,8.0564,0.3322,0.2492,0.7333,0.4109,4.0,0.1,0.9136,1.2458,5.0454,0.4518,0.2259,0.4857,0.1774,1.0,0.08,0.6401,1.3178,0,h0Y3VCbsft2CjD193FaWMkb7ymoAiOdxhu0t2bezQ4FYZLH255eXJMJTcR45SuyzMlFlpzR21q6wRw,BR1_3276590017,16.17,12.96,12.04,26.559,0
7.2867,0.3389,0.2542,0.2727,0.2593,1,0.0,0.2542,0.932,6.1217,0.2587,0.6036,0.5,0.2748,1.0,0.0714,0.6036,1.2071,,,,,,,,,,0,h0Y3VCbsft2CjD193FaWMkb7ymoAiOdxhu0t2bezQ4FYZLH255eXJMJTcR45SuyzMlFlpzR21q6wRw,BR1_3276486540,16.17,11.802,11.598,0.0,0
8.0714,0.2143,0.0714,0.4615,0.2406,2,0.0,0.4286,0.9286,10.5212,0.3861,0.2896,0.5,0.3419,2.0,0.0,0.6757,1.3513,4.1363,0.438,0.146,0.5,0.187,2.0,0.2381,0.8273,1.6545,0,h0Y3VCbsft2CjD193FaWMkb7ymoAiOdxhu0t2bezQ4FYZLH255eXJMJTcR45SuyzMlFlpzR21q6wRw,BR1_3276409835,16.17,14.0,10.36,20.55,1
8.3727,0.3771,0.0754,0.5,0.334,0,0.0,0.2263,0.4526,7.1534,0.3406,0.0852,0.7143,0.2356,2.0,0.0833,0.8516,1.1922,7.4682,0.3983,0.1992,0.4211,0.2827,4.0,0.0,0.7966,1.892,0,9-5WBdZ2ui7leYj-vfEVCs3_XXvnTXFpvnSkWZAGrfVDRy5t70C8QZQyq9mQosVFWP3XfPMhboMRMA,BR1_3277179038,16.17,13.257,11.743,10.043,1
5.8571,0.2857,0.2143,0.125,0.2078,0,0.0,0.0714,0.5714,9.1818,0.2727,0.0909,0.3333,0.1969,0.0,0.1818,0.3636,1.0909,6.6185,0.3483,0.2613,0.7059,0.2199,0.0,0.2727,1.045,1.4805,0,9-5WBdZ2ui7leYj-vfEVCs3_XXvnTXFpvnSkWZAGrfVDRy5t70C8QZQyq9mQosVFWP3XfPMhboMRMA,BR1_3276438177,16.17,14.0,11.0,11.483,1
7.7143,0.2857,0.0714,0.1,0.1312,0,0.0,0.0714,0.7143,7.2727,0.4545,0.0909,0.5714,0.3096,2.0,0.3,0.7273,1.2727,4.6241,0.0,0.1927,0.5946,0.2653,4.0,0.1154,1.0597,1.7822,0,RLjKTwbMOrY-lj00yTA_WNC6bNSmETPEP-lieP0pCvGXUvUjzO_c2KsoPAuvIFNeQpcgSZMKnaCq4A,BR1_3275697892,16.16,14.0,11.0,20.761,1
6.3827,0.3845,0.0769,0.2143,0.2046,2,0.6,0.2307,1.0766,6.8007,0.3709,0.2473,0.3158,0.1159,0.0,0.0714,0.7419,2.3493,,,,,,,,,,1,RLjKTwbMOrY-lj00yTA_WNC6bNSmETPEP-lieP0pCvGXUvUjzO_c2KsoPAuvIFNeQpcgSZMKnaCq4A,BR1_3274798830,16.16,13.004,8.087,0.0,1
6.2143,0.2143,0.0714,0.5,0.3902,4,0.0,0.3571,0.7143,6.5455,0.4545,0.2727,0.5333,0.2974,2.0,0.1111,0.7273,1.3636,2.1412,0.4461,0.5353,0.3846,0.1784,0.0,0.0833,0.4461,1.1598,1,i2Y8jH7Ed-LmeZDPwFVy6QIhV0VYxsrIfcQ16lxC2VpUFnzFmZlsUCcK4H0QGbCmTquGRA_tPaaYpg,BR1_3277026690,16.17,14.0,11.0,11.209,0
4.4286,0.2143,0.2143,0.3333,0.3146,2,0.5,0.2143,0.6429,3.8182,0.4545,0.4545,0.8462,0.3069,3.0,0.0909,1.0,1.1818,4.9765,0.0,0.4217,0.5,0.2389,1.0,0.2667,1.0122,2.0243,0,i2Y8jH7Ed-LmeZDPwFVy6QIhV0VYxsrIfcQ16lxC2VpUFnzFmZlsUCcK4H0QGbCmTquGRA_tPaaYpg,BR1_3277000105,16.17,14.0,11.0,11.856,0
5.0652,0.0,0.2338,0.0667,0.1606,1,0.2,0.0779,1.1689,4.6025,0.2466,0.4109,0.3333,0.1324,0.0,0.1333,0.3287,0.9862,3.8008,0.3455,0.3455,0.0,0.1182,0.0,0.0,0.0,0.0,0,i2Y8jH7Ed-LmeZDPwFVy6QIhV0VYxsrIfcQ16lxC2VpUFnzFmZlsUCcK4H0QGbCmTquGRA_tPaaYpg,BR1_3276984270,16.17,12.833,12.167,2.894,0
6.5519,0.42,0.42,0.1429,0.2177,2,0.0,0.168,1.176,5.3455,0.7636,0.3818,0.3103,0.2408,4.0,0.3636,0.6873,2.2146,9.8376,0.4576,0.3432,0.4444,0.1226,0.0,0.1667,0.4576,1.0295,0,i2Y8jH7Ed-LmeZDPwFVy6QIhV0VYxsrIfcQ16lxC2VpUFnzFmZlsUCcK4H0QGbCmTquGRA_tPaaYpg,BR1_3276971747,16.17,11.905,13.095,8.742,1
7.1429,0.2143,0.1429,0.4,0.3262,2,0.0,0.1429,0.3571,9.4797,0.3693,0.4925,0.75,0.4023,3.0,0.1429,0.7387,0.9849,9.4144,0.538,0.269,0.8333,0.4603,0.0,0.2,0.6725,0.8069,0,GtgvfHR39T53F8mM2cmIlW4MFlxXwN7sIQltr-XrIdmAEWeum-enuhY5WgOcotXwTnLK8hOclHhE0w,BR1_3277208801,16.17,14.0,8.123,7.435,0
6.3864,0.3406,0.2555,0.4545,0.2902,2,0.0,0.4258,0.9367,12.0255,0.3057,0.4076,0.6667,0.4035,4.0,0.1429,0.4076,0.6115,,,,,,,,,,0,GtgvfHR39T53F8mM2cmIlW4MFlxXwN7sIQltr-XrIdmAEWeum-enuhY5WgOcotXwTnLK8hOclHhE0w,BR1_3277196082,16.17,11.744,9.812,0.0,0
9.0525,0.3176,0.0794,0.4286,0.2129,3,0.0,0.2382,0.5559,9.7528,0.5642,0.2418,1.0,0.4353,4.0,0.3,0.5642,0.5642,11.6168,0.5882,0.2941,0.5,0.3235,1.0,0.0833,0.147,0.2941,1,GtgvfHR39T53F8mM2cmIlW4MFlxXwN7sIQltr-XrIdmAEWeum-enuhY5WgOcotXwTnLK8hOclHhE0w,BR1_3276953523,16.17,12.593,12.407,6.801,0
4.8571,0.1429,0.1429,0.0,0.1248,0,0.0,0.0,0.3571,6.3901,0.3092,0.5153,0.3,0.0992,0.0,0.0,0.3092,1.0307,6.8152,0.0,0.4755,0.2,0.0456,0.0,0.0833,0.1585,0.7925,0,GtgvfHR39T53F8mM2cmIlW4MFlxXwN7sIQltr-XrIdmAEWeum-enuhY5WgOcotXwTnLK8hOclHhE0w,BR1_3276710097,16.17,14.0,9.703,6.309,0
7.0714,0.2143,0.2857,0.25,0.2995,3,0.0,0.2143,0.8571,11.7273,0.4545,0.3636,0.2727,0.2585,2.0,0.0833,0.2727,1.0,11.2787,0.2968,0.4452,0.3333,0.1823,1.0,0.0833,0.5936,1.7809,0,GtgvfHR39T53F8mM2cmIlW4MFlxXwN7sIQltr-XrIdmAEWeum-enuhY5WgOcotXwTnLK8hOclHhE0w,BR1_3276692832,16.17,14.0,11.0,6.738,1
6.8761,0.5067,0.0724,0.25,0.1166,2,0.0,0.4343,1.7371,5.633,0.7153,0.3577,0.3571,0.2378,2.0,0.1,0.4471,1.2518,3.7272,0.3823,0.5734,0.3333,0.2487,0.0,0.0833,0.2867,0.8601,0,iaid6Ce2J7oedjJbDAEpp393__O0SsBGvsvXGg3RIrPvFyUhXjqj-hG1HW67RjYdXTHErtYQUF5RVw,BR1_3276954037,16.17,13.816,11.184,10.464,0
6.1048,0.4696,0.0783,0.4706,0.2111,2,0.2,0.6261,1.3305,5.8086,0.4909,0.2454,0.32,0.2185,0.0,0.1818,0.6545,2.0453,7.7122,0.7712,0.3856,0.1429,0.1433,0.0,0.0,0.3856,2.6993,0,iaid6Ce2J7oedjJbDAEpp393__O0SsBGvsvXGg3RIrPvFyUhXjqj-hG1HW67RjYdXTHErtYQUF5RVw,BR1_3276942528,16.17,12.777,12.223,2.593,1
6.8953,0.4256,0.0,0.25,0.148,0,0.0,0.0851,0.3405,7.0928,0.3773,0.3773,0.4286,0.247,4.0,0.0,0.4527,1.0564,2.8766,0.8113,0.2213,0.6923,0.3945,2.0,0.0833,0.6638,0.9589,0,iaid6Ce2J7oedjJbDAEpp393__O0SsBGvsvXGg3RIrPvFyUhXjqj-hG1HW67RjYdXTHErtYQUF5RVw,BR1_3276938194,16.17,11.747,13.253,13.558,0
4.7761,0.2311,0.1541,0.2857,0.1395,1,0.0,0.1541,0.5392,6.4775,0.3239,0.1619,0.0,0.1342,0.0,0.1667,0.0,0.8097,,,,,,,,,,0,IefwAKHAmOZ-AJhymikoHTjpYQnQAwZpXj4sEbWa04t3aS5WFEaGzoATwjQH0pw8zJYN0u9PoU9nbA,BR1_3277002419,16.17,12.981,6.175,0.0,0
5.6974,0.4558,0.076,0.2308,0.121,1,0.0,0.2279,0.9875,3.0902,0.4578,0.3434,0.1667,0.0581,0.0,0.25,0.2289,1.3734,3.2603,0.3525,0.3525,0.125,0.0372,0.0,0.1667,0.0881,0.7049,0,IefwAKHAmOZ-AJhymikoHTjpYQnQAwZpXj4sEbWa04t3aS5WFEaGzoATwjQH0pw8zJYN0u9PoU9nbA,BR1_3276962906,16.17,13.164,8.737,11.349,0
3.5383,0.0,0.1179,0.0,0.0759,0,0.0,0.0,0.7077,2.2147,0.3055,0.2291,0.2941,0.0873,0.0,0.0,0.3818,1.2983,5.6753,0.6207,0.266,0.3529,0.1037,0.0,0.0909,0.5321,1.5075,0,IefwAKHAmOZ-AJhymikoHTjpYQnQAwZpXj4sEbWa04t3aS5WFEaGzoATwjQH0pw8zJYN0u9PoU9nbA,BR1_3276813451,16.17,8.479,13.094,11.277,1
7.3228,0.2265,0.302,0.25,0.2106,0,0.0,0.0755,0.302,8.796,0.6436,0.3218,0.3333,0.2232,0.0,0.1111,0.2145,0.6436,8.1716,0.4457,0.2971,0.0,0.0608,0.0,0.25,0.0,0.2971,0,M7JBh5_GAjryltShYdYs1y0pvhazmjE4jvp3D_3Iv0zyh1rptHnAF1t6Eiz9L7ymU7EzXp-mlNh6VQ,BR1_3276978408,16.17,13.246,9.322,6.731,0
6.2664,0.2686,0.0895,0.3333,0.231,0,0.0,0.0895,0.2686,7.0412,0.5787,0.1929,0.375,0.246,1.0,0.25,0.2894,0.7716,11.8272,0.0,0.2075,0.6,0.372,0.0,0.2727,0.6225,1.0375,1,M7JBh5_GAjryltShYdYs1y0pvhazmjE4jvp3D_3Iv0zyh1rptHnAF1t6Eiz9L7ymU7EzXp-mlNh6VQ,BR1_3276970340,16.17,11.171,10.368,4.819,0
8.2882,0.3767,0.1507,0.3846,0.3182,3,0.0,0.3767,0.9795,8.1854,0.4263,0.0853,0.3684,0.1636,0.0,0.1111,0.5969,1.62,9.691,0.2423,0.2423,1.0,0.2462,0.0,0.0,0.2423,0.2423,1,M7JBh5_GAjryltShYdYs1y0pvhazmjE4jvp3D_3Iv0zyh1rptHnAF1t6Eiz9L7ymU7EzXp-mlNh6VQ,BR1_3276700823,16.17,13.272,11.728,4.128,0
7.9239,0.3602,0.072,0.4286,0.2448,3,0.0,0.4322,1.0085,6.9294,0.5021,0.2009,0.5294,0.2595,4.0,0.0714,0.9038,1.7072,,,,,,,,,,0,M7JBh5_GAjryltShYdYs1y0pvhazmjE4jvp3D_3Iv0zyh1rptHnAF1t6Eiz9L7ymU7EzXp-mlNh6VQ,BR1_3276698132,16.17,13.882,9.958,0.0,1
6.5714,0.3571,0.1429,0.6667,0.328,0,0.0,0.4286,0.6429,7.0499,0.4406,0.3305,0.4,0.4013,0.0,0.0,0.2203,0.5508,5.7539,0.2131,0.3197,0.5,0.2265,1.0,0.2,0.4262,0.8524,0,M7JBh5_GAjryltShYdYs1y0pvhazmjE4jvp3D_3Iv0zyh1rptHnAF1t6Eiz9L7ymU7EzXp-mlNh6VQ,BR1_3276606637,16.17,14.0,9.078,9.385,0
7.1429,0.3571,0.2857,0.25,0.2546,1,0.0,0.2143,0.8571,6.4333,0.5361,0.2681,0.3333,0.3383,0.0,0.0,0.5361,1.6083,2.7267,0.2097,0.4195,0.3846,0.171,0.0,0.0,1.0487,2.7267,0,JkTKieGgXWmBhg-LvN7Hr6nwgzDrVjJ7SdtAUW7pVUCzJ8fxwHTfp51wtblm69xaVdrKoirIbwqH4g,BR1_3277306858,16.17,14.0,7.461,4.768,1
5.4856,0.4331,0.2887,0.5,0.3173,1,0.0,0.2887,0.5774,1.7944,0.1794,0.6281,0.75,0.2946,0.0,0.2727,0.5383,0.7178,1.0936,0.0,0.0,0.0,0.4099,0.0,,0.0,0.0,0,JkTKieGgXWmBhg-LvN7Hr6nwgzDrVjJ7SdtAUW7pVUCzJ8fxwHTfp51wtblm69xaVdrKoirIbwqH4g,BR1_3277040227,16.17,13.855,11.145,0.914,0
7.2139,0.526,0.3006,0.3333,0.2614,0,0.0,0.2254,0.6763,4.0888,0.2405,0.3608,0.5833,0.2947,0.0,0.25,0.8418,1.4431,5.4678,0.405,0.1013,0.5238,0.2175,0.0,0.1429,1.1138,2.1263,0,bivQwwVYQc3-H4cfJf0JJURKz7Jhrnr4gtnYojDNYOElzttZ2EHn1uxkFJwakeDfkKzkvqngCpvYxA,BR1_3277005753,16.17,13.308,8.315,9.876,1
8.2143,0.0714,0.0,0.2632,0.1512,1,0.0,0.3571,1.3571,10.0,0.1818,0.0909,0.5,0.2366,0.0,0.1818,0.3636,0.7273,8.9268,0.279,0.4184,0.4286,0.182,0.0,0.2727,0.4184,0.9764,0,7b5HmL5OAEoiGHcnyoOzfhhcFT1sF_ZonaWGl2xD5ghNum515b-NzyRQwZRrstIc6pD7cog_YmbCGA,BR1_3277205507,16.17,14.0,11.0,7.169,0
5.5734,0.0,0.0,0.0,0.2495,0,,0.0,0.5394,,,,,,,,,,,,,,,,,,,0,7b5HmL5OAEoiGHcnyoOzfhhcFT1sF_ZonaWGl2xD5ghNum515b-NzyRQwZRrstIc6pD7cog_YmbCGA,BR1_3277200380,16.17,5.562,0.0,0.0,1
7.9286,0.2857,0.0,0.2308,0.1006,1,0.0,0.2143,0.9286,7.0,0.1818,0.2727,0.3333,0.2185,0.0,0.1,0.1818,0.5455,8.5529,0.1859,0.5578,0.4,0.289,0.0,0.3333,0.3719,0.9297,0,7b5HmL5OAEoiGHcnyoOzfhhcFT1sF_ZonaWGl2xD5ghNum515b-NzyRQwZRrstIc6pD7cog_YmbCGA,BR1_3277178851,16.17,14.0,11.0,5.378,0
7.0714,0.0714,0.1429,0.0833,0.2138,1,0.0,0.0714,0.8571,10.2589,0.27,0.27,0.5,0.2328,0.0,0.0,1.0799,2.1598,,,,,,,,,,0,7b5HmL5OAEoiGHcnyoOzfhhcFT1sF_ZonaWGl2xD5ghNum515b-NzyRQwZRrstIc6pD7cog_YmbCGA,BR1_3277170363,16.17,14.0,3.704,0.0,1
5.9967,0.1499,0.1499,0.4,0.2052,2,0.0,0.2998,0.7496,6.7401,0.3643,0.2732,0.4167,0.2325,3.0,0.25,0.4554,1.093,8.2297,0.1776,0.1184,0.619,0.182,2.0,0.0,0.7697,1.2433,0,FxiVFt2YVfxEs_OGjA_daSOzHcPW9x_vyQF7Xa9FX_4zMUMvwXiVRCkplSC6ku3U1mg9O2YlfZSzig,BR1_3277348842,16.17,13.341,10.979,16.89,0
6.5714,0.1429,0.2857,0.3571,0.1973,0,0.0,0.3571,1.0,5.7273,0.4545,0.2727,0.2667,0.1956,0.0,0.3333,0.3636,1.3636,9.002,0.8062,0.1344,0.3529,0.163,0.0,0.3,0.8062,2.2841,0,FxiVFt2YVfxEs_OGjA_daSOzHcPW9x_vyQF7Xa9FX_4zMUMvwXiVRCkplSC6ku3U1mg9O2YlfZSzig,BR1_3277340097,16.17,14.0,11.0,7.443,1
4.7143,0.2143,0.2143,0.3571,0.2845,2,0.0,0.3571,1.0,7.3636,0.4545,0.2727,0.4,0.2912,2.0,0.2222,0.7273,1.8182,2.1271,0.3273,0.3273,0.4706,0.3534,2.0,0.0,1.309,2.7816,0,FxiVFt2YVfxEs_OGjA_daSOzHcPW9x_vyQF7Xa9FX_4zMUMvwXiVRCkplSC6ku3U1mg9O2YlfZSzig,BR1_3277311527,16.17,14.0,11.0,6.111,1
4.4286,0.0714,0.2143,0.2,0.1778,0,0.5,0.2143,1.0714,5.7791,0.379,0.4737,0.5,0.2097,0.0,0.2222,0.7579,1.5158,1.6316,0.0,0.4079,0.3333,0.1703,0.0,0.2,0.2719,0.8158,0,F_avSyipPLYOrftBft0P2Rn5TUDOhYzdldjlEd1Ys39R8D0kCPqwj4tC3EjE2IQpzeVdKZPwofW5lw,BR1_3277318448,16.17,14.0,10.555,7.355,0
5.6162,0.3955,0.2373,0.3636,0.3667,2,0.0,0.3164,0.8701,8.7392,0.4046,0.0809,0.5333,0.3085,0.0,0.2727,0.6474,1.2138,4.6607,0.3107,0.1554,0.6667,0.2652,1.0,0.3,1.2429,1.8643,0,wMVa59v_BYZcl_HRWsfZivGUoVixITPbWew7ijkZ8KZwJtpR3kScvjRuCld0URNrsyLu_8fiyGRcUg,BR1_3277277989,16.17,12.642,12.358,6.437,1
7.2857,0.3571,0.0,0.2222,0.1447,2,0.25,0.1429,0.6429,6.1825,0.4313,0.0,0.25,0.2009,0.0,0.1429,0.2876,1.1502,4.4378,0.4637,0.2649,0.5455,0.13,0.0,0.2,0.3974,0.7286,0,41s4ueGciOStAyix5hZvU0OJBtFWCIHAsnnIgQIPrJHg08F4nH0xeqhlQB68TaFBQgYNYFWxfbypxA,BR1_3277275676,16.17,14.0,6.955,15.097,0
7.5395,0.6588,0.2928,0.4167,0.2206,0,0.0,0.366,0.8784,7.7611,0.5292,0.1764,0.6667,0.2316,0.0,0.3333,0.5292,0.7937,10.2032,0.6583,0.3291,0.4615,0.1888,1.0,0.0,0.6583,1.4263,0,41s4ueGciOStAyix5hZvU0OJBtFWCIHAsnnIgQIPrJHg08F4nH0xeqhlQB68TaFBQgYNYFWxfbypxA,BR1_3277086021,16.17,13.661,11.339,9.115,1
5.9449,0.3625,0.0725,0.4286,0.2236,0,0.0,0.435,1.015,4.9971,0.6246,0.1785,0.7778,0.493,2.0,0.2727,1.2493,1.6062,7.437,0.3099,0.3099,0.7,0.2903,1.0,0.375,2.1691,3.0987,0,41s4ueGciOStAyix5hZvU0OJBtFWCIHAsnnIgQIPrJHg08F4nH0xeqhlQB68TaFBQgYNYFWxfbypxA,BR1_3277069258,16.17,13.793,11.207,3.227,1
6.244,0.363,0.2178,0.1,0.0629,0,0.0,0.1452,1.4521,6.3216,0.4078,0.3059,0.5,0.1329,1.0,0.0,0.6118,1.2235,3.7345,0.3112,0.4149,0.7143,0.1552,0.0,0.1429,1.0374,1.4523,0,41s4ueGciOStAyix5hZvU0OJBtFWCIHAsnnIgQIPrJHg08F4nH0xeqhlQB68TaFBQgYNYFWxfbypxA,BR1_3277049415,16.17,13.773,9.808,9.64,0
6.1358,0.2922,0.1461,0.3889,0.1591,0,0.25,0.5113,1.3148,5.0521,0.421,0.2105,0.4667,0.1507,1.0,0.1667,0.7368,1.5788,6.6525,0.0,0.3168,0.0909,0.1036,0.0,0.2727,0.3168,3.4846,0,vT-0k2kJtcq9wTANBtXL3pIpBMZ7Yb8yJJ1gMkZO_o_ucy0484J6_GY4wjT5VFjHmxxGzKb9zyK6vg,BR1_3251996411,16.12,13.69,9.501,3.157,1
6.6611,0.3135,0.0784,0.3,0.2526,1,0.0,0.2351,0.7837,8.007,0.3268,0.2451,0.4444,0.2126,1.0,0.1111,0.3268,0.7353,6.3256,0.5561,0.139,0.7895,0.2824,1.0,0.0769,1.0427,1.3207,0,4Y-2yr7icIGUMtGzyxzzjOsaMlfVsSS7JC3oXvW1gEzIpNfOfsFclY4Ow_LYQt7p6LGAa4BHfGZuQA,BR1_3276687003,16.17,12.761,12.239,14.386,0
8.2165,0.3388,0.0847,0.2632,0.1943,2,0.0,0.4235,1.6094,6.4421,0.3789,0.2274,0.1923,0.1892,3.0,0.2,0.3789,1.9705,8.138,0.5813,0.0,0.25,0.1802,1.0,0.3333,0.5813,2.3252,1,4Y-2yr7icIGUMtGzyxzzjOsaMlfVsSS7JC3oXvW1gEzIpNfOfsFclY4Ow_LYQt7p6LGAa4BHfGZuQA,BR1_3276395634,16.17,11.805,13.195,3.441,1
7.2916,0.0801,0.2404,0.6471,0.3854,4,0.0,0.8814,1.3622,9.9326,0.0,0.2684,0.5,0.564,6.0,0.2,1.6107,3.2214,,,,,,,,,,0,rCixHu7Uq8TkzoOfdI2ATiOagIZAGI-wFIeT1vVT14C2TSY3mG5Z01VlsovcwYo4mBuWfUbM6kMxnQ,BR1_3277277300,16.17,12.48,3.725,0.0,1
6.3571,0.0,0.2143,0.25,0.2343,0,0.0,0.1429,0.5714,4.4545,0.0909,0.2727,0.7,0.343,2.0,0.125,1.2727,1.8182,7.4875,0.3328,0.0,0.5,0.3123,0.0,0.3333,1.1647,2.3295,0,rCixHu7Uq8TkzoOfdI2ATiOagIZAGI-wFIeT1vVT14C2TSY3mG5Z01VlsovcwYo4mBuWfUbM6kMxnQ,BR1_3277268768,16.17,14.0,11.0,6.01,1
8.555,0.2673,0.0,0.5,0.237,1,0.0,0.1782,0.3565,7.04,0.2177,0.4355,0.6923,0.4926,3.0,0.0667,0.6532,0.9435,18.2291,0.6286,0.6286,0.0,0.7974,0.0,0.25,0.0,0.0,0,74eH0uSIkR8-Q_-NNo4nCgIxBbNH56ji45x8oHHLU4r8LDrxeZ2tUX3rUpk7yR2T_N9Qdm_WkU8USw,BR1_3277297427,16.17,11.222,13.778,1.591,0
8.9946,0.1635,0.0,0.0,0.1139,0,0.0,0.0,0.9812,9.2695,0.2234,0.1117,0.4375,0.219,3.0,0.1667,0.7818,1.7869,6.8087,0.0,0.3492,0.6429,0.3386,1.0,0.3846,1.5712,2.4441,0,74eH0uSIkR8-Q_-NNo4nCgIxBbNH56ji45x8oHHLU4r8LDrxeZ2tUX3rUpk7yR2T_N9Qdm_WkU8USw,BR1_3273658801,16.16,12.23,8.954,5.728,1
5.8571,0.2143,0.2143,0.1818,0.0828,0,0.25,0.1429,0.7857,6.8182,0.1818,0.3636,0.5455,0.3268,0.0,0.2,0.5455,1.0,4.9565,0.0,0.4506,0.7,0.1782,0.0,0.2222,1.0514,1.502,0,74eH0uSIkR8-Q_-NNo4nCgIxBbNH56ji45x8oHHLU4r8LDrxeZ2tUX3rUpk7yR2T_N9Qdm_WkU8USw,BR1_3273637030,16.16,14.0,11.0,6.658,0
6.9286,0.2857,0.2143,0.3636,0.2516,0,0.0,0.2857,0.7857,9.3996,0.3798,0.1899,0.3846,0.2253,1.0,0.2222,0.4747,1.2343,7.5267,0.0,0.193,0.3333,0.269,1.0,0.0,0.386,1.158,0,zOwVqmVmKGi18AYi2_eMW7m4UEKIUQADcQrWTEtpjEa4o_9FiAtmjIOGGXT3VAnvK7PW93eRWDm9Rg,BR1_3271072535,16.15,14.0,10.532,10.363,0
8.6587,0.3038,0.0,0.2727,0.2338,2,0.0,0.2279,0.8355,6.7998,0.425,0.2125,0.5,0.384,2.0,0.0,0.5312,1.0625,7.5227,0.5908,0.1969,0.5,0.2326,2.0,0.1333,0.6696,1.3391,0,9tkktTe_AKGY8GDHL5GXUHAoNR-mjNozbWuDa2MbepQTAOfpbxc9TQGVQOLf-qBH_jhBwmxqlkXH_A,BR1_3277324190,16.17,13.166,9.412,25.39,0
9.2143,0.2857,0.0714,0.2667,0.1165,0,0.0,0.2857,1.0714,10.6658,0.6037,0.2012,0.3333,0.177,0.0,0.1818,0.4025,1.2074,9.0663,0.5181,0.1943,0.5833,0.2731,0.0,0.1333,0.4533,0.7771,0,9tkktTe_AKGY8GDHL5GXUHAoNR-mjNozbWuDa2MbepQTAOfpbxc9TQGVQOLf-qBH_jhBwmxqlkXH_A,BR1_3277309592,16.17,14.0,9.938,15.442,0
7.7857,0.3571,0.2143,0.0,0.2352,0,0.0,0.0,0.5,6.7737,0.1992,0.3985,0.2857,0.1923,0.0,0.25,0.3985,1.3946,10.2733,0.2389,0.2389,0.4167,0.2216,3.0,0.1538,0.5973,1.4335,0,9tkktTe_AKGY8GDHL5GXUHAoNR-mjNozbWuDa2MbepQTAOfpbxc9TQGVQOLf-qBH_jhBwmxqlkXH_A,BR1_3277302201,16.17,14.0,10.039,8.371,0
6.9811,0.3405,0.2554,0.0,0.1789,0,0.0,0.0,0.5959,7.6203,0.5281,0.2263,0.4545,0.2946,2.0,0.0909,0.3772,0.8299,8.9675,0.3203,0.3203,0.5,0.2456,0.0,0.25,0.3203,0.6405,0,9tkktTe_AKGY8GDHL5GXUHAoNR-mjNozbWuDa2MbepQTAOfpbxc9TQGVQOLf-qBH_jhBwmxqlkXH_A,BR1_3277288768,16.17,11.746,13.254,3.122,0
7.6891,0.3107,0.0777,0.25,0.1182,0,0.0,0.1553,0.6213,8.0003,0.4949,0.0825,0.3529,0.1966,0.0,0.1111,0.4949,1.4021,13.2945,0.3283,0.0,0.4545,0.2867,1.0,0.1538,0.8206,1.8054,0,9tkktTe_AKGY8GDHL5GXUHAoNR-mjNozbWuDa2MbepQTAOfpbxc9TQGVQOLf-qBH_jhBwmxqlkXH_A,BR1_3277285578,16.17,12.875,12.125,6.093,1
8.0742,0.3198,0.0799,0.125,0.2252,0,0.25,0.0799,0.6395,6.965,0.3202,0.3202,0.5455,0.3231,1.0,0.0,0.4803,0.8806,4.7973,0.1262,0.505,0.625,0.2179,1.0,0.0769,0.6312,1.01,0,X9CmNdtRnHg_Ait4B6S8wImoV_bpPSMAqdgFybEuwFBY3A4S3b0KmGlizgnGrZMj1opcm1sfQP9XZg,BR1_3277272186,16.17,12.509,12.491,7.921,0
5.5,0.2857,0.2857,0.6,0.2589,0,0.0,0.2143,0.3571,4.0,0.0909,0.6364,0.5333,0.2094,0.0,0.0909,0.7273,1.3636,7.5333,0.2036,0.4072,0.5,0.1173,0.0,0.125,0.6108,1.2216,0,X9CmNdtRnHg_Ait4B6S8wImoV_bpPSMAqdgFybEuwFBY3A4S3b0KmGlizgnGrZMj1opcm1sfQP9XZg,BR1_3277027643,16.17,14.0,11.0,4.912,0
6.5845,0.2533,0.0844,0.1818,0.2302,1,0.0,0.1688,0.9286,5.7777,0.3041,0.2281,0.6667,0.2654,1.0,0.0833,0.4561,0.6842,10.5598,0.32,0.32,0.0,0.2067,0.0,0.0,0.0,0.0,0,FgfUmqw_d2_sBZOmpiH5iVSsMB_L7qT30ZmwpaiEDOY3px_dkMwMvYRn5v6aopwa204kDKScVSc2KA,BR1_3277321063,16.17,11.846,13.154,3.125,0
6.981,0.2554,0.0,0.4444,0.2592,1,0.0,0.3405,0.7662,8.375,0.3773,0.1509,0.4545,0.2882,0.0,0.0769,0.3773,0.83,3.6537,0.4567,0.0507,0.5455,0.2924,0.0,0.1667,0.3045,0.5582,0,FgfUmqw_d2_sBZOmpiH5iVSsMB_L7qT30ZmwpaiEDOY3px_dkMwMvYRn5v6aopwa204kDKScVSc2KA,BR1_3277247976,16.17,11.746,13.254,19.706,0
7.1429,0.3571,0.0714,0.25,0.0964,0,0.0,0.2857,1.1429,4.0,0.2727,0.3636,0.7778,0.228,0.0,0.0833,1.2727,1.6364,7.6495,0.4967,0.4967,0.5,0.1554,0.0,0.0,0.6954,1.3908,0,FgfUmqw_d2_sBZOmpiH5iVSsMB_L7qT30ZmwpaiEDOY3px_dkMwMvYRn5v6aopwa204kDKScVSc2KA,BR1_3277236010,16.17,14.0,11.0,10.066,0
4.976,0.3263,0.0816,0.3684,0.2821,0,0.6667,0.571,1.5499,5.4155,0.4709,0.4709,0.3333,0.165,0.0,0.2727,0.3139,0.9418,5.6208,0.4784,0.2392,0.4286,0.1164,0.0,0.1667,1.0763,2.5114,0,FgfUmqw_d2_sBZOmpiH5iVSsMB_L7qT30ZmwpaiEDOY3px_dkMwMvYRn5v6aopwa204kDKScVSc2KA,BR1_3277217255,16.17,12.259,12.741,8.362,1
6.4652,0.1959,0.1959,0.5,0.1853,1,0.0,0.2939,0.5877,4.7324,0.4056,0.2704,0.7143,0.3048,1.0,0.1667,0.6761,0.9465,4.8207,0.5562,0.7416,0.3333,0.1901,0.0,0.125,0.3708,1.1125,0,6Nh1vM2G7RkwkyaQw9OFKe4VOpX9nC_cOOUKmmYZLsxik4sozyn0wGcveA5VXGhaC3yn2RgToLwS3A,BR1_3277236189,16.17,10.208,14.792,5.393,0
4.5975,0.3015,0.2261,0.5,0.2032,0,0.0,0.3768,0.7537,4.688,0.4262,0.2557,0.4167,0.2082,2.0,0.1667,0.4262,1.0228,7.0696,0.6427,0.5142,0.5714,0.2723,3.0,0.0,0.5142,0.8998,0,6Nh1vM2G7RkwkyaQw9OFKe4VOpX9nC_cOOUKmmYZLsxik4sozyn0wGcveA5VXGhaC3yn2RgToLwS3A,BR1_3276912152,16.17,13.268,11.732,7.78,0
7.5917,0.3659,0.0,0.0,0.0591,0,0.0,0.0,0.9147,8.3173,0.2844,0.1422,0.3333,0.1812,1.0,0.1333,0.4265,1.2796,21.1752,0.0,0.0,0.0,0.1345,0.0,,0.0,0.0,0,qVYi7Vega5bRqs-cvlH53M3z7FXR_Gtqr8ZKUIXq79S4S5FUFJlrXJQpaEX1sVS0Ei5YkmPFAwYW_g,BR1_3277256595,16.17,10.933,14.067,0.378,1
7.6429,0.2857,0.0,0.4286,0.3047,1,0.2,0.4286,1.0,10.8182,0.4545,0.1818,0.3636,0.2818,1.0,0.0,0.3636,1.0,10.0286,0.354,0.118,0.5,0.3073,1.0,0.0,0.4719,0.9439,1,UJN4CWLOtKD_W496CsN_GkvnsULN3U9gxNP6Ebzf0wNEEM8V9Ej9QP6IEXfV2J33TJN2ntzvGhKRVQ,BR1_3277028212,16.17,14.0,11.0,8.476,0
4.5134,0.2555,0.1703,0.2727,0.1963,1,0.0,0.2555,0.9367,3.4698,0.1509,0.3772,0.2857,0.1928,1.0,0.0,0.3017,1.056,2.3534,0.0784,0.3138,0.5,0.2422,0.0,0.15,0.5491,1.0983,0,xv7bdT-K9Hh-Jj-AQgtECpna5TAISxPofoykguFpi0rWyzG3poon1xtKNrOML08hg_Bg6Z9sWueY4g,BR1_3277334239,16.17,11.743,13.257,12.747,0
4.7085,0.2354,0.157,0.1818,0.1226,0,0.0,0.157,0.8632,6.3636,0.0816,0.3263,0.4444,0.1881,1.0,0.1667,0.3263,0.7343,4.1572,0.0,0.3615,0.3333,0.1811,0.0,0.2,0.3615,1.0845,0,xv7bdT-K9Hh-Jj-AQgtECpna5TAISxPofoykguFpi0rWyzG3poon1xtKNrOML08hg_Bg6Z9sWueY4g,BR1_3277256408,16.17,12.743,12.257,5.533,0
5.0,0.2143,0.2857,0.0,0.1028,0,0.0,0.0,0.6429,5.0111,0.3855,0.3855,1.0,0.1905,0.0,0.0,1.1564,1.1564,,,,,,,,,,0,xv7bdT-K9Hh-Jj-AQgtECpna5TAISxPofoykguFpi0rWyzG3poon1xtKNrOML08hg_Bg6Z9sWueY4g,BR1_3277251912,16.17,14.0,2.594,0.0,0
6.4286,0.2857,0.2143,0.4167,0.2347,2,0.0,0.3571,0.8571,6.5143,0.0,0.0,0.0,0.2943,0.0,0.0,0.0,0.0,,,,,,,,,,0,xv7bdT-K9Hh-Jj-AQgtECpna5TAISxPofoykguFpi0rWyzG3poon1xtKNrOML08hg_Bg6Z9sWueY4g,BR1_3276889635,16.17,14.0,1.689,0.0,0
6.6429,0.3571,0.0,0.3,0.1537,1,0.4,0.2143,0.7143,5.2727,0.0909,0.2727,0.4545,0.3272,2.0,0.1111,0.4545,1.0,5.034,0.0,0.19,0.375,0.2134,0.0,0.5,0.5699,1.5197,0,At5Eu4f6UjDm9P9V-ZiDvuvO3TV2GPHf5MpNpzzoRH0eSHnUA7exYSvXezDx3XGsyuzSHjsckv94-A,BR1_3276892573,16.17,14.0,11.0,10.528,1
7.958,0.2364,0.1576,0.4444,0.3566,2,0.0,0.3152,0.7091,7.6371,0.4875,0.2437,0.619,0.3167,1.0,0.3077,1.0562,1.7062,6.3325,0.0,0.7036,0.4,0.2266,0.0,,1.4072,3.5181,0,At5Eu4f6UjDm9P9V-ZiDvuvO3TV2GPHf5MpNpzzoRH0eSHnUA7exYSvXezDx3XGsyuzSHjsckv94-A,BR1_3276855876,16.17,12.692,12.308,1.421,1
7.5488,0.3212,0.0803,0.5,0.1853,1,0.25,0.1606,0.3212,7.1552,0.477,0.2385,0.75,0.411,3.0,0.2,0.7155,0.954,7.6926,0.4181,0.5017,0.5,0.276,0.0,0.2353,0.2508,0.5017,0,At5Eu4f6UjDm9P9V-ZiDvuvO3TV2GPHf5MpNpzzoRH0eSHnUA7exYSvXezDx3XGsyuzSHjsckv94-A,BR1_3276838756,16.17,12.452,8.386,11.96,0
5.5,0.8571,0.2857,0.25,0.2188,1,0.0,0.2143,0.8571,7.1818,2.6364,0.3636,0.2667,0.1129,0.0,0.0,0.3636,1.3636,4.8504,1.2677,0.2756,0.4444,0.2352,1.0,0.087,0.6614,1.4882,0,zRMJrb8kpPs81wo3TpCgZa8JUT6dbfp6_z-J_hWe-M-HzX5VPimmDhVjm4rwGdgUVns_FKjqV4Yg6A,BR1_3276805329,16.17,14.0,11.0,18.143,1
5.0361,0.9443,0.2361,0.3333,0.1681,2,0.0,0.3934,1.1803,7.7288,2.3593,0.0814,0.5455,0.2599,9.0,0.0833,0.9763,1.7898,5.7417,2.1649,0.2824,0.8462,0.407,2.0,0.2727,1.0354,1.2237,0,zRMJrb8kpPs81wo3TpCgZa8JUT6dbfp6_z-J_hWe-M-HzX5VPimmDhVjm4rwGdgUVns_FKjqV4Yg6A,BR1_3276516632,16.17,12.708,12.292,10.624,0
6.9286,0.4286,0.1429,0.4167,0.2571,3,0.0,0.3571,0.8571,6.9343,2.4417,0.0977,0.2727,0.2122,1.0,0.125,0.293,1.0743,3.0098,0.0,0.0,0.3333,0.3453,1.0,0.3333,0.5016,1.5049,0,zRMJrb8kpPs81wo3TpCgZa8JUT6dbfp6_z-J_hWe-M-HzX5VPimmDhVjm4rwGdgUVns_FKjqV4Yg6A,BR1_3276406637,16.17,14.0,10.239,1.994,1
7.0595,0.5257,0.1502,0.1,0.2556,1,0.0,0.0751,0.751,3.6861,2.1195,0.4608,0.4615,0.2825,2.0,0.1,0.5529,1.198,8.1817,2.9425,0.1435,0.0833,0.0963,0.0,0.0,0.0718,0.8612,0,zRMJrb8kpPs81wo3TpCgZa8JUT6dbfp6_z-J_hWe-M-HzX5VPimmDhVjm4rwGdgUVns_FKjqV4Yg6A,BR1_3276173207,16.16,13.315,10.852,13.934,0
5.4589,0.3119,0.3899,0.0909,0.0948,0,0.25,0.078,0.8578,6.5356,0.4244,0.3395,0.2857,0.1754,0.0,0.1667,0.3395,1.1883,,,,,,,,,,0,u-N9bsRCous_VspU0KnGYLl9W6tp7aU-cjSBokYEYIjafuI9Tr283FevwobS5AFGlO3DDT3rGb-_hA,BR1_3277129688,16.17,12.823,11.782,0.0,0
5.8571,0.5,0.0714,0.75,0.2756,2,0.0,0.4286,0.5714,5.7273,0.5455,0.2727,0.4,0.19,0.0,0.1,0.5455,1.3636,6.5497,0.7485,0.2807,0.3043,0.1707,2.0,0.1429,0.655,2.152,1,u-N9bsRCous_VspU0KnGYLl9W6tp7aU-cjSBokYEYIjafuI9Tr283FevwobS5AFGlO3DDT3rGb-_hA,BR1_3277113048,16.17,14.0,11.0,10.688,1
6.3571,0.4286,0.1429,0.0,0.1587,0,0.0,0.0,0.3571,6.4545,0.5455,0.1818,0.375,0.2026,0.0,0.0909,0.2727,0.7273,4.2367,0.4035,0.6052,0.25,0.1231,0.0,0.125,0.2017,0.807,0,fhm4tg8A3Ij_7ev8rZTlJBcS0k7WL_LgtbwBntnOE-zfGOppP8TTPlqyl7IfcbrE719CstiTe-4rRw,BR1_3276809291,16.17,14.0,11.0,4.957,0
5.0,0.5,0.1429,0.5,0.3022,2,0.0,0.3571,0.7143,6.9091,0.6364,0.4545,0.625,0.2277,0.0,0.0,0.9091,1.4545,5.2137,0.6174,0.2058,0.5652,0.4127,1.0,0.1429,0.8918,1.5778,0,fhm4tg8A3Ij_7ev8rZTlJBcS0k7WL_LgtbwBntnOE-zfGOppP8TTPlqyl7IfcbrE719CstiTe-4rRw,BR1_3276681841,16.17,14.0,11.0,14.577,1
6.0,0.5,0.2143,0.3333,0.34,2,0.2,0.3571,1.0714,6.1818,0.5455,0.0909,0.5,0.2929,1.0,0.2143,1.1818,2.3636,3.6184,0.0,0.2412,0.6,0.3821,0.0,0.0,0.7237,1.2061,0,fhm4tg8A3Ij_7ev8rZTlJBcS0k7WL_LgtbwBntnOE-zfGOppP8TTPlqyl7IfcbrE719CstiTe-4rRw,BR1_3276465181,16.17,14.0,11.0,4.145,1
5.9286,0.4286,0.2857,0.2857,0.2329,1,0.0,0.2857,1.0,6.6364,0.3636,0.2727,0.7,0.181,0.0,0.0909,0.6364,0.9091,4.6309,0.4341,0.1447,0.4545,0.0894,0.0,0.1,0.7236,1.5919,0,O7bCsNHcgOrK_cX2fK2lojpRMZZRwYuFymarQF4nFrqra4faz7hKtDPu7at3s7eKW0rEDi-PUOGqHg,BR1_3277353431,16.17,14.0,11.0,6.91,1
6.0966,0.3252,0.2439,0.2143,0.1908,2,0.0,0.2439,1.138,4.4101,0.3938,0.315,0.2632,0.1589,0.0,0.25,0.3938,1.4963,5.5224,0.4418,0.4418,0.4167,0.2315,1.0,0.1,1.1045,2.6508,1,O7bCsNHcgOrK_cX2fK2lojpRMZZRwYuFymarQF4nFrqra4faz7hKtDPu7at3s7eKW0rEDi-PUOGqHg,BR1_3277234997,16.17,12.302,12.698,4.527,1
5.1429,0.3571,0.1429,0.375,0.2946,2,0.0,0.2143,0.5714,4.0,0.4545,0.4545,0.7333,0.3678,1.0,0.2727,1.0,1.3636,5.9832,0.3149,0.0,0.6,0.3057,0.0,0.4286,0.9447,1.5745,0,O7bCsNHcgOrK_cX2fK2lojpRMZZRwYuFymarQF4nFrqra4faz7hKtDPu7at3s7eKW0rEDi-PUOGqHg,BR1_3277220773,16.17,14.0,11.0,3.176,1
4.9286,0.2143,0.1429,0.1818,0.152,0,0.0,0.1429,0.7857,6.79,0.4715,0.3772,0.4444,0.2346,1.0,0.0,0.3772,0.8488,6.3176,0.2297,0.2297,0.75,0.3391,0.0,0.5385,0.6892,0.9189,0,Jo-3FWNUzQKIUAlIwf9cA3h-viJiBzN7THoM-3D6NGeTFxyuiIVd2D9nRouCMZl0yE43V2R_QdUz2A,BR1_3277136305,16.17,14.0,10.604,8.706,0
5.6429,0.1429,0.2143,0.9,0.3254,4,0.0,0.6429,0.7143,6.5455,0.2727,0.0,0.6111,0.4393,4.0,0.0,1.0,1.6364,6.0659,0.0905,0.1811,0.5263,0.3122,2.0,0.0,0.9054,1.7202,0,Jo-3FWNUzQKIUAlIwf9cA3h-viJiBzN7THoM-3D6NGeTFxyuiIVd2D9nRouCMZl0yE43V2R_QdUz2A,BR1_3277087492,16.17,14.0,11.0,11.045,1
5.8528,0.3164,0.0791,0.0,0.1419,0,0.0,0.0,0.1582,7.5799,0.2842,0.1895,0.2,0.2189,1.0,0.0,0.0947,0.4737,,,,,,,,,,0,YYvxbZOuwZLlmhBoOprZbM0d4gAko2yYuez3TYQu8Jdk8wptv-Gz1t081_bSm4pXxhNF7AqEjcIjUw,BR1_3277195078,16.17,12.643,10.554,0.0,0
5.7857,0.3571,0.2857,0.3077,0.2214,1,0.25,0.2857,0.9286,8.7368,0.2774,0.1387,0.1429,0.1635,1.0,0.1,0.2774,1.9415,,,,,,,,,,0,YYvxbZOuwZLlmhBoOprZbM0d4gAko2yYuez3TYQu8Jdk8wptv-Gz1t081_bSm4pXxhNF7AqEjcIjUw,BR1_3277179437,16.17,14.0,7.211,0.0,1
5.3571,0.3571,0.1429,0.5,0.4258,2,0.8,0.3571,0.7143,9.1782,0.3991,0.1995,0.6667,0.3549,0.0,0.1818,0.7981,1.1972,7.5287,0.5791,0.3159,0.4091,0.2214,1.0,0.1905,0.4738,1.1583,0,YYvxbZOuwZLlmhBoOprZbM0d4gAko2yYuez3TYQu8Jdk8wptv-Gz1t081_bSm4pXxhNF7AqEjcIjUw,BR1_3277120509,16.17,14.0,10.024,18.994,1
4.4286,0.3571,0.2143,0.5,0.2792,0,0.0,0.1429,0.2857,11.7171,0.7811,0.0,0.0,0.0909,0.0,0.0,0.0,0.7811,,,,,,,,,,0,YYvxbZOuwZLlmhBoOprZbM0d4gAko2yYuez3TYQu8Jdk8wptv-Gz1t081_bSm4pXxhNF7AqEjcIjUw,BR1_3277106856,16.17,14.0,1.28,0.0,0
6.6429,0.3571,0.0,0.25,0.2639,2,0.0,0.1429,0.5714,8.4545,0.3636,0.0,0.1429,0.1543,0.0,0.1111,0.0909,0.6364,6.7304,0.2148,0.1432,0.4286,0.1983,0.0,0.0714,0.4296,1.0024,0,YYvxbZOuwZLlmhBoOprZbM0d4gAko2yYuez3TYQu8Jdk8wptv-Gz1t081_bSm4pXxhNF7AqEjcIjUw,BR1_3277089455,16.17,14.0,11.0,13.966,1
5.1429,0.3571,0.1429,0.0714,0.1907,0,0.2,0.0714,1.0,5.0909,0.5455,0.3636,0.1667,0.2189,0.0,0.2,0.1818,1.0909,3.4865,0.5085,0.2905,0.1923,0.128,0.0,0.0714,0.3632,1.8885,0,EHimvrJkquYI5GhofMt_zw0ciSE_fsSbL6w-5n7bIR3WD7MY04_Cw1M64_HSC-iuIOzxXLlktmzE9Q,BR1_3277339689,16.17,14.0,11.0,13.767,1
6.7143,0.3571,0.1429,0.6,0.21,1,0.0,0.2143,0.3571,5.9242,0.4335,0.1445,0.0,0.2824,0.0,0.0,0.0,0.0,,,,,,,,,,1,EHimvrJkquYI5GhofMt_zw0ciSE_fsSbL6w-5n7bIR3WD7MY04_Cw1M64_HSC-iuIOzxXLlktmzE9Q,BR1_3277066364,16.17,14.0,6.921,0.0,0
6.062,0.4041,0.0808,0.25,0.1321,0,0.0,0.2425,0.9699,5.4313,0.5342,0.3562,0.5417,0.2492,1.0,0.1,1.1575,2.1369,4.729,0.9874,0.2079,0.4483,0.1556,2.0,0.1,0.6756,1.507,0,EHimvrJkquYI5GhofMt_zw0ciSE_fsSbL6w-5n7bIR3WD7MY04_Cw1M64_HSC-iuIOzxXLlktmzE9Q,BR1_3277028092,16.17,12.372,11.231,19.243,1
7.8851,0.3755,0.0751,0.0833,0.2183,1,0.0,0.0751,0.9012,5.9056,0.4279,0.0856,0.1667,0.0892,2.0,0.0,0.2568,1.5406,3.2941,0.5068,0.0,0.5,0.2855,0.0,0.0,1.5204,3.0407,0,EHimvrJkquYI5GhofMt_zw0ciSE_fsSbL6w-5n7bIR3WD7MY04_Cw1M64_HSC-iuIOzxXLlktmzE9Q,BR1_3277013789,16.17,13.316,11.684,3.946,1
7.295,0.3354,0.2516,0.3333,0.1967,1,0.0,0.1677,0.5031,4.8952,0.4589,0.153,0.45,0.2,0.0,0.1,0.6884,1.5297,4.0997,0.8696,0.1242,0.5625,0.1909,0.0,0.1,1.1181,1.9877,0,KY2CUDOv6p5MzD21g8vvlPzgGvjjh7v0W6jAkfIsaJdesMJ8I9GzQiP8_jsFHCbohUCL--FOppatUw,BR1_3276999922,16.17,11.926,13.074,8.049,1
3.9286,0.4286,0.2143,0.5,0.2206,2,0.0,0.4286,0.8571,6.3636,0.6364,0.2727,0.3529,0.1772,1.0,0.2,0.5455,1.5455,5.5467,0.8441,0.4823,0.4,0.1753,1.0,0.0769,0.7235,1.8087,0,864GkKXowSDw3lFYntZ3wgWXk8F7FdgTqqeP0iwzKQW3H-9h5KENumb0bjZvoEWcv94iuTX1NJt0GQ,BR1_3277282022,16.17,14.0,11.0,8.293,1
5.5,0.0714,0.2857,0.3846,0.1985,1,0.0,0.3571,0.9286,7.1818,0.4545,0.3636,0.4667,0.2657,1.0,0.0,0.6364,1.3636,5.0458,0.4672,0.3738,0.4444,0.2437,0.0,0.1176,0.3738,0.841,0,fKC2wQq2zk36jPWTjRCnWOYyn6vJtCE433Yp5abAMpnbO_40KvTVjXVWPQgC7LX4-jiD1_1jHgue0A,BR1_3277275800,16.17,14.0,11.0,10.702,0
7.5994,0.2651,0.0,0.4545,0.281,1,0.0,0.8837,1.944,7.2791,0.2348,0.2348,0.5556,0.3748,4.0,0.1667,1.1741,2.1133,,,,,,,,,,0,pYn1UWWXDmHsO_QLX7GkoNQQo7q475VAqwdkUr-Mbcb0pq6bvkC4-AARi_UeZWbVEA_PcqmiKluDuw,BR1_3276893279,16.17,11.317,4.259,0.0,1
7.072,0.2411,0.0,0.0625,0.1737,0,0.0,0.0804,1.2858,6.1859,0.1964,0.4909,0.3636,0.2668,3.0,0.3,0.3928,1.0801,4.6709,0.1752,0.4671,0.3103,0.2298,1.0,0.0526,0.5255,1.6932,0,pYn1UWWXDmHsO_QLX7GkoNQQo7q475VAqwdkUr-Mbcb0pq6bvkC4-AARi_UeZWbVEA_PcqmiKluDuw,BR1_3275908820,16.16,12.443,10.184,17.127,1
6.2744,0.3302,0.0,0.3333,0.108,0,0.0,0.3302,0.9907,5.758,0.6398,0.0,0.5556,0.1871,0.0,0.0,1.0663,1.9193,,,,,,,,,,0,rgTyl8Mz1mQ5m2_bg3uOtASGnBxX1b0K_b3q41L9-Qk3ZI3DR7Uw3VY-ReBBIqKqHWjdJTg8_Yid1w,BR1_3276915435,16.17,12.113,4.689,0.0,1
7.0414,0.7201,0.24,0.7,0.4548,2,0.0,0.5601,0.8002,12.0912,0.5374,0.0,0.625,0.3917,1.0,0.0,1.3435,2.1496,,,,,,,,,,1,e4UD-iC5Oa2mrtSezAeyQL5Lkmb9aMX--1OS9aImhsgGlk36sJycB004YCw8duOQfTEcWoCgiaXcHA,BR1_3276632286,16.17,12.498,3.722,0.0,1
6.1042,0.5409,0.3091,0.3333,0.3262,1,0.0,0.2318,0.6954,6.6688,0.7754,0.6204,0.1667,0.283,1.0,0.1667,0.1551,0.9305,,,,,,,,,,0,vl4HfAHBL83JTSq0FTwUo4fHRJSYrMBsg4rya7-X3uym-0ewD0LgkZidpvXJfoW2MQue1b23Xoj7Hw,BR1_3277337105,16.17,12.942,6.448,0.0,0
6.4578,0.4354,0.2902,0.6667,0.2587,0,0.0,0.2902,0.4354,8.7518,0.445,0.0,0.4,0.2647,1.0,0.4286,0.5933,1.4834,5.3614,0.5957,0.2979,0.4762,0.3049,0.0,0.2308,0.9929,2.085,0,vl4HfAHBL83JTSq0FTwUo4fHRJSYrMBsg4rya7-X3uym-0ewD0LgkZidpvXJfoW2MQue1b23Xoj7Hw,BR1_3276950537,16.17,13.782,6.741,10.072,1
8.6456,0.2275,0.0758,0.0,0.1093,0,0.0,0.0,0.455,8.4852,0.2737,0.1369,0.6667,0.2372,1.0,0.3333,0.2737,0.4106,,,,,,,,,,0,t5yNnEZG1TWLH38JEbwmy1uyIf55Z0VWKNHtFVJTcgmvWoP6qLoaxpMFrViJXt9ElpMdF0BTgxrXpA,BR1_3277266550,16.17,13.186,7.307,0.0,0
7.2801,0.3733,0.0933,0.3333,0.1978,0,0.0,0.0933,0.28,7.6833,0.1996,0.3991,0.375,0.2237,1.0,0.1667,0.2993,0.7983,,,,,,,,,,0,t5yNnEZG1TWLH38JEbwmy1uyIf55Z0VWKNHtFVJTcgmvWoP6qLoaxpMFrViJXt9ElpMdF0BTgxrXpA,BR1_3277264484,16.17,10.714,10.022,0.0,0
6.4096,0.2981,0.1491,0.3333,0.197,1,0.75,0.2236,0.6708,7.8566,0.3453,0.4317,0.0909,0.1229,2.0,0.0,0.1727,1.8994,6.5687,0.1642,0.3284,0.25,0.2154,2.0,0.1667,0.4927,1.9706,0,t5yNnEZG1TWLH38JEbwmy1uyIf55Z0VWKNHtFVJTcgmvWoP6qLoaxpMFrViJXt9ElpMdF0BTgxrXpA,BR1_3277266154,16.17,13.417,11.583,6.089,1
8.1054,0.2432,0.0811,0.3,0.1815,1,0.0,0.2432,0.8105,12.0533,0.1565,0.0,0.3077,0.169,0.0,0.2857,0.6261,2.035,,,,,,,,,,0,2W8LLMXkB3fyGXC-jbra-pfcTHsiuYI_YTaNKLHr9fyU3PKxe44V5KLAgAb6eRA7sWA0iVdVXxB5mw,BR1_3277303991,16.17,12.337,6.388,0.0,1
5.7143,0.2143,0.2143,0.1429,0.2058,1,0.2,0.1429,1.0,6.0764,0.4419,0.5524,0.5714,0.1728,0.0,0.125,0.4419,0.7734,0.0,0.0,0.0,0.0,,0.0,0.0,0.0,0.0,0,pVyh9pzMPmB09B8dW5-a1Egzf5lJRp4RrVlj5mbmP9NkbakkTIVzwWn4eHPevkw0iWBEeE7ApDQRhg,BR1_3277090043,16.17,14.0,9.051,0.553,0
5.3221,0.2916,0.2187,0.6,0.3315,3,0.6,0.4374,0.729,4.4081,0.551,0.2755,0.6667,0.3605,0.0,0.0,0.8265,1.2398,3.3108,0.1505,0.4515,0.6957,0.3491,0.0,0.1,1.2039,1.7306,1,pVyh9pzMPmB09B8dW5-a1Egzf5lJRp4RrVlj5mbmP9NkbakkTIVzwWn4eHPevkw0iWBEeE7ApDQRhg,BR1_3277067584,16.17,13.716,7.259,13.29,1
7.0636,0.2903,0.0968,0.1111,0.1702,1,0.0,0.0968,0.8709,5.5018,0.0834,0.3334,0.6667,0.2573,0.0,0.2222,0.3334,0.5002,,,,,,,,,,0,pVyh9pzMPmB09B8dW5-a1Egzf5lJRp4RrVlj5mbmP9NkbakkTIVzwWn4eHPevkw0iWBEeE7ApDQRhg,BR1_3277047823,16.17,10.335,11.996,0.0,0
7.2857,0.4286,0.0,0.5833,0.3377,3,0.0,0.5,0.8571,7.6364,0.2727,0.1818,0.7778,0.3647,3.0,0.1,0.6364,0.8182,6.8537,0.7029,0.0879,0.4,0.2865,0.0,0.3077,0.5272,1.318,0,SX2HLgmwjuYxJilrOaZVhn9be2hUXiQrN6e3T0B9ehHMoay4jaoLOAIIgMFPP6QPgwWYKJoRKEekTA,BR1_3277191059,16.17,14.0,11.0,11.381,1
6.5,0.3571,0.2143,0.5455,0.3444,2,0.0,0.4286,0.7857,8.4994,0.6611,0.1889,0.4286,0.2971,1.0,0.1,0.8499,1.9832,7.5585,0.6783,0.2907,0.3333,0.2339,1.0,0.0909,0.5814,1.7443,0,SX2HLgmwjuYxJilrOaZVhn9be2hUXiQrN6e3T0B9ehHMoay4jaoLOAIIgMFPP6QPgwWYKJoRKEekTA,BR1_3277019541,16.17,14.0,10.589,10.319,1
5.5155,0.3447,0.1149,0.2857,0.2475,4,0.0,0.4596,1.6087,7.6118,0.387,0.129,0.15,0.1551,0.0,0.0,0.387,2.5803,,,,,,,,,,0,SX2HLgmwjuYxJilrOaZVhn9be2hUXiQrN6e3T0B9ehHMoay4jaoLOAIIgMFPP6QPgwWYKJoRKEekTA,BR1_3277012630,16.17,8.703,7.751,0.0,1
6.136,0.2888,0.1444,0.5,0.2373,1,0.2,0.6497,1.2994,7.6252,0.2691,0.3588,0.5,0.3577,3.0,0.4,0.5382,1.0765,4.0759,0.3076,0.3076,0.6667,0.3804,3.0,0.0,1.0766,1.615,0,pNtViIZgOJzwmr4lFd4St8I_KJeRcXt7E0PIN0pAXzoXePjHzjT1B6POYIGUjfKIcvtWeTDCYWQDYA,BR1_3276680227,16.17,13.853,11.147,13.003,1
5.319,0.5829,0.1457,0.5714,0.2273,2,0.25,0.2915,0.51,4.7891,2.4832,0.0887,0.5556,0.2391,2.0,0.2727,0.8869,1.5964,6.73,1.4955,0.2804,0.3889,0.237,1.0,0.0625,0.6543,1.6825,1,pNtViIZgOJzwmr4lFd4St8I_KJeRcXt7E0PIN0pAXzoXePjHzjT1B6POYIGUjfKIcvtWeTDCYWQDYA,BR1_3276662891,16.17,13.724,11.276,10.698,1
6.6296,0.2162,0.0721,0.6667,0.3602,2,0.2,0.2882,0.4324,4.4953,0.3596,0.4495,0.875,0.5197,2.0,0.0769,1.2587,1.4385,3.4666,0.4522,0.6029,0.8333,0.379,0.0,0.2222,0.7536,0.9043,1,pNtViIZgOJzwmr4lFd4St8I_KJeRcXt7E0PIN0pAXzoXePjHzjT1B6POYIGUjfKIcvtWeTDCYWQDYA,BR1_3273974502,16.16,13.877,11.123,6.635,0
6.7143,0.0714,0.1429,0.6667,0.2578,1,0.0,0.1429,0.2143,7.2048,0.3325,0.4434,0.3,0.2696,1.0,0.125,0.3325,1.1084,6.6272,0.4276,0.1069,0.3125,0.1228,0.0,0.2143,0.5345,1.7102,0,mqCSldEBEkN5KAsCtGFeJ2gSOJXSJvlSx7OZU46wnVxb3bw7gClLr5IPInN4mLUO5_iYZw574-Jwsg,BR1_3277347728,16.17,14.0,9.022,9.355,1
9.169,0.4585,0.1146,0.6667,0.3841,3,0.0,0.6877,1.0315,,,,,,,,,,,,,,,,,,,0,mqCSldEBEkN5KAsCtGFeJ2gSOJXSJvlSx7OZU46wnVxb3bw7gClLr5IPInN4mLUO5_iYZw574-Jwsg,BR1_3277334361,16.17,8.725,0.0,0.0,1
5.2188,0.3025,0.5294,0.2222,0.2106,0,0.2,0.1513,0.6807,4.3299,0.4245,0.4245,0.15,0.0745,1.0,0.1,0.2547,1.698,7.8273,0.5852,0.3658,0.0952,0.0777,1.0,0.2941,0.1463,1.5362,0,upe6rm_35Q2AqrGE03ofLcHX3hcWGst0I-Hh442jq6OLvM_gEblTcTQTTCQlmmRX0Y5z1pRqG-YimA,BR1_3277079115,16.17,13.222,11.778,13.67,1
6.4817,0.305,0.2288,0.1667,0.174,0,0.0,0.0763,0.4575,6.4781,0.4207,0.4207,0.2857,0.1108,0.0,0.0714,0.5048,1.7668,8.0215,0.1637,0.2456,0.3684,0.2003,0.0,0.3077,0.573,1.5552,0,xKCL3ltWsrGrSf3tHe-Ii3-g7SoqHWQl3105DbxVtLhiPYQs_fcrlwAxsGGd0MkeaNTLkVe-vVMamQ,BR1_3277194062,16.17,13.114,11.886,12.217,1
7.3571,0.3571,0.0714,0.25,0.1647,2,0.0,0.2857,1.1429,10.4833,0.3615,0.241,0.375,0.2083,0.0,0.0,0.723,1.928,7.3936,0.2175,0.2175,0.125,0.1216,0.0,0.1111,0.2175,1.7397,0,xKCL3ltWsrGrSf3tHe-Ii3-g7SoqHWQl3105DbxVtLhiPYQs_fcrlwAxsGGd0MkeaNTLkVe-vVMamQ,BR1_3277160212,16.17,14.0,8.299,4.599,1
5.8328,0.4051,0.0,0.2273,0.0965,0,0.0,0.4051,1.7822,7.8224,0.3951,0.0,0.4706,0.1444,0.0,0.2308,0.6321,1.3432,23.9726,0.0,0.0,0.0,0.2138,0.0,1.0,0.0,1.7123,0,xKCL3ltWsrGrSf3tHe-Ii3-g7SoqHWQl3105DbxVtLhiPYQs_fcrlwAxsGGd0MkeaNTLkVe-vVMamQ,BR1_3276831904,16.17,12.344,12.656,0.584,1
6.9286,0.2143,0.2857,0.0769,0.1872,1,0.0,0.0714,0.9286,7.1829,0.3169,0.3169,0.4706,0.1487,1.0,0.125,0.845,1.7957,6.4962,0.4125,0.5156,0.25,0.2475,0.0,0.0,0.3093,1.2374,0,DYOVjASeuD75itie3x_1uMnYBxpCFoTc6ELBMukH5ayuyBI-AKzZjg5NjEH4kbMxpedSXxCzXgxrUQ,BR1_3277139093,16.17,14.0,9.467,9.698,0
7.3234,0.1902,0.2853,1.0,0.2473,1,0.0,0.0951,0.0951,8.112,0.2734,0.4557,0.6,0.3068,2.0,0.125,0.5469,0.9115,10.8257,0.0,0.7733,0.0,0.0663,0.0,0.0,0.0,0.7733,0,DYOVjASeuD75itie3x_1uMnYBxpCFoTc6ELBMukH5ayuyBI-AKzZjg5NjEH4kbMxpedSXxCzXgxrUQ,BR1_3276093332,16.16,10.514,10.971,1.293,0
8.2907,0.3528,0.0882,0.2632,0.2187,4,0.0,0.441,1.6758,8.0516,0.4392,0.1464,0.4231,0.2487,1.0,0.1818,0.8052,1.9031,7.109,0.2091,0.2091,0.5,0.3103,3.0,0.1111,1.0454,2.0909,0,3Sm5afCuwIaqq7gVSfyYFFEXaouzDvogOKwoM0iRGIZqmAr8u5yPa0lCr8qHPaSNDpWOnJS5OePVRw,BR1_3277366128,16.17,11.338,13.662,4.783,1
7.1429,0.5714,0.1429,0.3571,0.2184,2,0.6,0.3571,1.0,7.6891,0.6408,0.2136,0.8182,0.2078,2.0,0.0,0.9611,1.1747,5.6096,0.8499,0.0567,0.8182,0.2838,1.0,0.2174,0.51,0.6233,0,3Sm5afCuwIaqq7gVSfyYFFEXaouzDvogOKwoM0iRGIZqmAr8u5yPa0lCr8qHPaSNDpWOnJS5OePVRw,BR1_3277341915,16.17,14.0,9.364,17.648,0
6.1576,0.3374,0.0,0.3636,0.1904,1,0.0,0.3374,0.9279,5.7057,0.3804,0.3804,0.381,0.1896,1.0,0.0,0.6086,1.5976,5.9407,0.1449,0.1449,0.5,0.1088,0.0,0.1538,0.5796,1.1592,0,3Sm5afCuwIaqq7gVSfyYFFEXaouzDvogOKwoM0iRGIZqmAr8u5yPa0lCr8qHPaSNDpWOnJS5OePVRw,BR1_3277326985,16.17,11.855,13.145,6.902,1
8.4286,0.2857,0.0,0.2222,0.1276,1,0.0,0.1429,0.6429,9.9091,0.3636,0.1818,0.25,0.0695,0.0,0.1111,0.2727,1.0909,10.8125,0.424,0.212,0.4286,0.2771,4.0,0.0,0.636,1.4841,0,3Sm5afCuwIaqq7gVSfyYFFEXaouzDvogOKwoM0iRGIZqmAr8u5yPa0lCr8qHPaSNDpWOnJS5OePVRw,BR1_3277104148,16.17,14.0,11.0,9.434,0
5.8777,0.372,0.372,0.5556,0.2524,1,0.0,0.744,1.3392,7.5703,0.0,0.226,0.1765,0.2875,1.0,0.0,0.339,1.9208,,,,,,,,,,0,CHWkAozjGevm10tuMlTIWtkE7MItzTr5U_xtifOVtlmzEc7gjlCi-zEbnNdLaaFxpqqUyzGmJsi0ug,BR1_3277106744,16.17,13.441,8.85,0.0,1
8.2857,0.2857,0.0714,0.0769,0.1249,0,0.0,0.0714,0.9286,6.9091,0.7273,0.3636,0.3333,0.2918,2.0,0.1,0.2727,0.8182,7.0492,0.3204,0.412,0.0952,0.082,0.0,0.2632,0.0915,0.9613,0,4vkkTSbkTmjBesluLlenLZZLyvg7Faf6lP6VkCiMrUfzLx2-Cn0l5OOVUjRI_1JjHYEpt7tLhEPKyA,BR1_3277301081,16.17,14.0,11.0,21.846,0
9.2857,0.4286,0.0714,0.1,0.2016,1,0.0,0.0714,0.7143,6.0909,0.2727,0.5455,0.25,0.1879,0.0,0.2727,0.3636,1.4545,7.0457,0.0734,0.367,0.2941,0.1514,0.0,0.1176,0.367,1.2477,0,4vkkTSbkTmjBesluLlenLZZLyvg7Faf6lP6VkCiMrUfzLx2-Cn0l5OOVUjRI_1JjHYEpt7tLhEPKyA,BR1_3277292030,16.17,14.0,11.0,13.625,1
6.0714,0.4286,0.0,0.5833,0.3061,5,0.25,0.5,0.8571,9.7273,0.6364,0.0909,0.5294,0.3263,5.0,0.2222,0.8182,1.5455,5.3574,0.9689,0.285,0.4,0.2929,2.0,0.0556,0.4559,1.1399,1,2TZeYGRSkuVfQdK0sbYyYMnOWrDl7f_wSCj5DUmGrlDpbtTVyQdXhr6CbSW1uaMS5hfG1ig9ln4Weg,BR1_3277340370,16.17,14.0,11.0,17.546,1
7.6429,0.5,0.1429,0.1,0.2142,1,0.0,0.0714,0.7143,8.7455,0.7605,0.3802,0.7778,0.2623,2.0,0.0714,0.8872,1.1407,,,,,,,,,,0,Tsorw7n-vq8uHjcprV531EBnsgbiATtvlMOf20cIzZCSX-yDHW1rBypWQOyTdIJECQyWvUlQqacHKw,BR1_3275951477,16.16,14.0,7.89,0.0,0
7.2857,0.4286,0.2857,0.0,0.2502,0,0.0,0.0,0.0714,8.8182,0.7273,0.3636,0.7143,0.3714,2.0,0.1,0.4545,0.6364,7.8576,0.7858,0.3143,0.7778,0.4081,2.0,0.2,1.1001,1.4144,0,Tsorw7n-vq8uHjcprV531EBnsgbiATtvlMOf20cIzZCSX-yDHW1rBypWQOyTdIJECQyWvUlQqacHKw,BR1_3275646142,16.16,14.0,11.0,6.363,1
6.2143,0.5714,0.1429,0.6,0.3512,3,0.0,0.4286,0.7143,7.4545,0.7273,0.3636,0.2,0.174,1.0,0.1,0.3636,1.8182,5.602,0.4848,0.2693,0.2812,0.1691,0.0,0.5714,0.4848,1.7237,0,Tsorw7n-vq8uHjcprV531EBnsgbiATtvlMOf20cIzZCSX-yDHW1rBypWQOyTdIJECQyWvUlQqacHKw,BR1_3274533758,16.16,14.0,11.0,18.565,1
7.3571,0.4286,0.0714,0.1667,0.1978,0,0.0,0.0714,0.4286,6.8182,0.5455,0.3636,0.2,0.1558,1.0,0.2222,0.1818,0.9091,6.3901,0.0687,0.2748,0.5,0.2499,1.0,0.0714,0.481,0.9619,0,cQXjuRC0_aGhGyRwz4a-30_jF-GyRkAtZvM39-5timQkPIPJ9LK46_yQUzVElFi4SoLdXhAuefglBg,BR1_3277293582,16.17,14.0,11.0,14.554,0
5.0075,0.2385,0.2385,0.0,0.1284,0,0.0,0.0,0.3179,6.4418,0.4026,0.3221,0.5,0.1837,0.0,0.0667,0.4831,0.9663,6.2412,0.4623,0.2312,0.6667,0.2253,0.0,0.4,0.4623,0.6935,0,cQXjuRC0_aGhGyRwz4a-30_jF-GyRkAtZvM39-5timQkPIPJ9LK46_yQUzVElFi4SoLdXhAuefglBg,BR1_3277269999,16.17,12.581,12.419,4.326,0
5.9286,0.3571,0.0714,0.5714,0.3021,1,0.0,0.2857,0.5,6.3636,0.2727,0.3636,0.4286,0.2332,0.0,0.25,0.2727,0.6364,6.6339,0.3015,0.6031,1.0,0.401,0.0,0.3333,0.3015,0.3015,0,cQXjuRC0_aGhGyRwz4a-30_jF-GyRkAtZvM39-5timQkPIPJ9LK46_yQUzVElFi4SoLdXhAuefglBg,BR1_3277092950,16.17,14.0,11.0,3.316,0
6.7262,0.3242,0.081,0.6667,0.1584,0,0.25,0.4862,0.7293,6.9643,0.2548,0.1699,0.7647,0.2779,1.0,0.0909,1.1041,1.4438,5.0565,0.5057,0.2528,0.7778,0.2406,0.0,0.5,1.7698,2.2754,1,cQXjuRC0_aGhGyRwz4a-30_jF-GyRkAtZvM39-5timQkPIPJ9LK46_yQUzVElFi4SoLdXhAuefglBg,BR1_3277077928,16.17,12.34,11.774,3.955,1
6.9286,0.2857,0.0714,0.75,0.3125,2,0.0,0.2143,0.2857,7.3985,0.3468,0.4624,0.75,0.3884,0.0,0.2,0.3468,0.4624,,,,,,,,,,1,m7z3_WVUU9EeJuoblYSdSBQUyBYR9gWybvP6sSSBhRRqekuCDVi_LBtyfZUMTnLONymhRCUo7iMfUw,BR1_3277269928,16.17,14.0,8.65,0.0,0
6.0308,0.163,0.326,0.25,0.2575,2,0.0,0.163,0.652,6.6022,0.4716,0.3144,0.5,0.4605,0.0,0.2,0.3144,0.6288,,,,,,,,,,0,rxtE3L5dfVJyBeAbdeaRqVj-sV9jUFYqO9NcCnKdQ6E-wpduwXs0YocrEOLnl2_zCP8hNzHmwOWgqQ,BR1_3276924236,16.17,12.27,6.362,0.0,0
6.1515,0.3619,0.0,0.5455,0.2941,2,0.0,0.4342,0.7961,7.6014,0.3577,0.1789,0.5,0.3888,2.0,0.1,0.3577,0.7154,6.7567,0.5197,0.0,0.6667,0.3092,1.0,0.0,1.0395,1.5592,0,rxtE3L5dfVJyBeAbdeaRqVj-sV9jUFYqO9NcCnKdQ6E-wpduwXs0YocrEOLnl2_zCP8hNzHmwOWgqQ,BR1_3276919214,16.17,13.818,11.182,9.62,1
4.9287,0.279,0.186,0.375,0.1888,1,0.0,0.279,0.744,7.1596,0.4913,0.2106,0.2,0.0879,0.0,0.25,0.1404,0.7019,6.6414,0.4331,0.2888,0.2,0.0777,0.0,0.2308,0.1444,0.7219,0,NC4Vtzb9ab9Tfl56O_xddVeTYisgxuIOKiz9dfy-q6fFlliP8G95icL-yRwP0ClWGaG4H5mI9xQ-Zg,BR1_3277359585,16.17,10.753,14.247,6.926,0
8.5246,0.444,0.0888,0.2667,0.1558,1,0.0,0.3552,1.332,8.5006,0.8794,0.0,0.5238,0.1924,0.0,0.2308,1.0748,2.0519,,,,,,,,,,1,NC4Vtzb9ab9Tfl56O_xddVeTYisgxuIOKiz9dfy-q6fFlliP8G95icL-yRwP0ClWGaG4H5mI9xQ-Zg,BR1_3277236346,16.17,11.261,10.235,0.0,1
4.6412,0.1573,0.236,0.2667,0.1257,1,0.25,0.3147,1.18,3.9877,0.4069,0.3255,0.125,0.051,0.0,0.0,0.1628,1.3021,4.1848,0.465,0.62,0.75,0.2428,0.0,0.3,0.465,0.62,0,NC4Vtzb9ab9Tfl56O_xddVeTYisgxuIOKiz9dfy-q6fFlliP8G95icL-yRwP0ClWGaG4H5mI9xQ-Zg,BR1_3277159747,16.17,12.712,12.288,6.452,0
7.2944,0.555,0.0,0.25,0.1709,3,0.0,0.3171,1.2686,6.6242,0.864,0.144,0.2727,0.1364,3.0,0.0,0.864,3.1681,,,,,,,,,,0,NC4Vtzb9ab9Tfl56O_xddVeTYisgxuIOKiz9dfy-q6fFlliP8G95icL-yRwP0ClWGaG4H5mI9xQ-Zg,BR1_3277124844,16.17,12.612,6.944,0.0,1
7.6117,0.354,0.177,0.5833,0.3439,7,0.0,1.2391,2.1242,9.7069,0.5109,0.219,0.3958,0.3524,11.0,0.1667,1.3867,3.5032,96.241,0.0,0.0,0.0,0.3007,0.0,,0.0,0.0,1,dufLJcz6Iro6At53dyCc3lsjbua1Cl4PIMydNDZasY9yVSYtWB1aobWuOCuY-9eDO6scnPmdNTlN_w,BR1_3277264172,16.17,11.298,13.702,0.239,1
6.4737,0.39,0.312,0.5714,0.4417,2,0.2,0.624,1.092,8.661,0.0,0.0,0.3333,0.2655,0.0,0.3333,0.8382,2.5145,,,,,,,,,,0,dufLJcz6Iro6At53dyCc3lsjbua1Cl4PIMydNDZasY9yVSYtWB1aobWuOCuY-9eDO6scnPmdNTlN_w,BR1_3277209500,16.17,12.821,3.579,0.0,1
5.4286,1.3571,0.0,0.75,0.2348,1,0.5,0.4286,0.5714,6.0909,1.5455,0.0909,0.3571,0.1503,1.0,0.375,0.4545,1.2727,5.9348,1.0791,0.0,0.6875,0.1871,0.0,0.0833,0.9891,1.4387,1,pOE_jL3Wy4GoFyMsZBRBNn9uGjHLO80y3j9fzaYwGLcU9nowCTDEJNBosyS0_xgi55BheoVxYEmD-Q,BR1_3277341317,16.17,14.0,11.0,11.121,1
6.9286,0.2857,0.2143,0.9167,0.4979,4,0.0,0.7857,0.8571,6.2727,0.0,0.3636,0.6154,0.2975,0.0,0.1,0.7273,1.1818,5.5225,0.0,0.4289,0.6667,0.2993,2.0,0.0,0.9651,1.4476,0,9ASeWH-R4zapU8TS9BMWb9zXsH41NwjapsXDGtlRZgdoC-3vOHXZN0eDqqdhku1riBeI864ANCLeJw,BR1_3277117969,16.17,14.0,11.0,18.651,0
6.3571,0.2143,0.3571,0.3333,0.3145,1,0.0,0.2857,0.8571,5.3636,0.0909,0.2727,0.5385,0.2779,1.0,0.3,0.6364,1.1818,8.8853,0.0,0.3462,0.5,0.2397,1.0,0.1429,0.4616,0.9231,0,9ASeWH-R4zapU8TS9BMWb9zXsH41NwjapsXDGtlRZgdoC-3vOHXZN0eDqqdhku1riBeI864ANCLeJw,BR1_3277102353,16.17,14.0,11.0,8.666,0
7.3386,0.3123,0.1561,0.5,0.2775,2,0.0,0.3123,0.6246,8.0387,0.4922,0.2461,0.4375,0.2629,1.0,0.0,0.5742,1.3124,1.0673,0.0,0.5336,0.4444,0.2572,0.0,0.3333,1.0673,2.4014,0,9ASeWH-R4zapU8TS9BMWb9zXsH41NwjapsXDGtlRZgdoC-3vOHXZN0eDqqdhku1riBeI864ANCLeJw,BR1_3277087143,16.17,12.809,12.191,3.748,1
8.0993,0.3,0.15,0.7692,0.3996,5,0.0,0.7499,0.9749,7.2864,0.3429,0.0857,0.8,0.3089,1.0,0.3333,0.6858,0.8572,7.604,0.2716,0.2716,1.0,0.3731,3.0,0.0714,0.611,0.611,0,9ASeWH-R4zapU8TS9BMWb9zXsH41NwjapsXDGtlRZgdoC-3vOHXZN0eDqqdhku1riBeI864ANCLeJw,BR1_3277065704,16.17,13.334,11.666,14.729,0
9.7044,0.4147,0.0,0.4783,0.2883,7,0.0,0.9124,1.9077,7.7964,0.5997,0.0,0.75,0.364,2.0,0.25,0.8996,1.1994,,,,,,,,,,1,9ASeWH-R4zapU8TS9BMWb9zXsH41NwjapsXDGtlRZgdoC-3vOHXZN0eDqqdhku1riBeI864ANCLeJw,BR1_3277060150,16.17,12.056,3.335,0.0,1
4.1783,0.087,0.4352,0.2,0.1676,0,0.0,0.087,0.4352,6.8827,0.7401,0.296,0.3125,0.1287,0.0,0.1,0.37,1.1841,9.7954,0.5545,0.5545,0.3333,0.1066,0.0,0.0,0.3696,1.1089,0,WBqWMrB6e8RLFmMropupK_QhA6y0RTOCfBtLV0f4fTXdruQ5f2KAHscp3s4AJDOLQK0Nhb8_HyCXDw,BR1_3277343496,16.17,11.488,13.512,5.411,0
5.9286,0.0714,0.2857,0.0588,0.1787,0,0.0,0.0714,1.2143,5.871,0.4735,0.3788,0.4167,0.1644,0.0,0.1667,0.4735,1.1363,3.8439,0.0,0.8237,0.0,0.1145,0.0,0.1111,0.0,0.8237,0,WBqWMrB6e8RLFmMropupK_QhA6y0RTOCfBtLV0f4fTXdruQ5f2KAHscp3s4AJDOLQK0Nhb8_HyCXDw,BR1_3277331701,16.17,14.0,10.56,3.642,0
6.0335,0.2207,0.1472,0.0,0.1902,0,0.0,0.0,0.1472,7.713,0.5259,0.2629,0.25,0.0108,0.0,0.1,0.0876,0.3506,4.0553,0.3119,0.3119,1.0,0.1801,0.0,0.1111,0.3119,0.3119,0,WBqWMrB6e8RLFmMropupK_QhA6y0RTOCfBtLV0f4fTXdruQ5f2KAHscp3s4AJDOLQK0Nhb8_HyCXDw,BR1_3277319773,16.17,13.591,11.409,3.206,0
9.3209,0.3789,0.0,0.0,0.1376,0,0.0,0.0,0.9851,7.8787,0.6777,0.1694,0.1667,0.1158,0.0,0.0,0.2542,1.5249,10.1961,0.8497,0.0,0.6667,0.207,0.0,0.4,1.6993,2.549,0,WBqWMrB6e8RLFmMropupK_QhA6y0RTOCfBtLV0f4fTXdruQ5f2KAHscp3s4AJDOLQK0Nhb8_HyCXDw,BR1_3277302892,16.17,13.196,11.804,2.354,1
6.2143,0.2143,0.0714,0.4444,0.2415,1,0.2,0.2857,0.6429,9.9091,0.3636,0.1818,0.6667,0.3593,3.0,0.2,1.4545,2.1818,4.754,0.9055,0.2264,0.8,0.4577,1.0,0.0,0.9055,1.1319,0,_h_AdaiGZsXtoxsi1sbK20NmM5i2yiRMHhF6Xj0IP3JLbmzU6R95gar15o1k5LUOFyesBHhdqd0DiA,BR1_3277347260,16.17,14.0,11.0,4.417,0
6.4714,0.3157,0.0,0.4167,0.2702,2,0.0,0.3946,0.947,6.5248,0.4531,0.0906,0.5385,0.3284,3.0,0.2,1.2687,2.3562,2.726,0.7979,0.3324,0.5556,0.2198,1.0,0.1818,0.3324,0.5984,1,_h_AdaiGZsXtoxsi1sbK20NmM5i2yiRMHhF6Xj0IP3JLbmzU6R95gar15o1k5LUOFyesBHhdqd0DiA,BR1_3277237559,16.17,12.671,11.035,15.04,0
6.1088,0.3593,0.2156,0.0,0.1272,0,0.0,0.0,0.8624,7.7406,0.3686,0.3686,0.0833,0.1318,0.0,0.125,0.0921,1.1058,5.6704,0.27,0.54,0.0,0.0829,0.0,0.0909,0.0,1.3501,0,O6PgdA8-tw2l1zlWDJBoA70VgzoBqwSUG_RJ_qgaOLP3drtnBJSQOiCENjCTD7UZShjq7bWarMl5CA,BR1_3277136876,16.17,13.914,10.852,3.703,0
3.8571,0.2857,0.1429,0.1667,0.1517,0,0.2,0.1429,0.8571,6.0,0.5455,0.1818,0.2778,0.2507,1.0,0.0833,0.4545,1.6364,6.8458,0.6932,0.26,0.1818,0.1587,0.0,0.0909,0.1733,0.9532,0,9HkZa9swA4a2j6CvBtFV2yKhePW3LK76Ng3C8QtuOevSo3edfYjniyRqLZftr-1AuhO-KKj4FPayCQ,BR1_3277344420,16.17,14.0,11.0,11.54,0
6.7521,0.363,0.2178,0.5,0.2541,1,0.0,0.4356,0.8712,6.7697,0.5344,0.3563,0.3889,0.2763,2.0,0.1818,0.6235,1.6033,6.9307,0.456,0.2736,0.5625,0.2302,1.0,0.0909,0.8207,1.4591,0,9HkZa9swA4a2j6CvBtFV2yKhePW3LK76Ng3C8QtuOevSo3edfYjniyRqLZftr-1AuhO-KKj4FPayCQ,BR1_3277328318,16.17,13.774,11.226,10.966,0
3.624,0.4626,0.4626,0.4,0.2168,0,0.6,0.3084,0.7711,4.0231,0.5614,0.0936,0.75,0.2311,1.0,0.1429,0.5614,0.7485,,,,,,,,,,0,9HkZa9swA4a2j6CvBtFV2yKhePW3LK76Ng3C8QtuOevSo3edfYjniyRqLZftr-1AuhO-KKj4FPayCQ,BR1_3276966144,16.17,12.969,10.688,0.0,0
5.9286,0.4286,0.0,0.25,0.1497,2,0.0,0.2857,1.1429,7.1818,0.3636,0.1818,0.5455,0.207,1.0,0.0,0.5455,1.0,4.3591,0.4509,0.3006,0.5455,0.2924,0.0,0.0833,0.9019,1.6535,0,ybnDxiMb7Gwne50IQ-F1TUdD9-eWlgnhAJ6SZ9ITbiRGmec4KtuHuR8G-AEz1EyQj7uhQ3Jl37iMPQ,BR1_3277350752,16.17,14.0,11.0,6.653,1
9.5479,0.4658,0.0,0.1818,0.1296,0,0.0,0.1553,0.8539,8.4486,0.4224,0.169,0.5625,0.2612,2.0,0.2222,0.7604,1.3518,7.6268,0.5448,0.4358,0.5833,0.3836,0.0,0.0909,0.7627,1.3074,0,ybnDxiMb7Gwne50IQ-F1TUdD9-eWlgnhAJ6SZ9ITbiRGmec4KtuHuR8G-AEz1EyQj7uhQ3Jl37iMPQ,BR1_3277339435,16.17,12.882,11.836,9.178,0
8.1429,0.3571,0.0714,0.25,0.1567,0,0.2,0.2143,0.8571,6.2727,0.4545,0.3636,0.3333,0.1982,3.0,0.1,0.3636,1.0909,7.5611,0.3892,0.3336,0.5625,0.3026,0.0,0.1111,1.0007,1.7791,0,ybnDxiMb7Gwne50IQ-F1TUdD9-eWlgnhAJ6SZ9ITbiRGmec4KtuHuR8G-AEz1EyQj7uhQ3Jl37iMPQ,BR1_3277275707,16.17,14.0,11.0,17.987,0
5.8558,0.3165,0.2374,0.3636,0.1864,0,0.0,0.3165,0.8705,5.015,0.4044,0.3235,0.4,0.2869,2.0,0.2143,0.4853,1.2133,4.8951,0.2646,0.5292,0.5,0.2345,0.0,0.2143,0.3969,0.7938,0,sjHOVrUnLryVbA44xhkToDaX2YgMpeE_d-5hKNnflN329-Gg2zGdlOKrMp_C3YefsemcXE_gZItjXw,BR1_3277309874,16.17,12.637,12.363,7.559,0
4.6279,0.2938,0.5142,0.3333,0.3484,0,0.0,0.1469,0.4408,4.5666,0.6147,0.3513,0.4667,0.2795,1.0,0.0833,0.6147,1.3173,3.7696,0.4798,0.2742,0.6296,0.26,0.0,0.2857,1.1651,1.8505,0,sjHOVrUnLryVbA44xhkToDaX2YgMpeE_d-5hKNnflN329-Gg2zGdlOKrMp_C3YefsemcXE_gZItjXw,BR1_3276992417,16.17,13.613,11.387,14.59,1
6.0093,0.3535,0.3535,0.0,0.2913,0,0.0,0.0,0.707,4.3115,0.8769,0.2923,0.3103,0.1289,0.0,0.2,0.6577,2.1192,3.3728,0.2326,0.5815,0.1667,0.0933,0.0,0.1667,0.3489,2.0935,0,uq-MiOzg_NXZdigKODF49n8QkUegVuaXbEo6ckWFuDDn4y08DGzXLCUn4A-cKnTlJyZXnXD-1GXwxA,BR1_3276998015,16.17,11.316,13.684,8.598,1
5.7143,0.4286,0.3571,0.2857,0.2881,1,0.25,0.2857,1.0,4.7089,0.2825,0.5651,0.2308,0.1615,0.0,0.1111,0.2825,1.2243,5.4629,0.5691,0.4552,0.5,0.1776,0.0,0.0833,0.7967,1.5934,0,uq-MiOzg_NXZdigKODF49n8QkUegVuaXbEo6ckWFuDDn4y08DGzXLCUn4A-cKnTlJyZXnXD-1GXwxA,BR1_3276981750,16.17,14.0,10.618,8.787,1
7.449,0.5321,0.266,0.5556,0.34,2,0.5,0.4434,0.7981,3.6936,0.5682,0.5682,0.375,0.3268,1.0,0.0,0.2841,0.7577,9.3985,0.5221,0.3133,0.5,0.2107,2.0,0.2143,0.731,1.462,0,uq-MiOzg_NXZdigKODF49n8QkUegVuaXbEo6ckWFuDDn4y08DGzXLCUn4A-cKnTlJyZXnXD-1GXwxA,BR1_3276962667,16.17,11.277,10.559,9.576,1
7.3571,0.3571,0.0714,0.3333,0.2377,2,0.0,0.2857,0.8571,8.2712,0.6798,0.3399,0.75,0.2272,0.0,0.1429,0.3399,0.4532,,,,,,,,,,0,gK6P_OTSj-m1UwJgheli76kyoNaHzOvtMg9MruZxS8EbgLFfnAeHpz28O-7JiijcxCmh3Oedu9qOGg,BR1_3274371604,16.16,14.0,8.826,0.0,0
3.8053,0.3712,0.3712,0.3333,0.2796,1,0.25,0.2784,0.8353,4.1475,0.4921,0.4921,0.5833,0.3903,2.0,0.1818,0.4921,0.8436,5.7805,0.5188,0.3705,0.3478,0.1497,0.0,0.1333,0.5929,1.7045,0,RmGwdsXgHzOTeYiddcxoECrpaQU7TSMutHuS-WF5UDRz-08g38hCQrN15LPuLm9bOaIGMzq5F1fdPw,BR1_3277359690,16.17,10.775,14.225,13.494,0
4.602,0.2422,0.2422,0.3333,0.1151,1,0.0,0.3229,0.9688,3.3225,0.2889,0.4334,0.6667,0.1456,0.0,0.25,0.2889,0.4334,,,,,,,,,,0,RmGwdsXgHzOTeYiddcxoECrpaQU7TSMutHuS-WF5UDRz-08g38hCQrN15LPuLm9bOaIGMzq5F1fdPw,BR1_3277290981,16.17,12.386,6.923,0.0,0
4.031,0.2199,0.3665,0.2727,0.1442,1,0.0,0.2199,0.8062,6.4253,0.6024,0.3012,0.4706,0.1951,0.0,0.0,0.8032,1.7067,5.2618,0.5619,0.3065,0.1053,0.0854,0.0,0.0909,0.1022,0.9706,0,RmGwdsXgHzOTeYiddcxoECrpaQU7TSMutHuS-WF5UDRz-08g38hCQrN15LPuLm9bOaIGMzq5F1fdPw,BR1_3277236672,16.17,13.644,9.961,19.575,0
4.2134,0.2179,0.3632,0.6667,0.3955,2,0.0,0.5812,0.8717,5.3682,0.6316,0.3158,0.6875,0.376,1.0,0.1429,1.1579,1.6842,6.7257,1.1026,0.2205,0.6667,0.2803,1.0,0.2,0.8821,1.3231,0,sieNTucCEF5n8lEPxtVhyPji_OyZ9OoldBlr4nDmUBVF6Z-XiBymlqoUVMcLh77xbWXvZrOQXfv76A,BR1_3276709948,16.17,13.765,9.5,9.07,1
6.7096,0.2516,0.1677,0.1667,0.1849,2,0.25,0.1677,1.0064,7.368,0.2541,0.3388,0.1429,0.1029,0.0,0.1,0.2541,1.7785,10.8506,0.0,0.4173,0.0,0.1103,0.0,0.4444,0.0,1.252,0,vhnFuEprGmf26XISKUj54qVqZAWT2RjTt0TfUuwK0enb-0Bv5A9j3BTM4eXokNkjjzYxn0XSbOsf6w,BR1_3276622410,16.17,11.923,11.808,2.396,0
5.9272,11.4592,0.2371,0.1667,0.2578,1,0.0,0.079,0.4742,6.3176,19.3578,0.162,0.6429,0.3545,0.0,0.0769,0.729,1.1339,16.3424,21.0117,1.1673,0.0,0.1422,0.0,0.5,0.0,0.0,0,vhnFuEprGmf26XISKUj54qVqZAWT2RjTt0TfUuwK0enb-0Bv5A9j3BTM4eXokNkjjzYxn0XSbOsf6w,BR1_3276619086,16.17,12.654,12.346,0.857,0
7.6012,0.3898,0.1949,0.4,0.2958,0,0.5,0.1949,0.4873,6.1441,0.4819,0.1205,0.6,0.1846,0.0,0.1667,0.3614,0.6024,,,,,,,,,,0,VAVyOvQ8sQgxZRFdSm2gwkcxRanP5ljDWe-Mv1WnEaLQ09J58U-DVHQyfjKRNFwFPakrS4uebqobKQ,BR1_3276625953,16.17,10.262,8.301,0.0,1
8.0029,0.3234,0.0,0.2727,0.2802,1,0.0,0.2425,0.8892,4.7033,0.3689,0.0,0.4375,0.3391,5.0,0.1,0.6455,1.4755,,,,,,,,,,1,VAVyOvQ8sQgxZRFdSm2gwkcxRanP5ljDWe-Mv1WnEaLQ09J58U-DVHQyfjKRNFwFPakrS4uebqobKQ,BR1_3276569133,16.17,12.37,10.844,0.0,1
5.9286,0.2857,0.2143,0.5,0.26,2,0.5,0.7143,1.4286,3.8182,0.4545,0.2727,0.5,0.2415,0.0,0.2727,0.6364,1.2727,6.1197,0.0913,0.274,0.4286,0.2039,0.0,0.0,0.548,1.2787,0,VAVyOvQ8sQgxZRFdSm2gwkcxRanP5ljDWe-Mv1WnEaLQ09J58U-DVHQyfjKRNFwFPakrS4uebqobKQ,BR1_3276560392,16.17,14.0,11.0,10.948,0
6.0,0.4286,0.0714,0.4375,0.3252,3,0.0,0.5,1.1429,6.4656,0.4618,0.5773,0.375,0.3071,0.0,0.0,0.3464,0.9237,9.6645,0.5685,0.2842,1.0,0.2651,1.0,0.25,0.5685,0.5685,0,nqkVxcgY1vUb4PmaNmGZpFu5ilVtgRDoGFvrTfnBcp_40v6nEvqSqfjSeE2CO0bGTyZ8NNWeEFdrtA,BR1_3277095739,16.17,14.0,8.661,3.518,0
6.7857,0.4286,0.0,0.2105,0.1776,0,0.4,0.2857,1.3571,6.8364,0.4459,0.2972,0.5625,0.2256,0.0,0.125,1.3376,2.3779,,,,,,,,,,0,nqkVxcgY1vUb4PmaNmGZpFu5ilVtgRDoGFvrTfnBcp_40v6nEvqSqfjSeE2CO0bGTyZ8NNWeEFdrtA,BR1_3277087345,16.17,14.0,6.729,0.0,1
4.6429,0.5,0.2143,0.6154,0.4084,2,0.0,0.5714,0.9286,7.9091,0.5455,0.3636,0.5,0.3176,3.0,0.0,0.8182,1.6364,6.9794,0.8724,0.2181,0.8571,0.4146,0.0,0.0,1.3086,1.5267,0,nqkVxcgY1vUb4PmaNmGZpFu5ilVtgRDoGFvrTfnBcp_40v6nEvqSqfjSeE2CO0bGTyZ8NNWeEFdrtA,BR1_3276939496,16.17,14.0,11.0,4.585,0
7.0084,0.5391,0.077,0.4444,0.1991,1,0.0,0.3081,0.6931,6.1587,0.4994,0.4161,0.5833,0.3819,3.0,0.1667,0.5826,0.9987,3.9974,0.5214,0.5214,0.6667,0.374,1.0,0.2727,0.6952,1.0428,0,nqkVxcgY1vUb4PmaNmGZpFu5ilVtgRDoGFvrTfnBcp_40v6nEvqSqfjSeE2CO0bGTyZ8NNWeEFdrtA,BR1_3276926440,16.17,12.985,12.015,5.754,0
6.999,0.3218,0.1609,0.3,0.1784,1,0.0,0.2413,0.8045,5.7281,0.7956,0.3182,0.4118,0.1785,0.0,0.1111,0.5569,1.3525,6.1108,0.6866,0.2746,0.5714,0.2218,0.0,0.2353,0.5493,0.9612,0,YQnZyLnfDwoC0KMo3zCeXuw6brmqUgJ4dILPO7kgGatX5k_4jEaK5htiypDgpmpFJwN-hQvn1_7PeQ,BR1_3276904338,16.17,12.43,12.57,14.564,0
6.7143,0.2857,0.0714,0.2,0.1869,0,0.0,0.1429,0.7143,8.6364,0.4545,0.4545,0.2,0.1013,0.0,0.0,0.3636,1.8182,5.8444,0.4676,0.1169,0.3333,0.1474,0.0,0.2222,0.4676,1.4027,0,YQnZyLnfDwoC0KMo3zCeXuw6brmqUgJ4dILPO7kgGatX5k_4jEaK5htiypDgpmpFJwN-hQvn1_7PeQ,BR1_3276767787,16.17,14.0,11.0,8.555,1
4.5343,0.3182,0.2386,0.625,0.2183,1,0.0,0.3977,0.6364,6.9192,0.4023,0.3218,0.4706,0.1982,1.0,0.25,0.6436,1.3678,3.8836,0.2427,0.7282,0.1429,0.1535,0.0,0.0,0.2427,1.6991,0,YQnZyLnfDwoC0KMo3zCeXuw6brmqUgJ4dILPO7kgGatX5k_4jEaK5htiypDgpmpFJwN-hQvn1_7PeQ,BR1_3276748338,16.17,12.571,12.429,4.12,0
6.2857,0.2143,0.2143,0.3077,0.1501,2,0.0,0.2857,0.9286,7.8472,0.5605,0.5605,1.0,0.1146,1.0,0.5,0.5605,0.5605,,,,,,,,,,0,Vz1cbIojXQwZP4fa276A95nV0ATOv3fQPsxeHpvSTgyq_bPfcfR0l2euSthHD40uKBZn1mQXaq15qg,BR1_3277147421,16.17,14.0,1.784,0.0,0
7.4286,0.2857,0.0714,0.2,0.1255,0,0.2,0.1429,0.7143,9.1695,0.0,0.3768,0.3333,0.1695,0.0,0.1,0.1256,0.3768,,,,,,,,,,0,Vz1cbIojXQwZP4fa276A95nV0ATOv3fQPsxeHpvSTgyq_bPfcfR0l2euSthHD40uKBZn1mQXaq15qg,BR1_3277113815,16.17,14.0,7.961,0.0,0
6.6429,0.4286,0.1429,0.3077,0.2432,1,0.0,0.2857,0.9286,6.2384,0.3227,0.3227,0.5,0.2131,2.0,0.0,0.8605,1.7209,3.6579,0.5932,0.2966,0.7273,0.2551,0.0,0.3,0.7909,1.0875,0,Qa713xZfhm8so_zAFBYL80Bx8L5sUVL8JgBwKty-iohw_BXoH6beRNUXD-zO5fBwyY1G7EkgV3YUOA,BR1_3277199423,16.17,14.0,9.297,10.115,0
5.6429,0.2143,0.0714,0.4286,0.2909,3,0.0,0.4286,1.0,6.1818,0.2727,0.2727,0.5,0.2727,2.0,0.2222,0.9091,1.8182,11.2947,0.3895,0.0,0.4,0.2956,0.0,0.2727,0.7789,1.9474,1,JrMvH1PVpFql_1JF-K-N14mD42udVg21nBTZo22-Pa8DofNWf-boEQ8oRHa2dxhzsX78GVbpR6RZLg,BR1_3277362687,16.17,14.0,11.0,2.568,1
6.5,0.2143,0.2143,0.3125,0.2334,0,0.0,0.3571,1.1429,8.0,0.2727,0.2727,0.3158,0.1875,0.0,0.1538,0.5455,1.7273,1.8789,0.2936,0.4697,0.3514,0.1952,1.0,0.3333,0.7633,2.1725,0,JrMvH1PVpFql_1JF-K-N14mD42udVg21nBTZo22-Pa8DofNWf-boEQ8oRHa2dxhzsX78GVbpR6RZLg,BR1_3277347215,16.17,14.0,11.0,17.031,1
7.8386,0.2352,0.2352,0.2727,0.179,0,0.0,0.2352,0.8622,8.6031,0.3867,0.29,0.3077,0.2061,2.0,0.125,0.3867,1.2566,4.7641,0.1254,0.6269,0.4,0.325,0.0,0.0909,0.2507,0.6269,0,JrMvH1PVpFql_1JF-K-N14mD42udVg21nBTZo22-Pa8DofNWf-boEQ8oRHa2dxhzsX78GVbpR6RZLg,BR1_3277333124,16.17,12.757,10.345,7.976,0
6.3963,0.3046,0.1523,0.25,0.1338,1,0.0,0.533,2.1321,4.8284,1.4485,0.0,0.2857,0.2289,1.0,0.0,0.9657,3.3798,,,,,,,,,,0,JrMvH1PVpFql_1JF-K-N14mD42udVg21nBTZo22-Pa8DofNWf-boEQ8oRHa2dxhzsX78GVbpR6RZLg,BR1_3277321796,16.17,13.133,2.071,0.0,1
7.0714,0.3571,0.2143,0.4,0.2068,0,0.2,0.1429,0.3571,9.0909,0.2727,0.0909,0.3158,0.2258,2.0,0.25,0.5455,1.7273,5.3849,0.3452,0.4142,0.5556,0.2618,5.0,0.0588,0.6904,1.2427,0,oRNZXl3w-qcxKqd8_Wev_QpYJoAAjgCaZHcIZCP0nsn5OYLE9fys3jyc-JnKItdW1UYnh8hj5IBhxw,BR1_3277005481,16.17,14.0,11.0,14.485,0
8.5714,0.3571,0.0714,0.0,0.0415,0,0.0,0.0,0.4286,11.2427,0.4589,0.1147,0.0,0.1118,0.0,0.1667,0.0,0.3442,,,,,,,,,,0,3BhkaJs3gearcZZzcDI-5usXqP3YBAFO2dlufYZby5ysM6sjmIE_66jFERhIYJKtp1AXz-tzUTbkZw,BR1_3276385223,16.17,14.0,8.717,0.0,0
7.1957,0.4361,0.0727,0.2,0.127,0,0.2,0.1454,0.7268,6.5826,0.3558,0.2669,0.4211,0.2397,0.0,0.2727,0.7116,1.6901,4.268,0.1581,0.1581,0.45,0.1202,0.0,0.2353,0.7113,1.5807,0,3BhkaJs3gearcZZzcDI-5usXqP3YBAFO2dlufYZby5ysM6sjmIE_66jFERhIYJKtp1AXz-tzUTbkZw,BR1_3276365392,16.17,13.758,11.242,12.652,1
6.4533,0.3442,0.086,0.0,0.153,0,0.0,0.0,0.3442,8.4467,0.598,0.0747,0.5833,0.315,2.0,0.2308,0.5232,0.897,12.3643,0.0,0.4946,0.5,0.2379,0.0,0.0,0.9891,1.9783,0,cIU4SsU5kI-yQvczqlfbEY_r6VS4qczaEYaKc4JVhwo7vXZuNshJWyzDuk2yQm6t43wNc0OseGRKUg,BR1_3274898244,16.16,11.622,13.378,2.022,0
7.0439,0.1548,0.0,0.375,0.2141,1,0.0,0.2322,0.6192,7.5325,0.2483,0.2483,0.4286,0.2429,0.0,0.2,0.2483,0.5794,8.4932,0.3733,0.1867,0.5833,0.3237,3.0,0.0,0.6533,1.12,0,Kz5aPwMt98YsIoVBLrHzNU9cSsPZYVOeLL2ereG22i2w94ByibpM1bF_MSYgzU5DgkFLfcUJn31ydQ,BR1_3277366828,16.17,12.919,12.081,10.714,0
6.1889,0.0755,0.2264,0.4444,0.2547,4,0.0,0.3019,0.6793,6.8087,0.3947,0.0,0.4375,0.2219,2.0,0.0833,0.6907,1.5788,6.2277,0.0,0.4246,0.5714,0.1716,0.0,0.1818,0.5662,0.9908,0,Kz5aPwMt98YsIoVBLrHzNU9cSsPZYVOeLL2ereG22i2w94ByibpM1bF_MSYgzU5DgkFLfcUJn31ydQ,BR1_3277353419,16.17,13.249,10.134,7.065,0
8.8048,0.0,0.0,0.375,0.3138,2,0.0,0.2935,0.7826,7.308,0.203,0.1353,0.6154,0.3781,1.0,0.1,1.0827,1.7593,4.9894,0.4752,0.0,0.3333,0.3069,2.0,0.4286,0.2376,0.7128,0,Kz5aPwMt98YsIoVBLrHzNU9cSsPZYVOeLL2ereG22i2w94ByibpM1bF_MSYgzU5DgkFLfcUJn31ydQ,BR1_3277305745,16.17,10.222,14.778,8.418,1
6.6342,0.084,0.0,0.3333,0.3044,1,0.0,0.2519,0.7558,8.0201,0.2291,0.0764,0.2692,0.1744,3.0,0.0667,0.5347,1.9859,3.8708,0.0,0.0,0.5,0.2681,0.0,0.2,0.8933,1.7865,0,Kz5aPwMt98YsIoVBLrHzNU9cSsPZYVOeLL2ereG22i2w94ByibpM1bF_MSYgzU5DgkFLfcUJn31ydQ,BR1_3277185591,16.17,11.908,13.092,3.359,1
6.4286,0.3571,0.0,0.7273,0.3109,4,0.0,0.5714,0.7857,2.7273,0.5455,0.2727,0.5,0.3045,1.0,0.1,0.3636,0.7273,5.5396,0.8207,0.2052,0.8,0.2273,0.0,0.0,0.8207,1.0259,1,fiStEDXj5PK48Rb51sDT-GbX2yLwVuqiNlvivrb-4IQ-xZjnIcSAPzZwntjiXAi9mNPq3umx-vOhoQ,BR1_3275301504,16.16,14.0,11.0,4.874,0
7.3914,0.3932,0.2359,0.3636,0.2883,2,0.0,0.3145,0.865,8.1416,0.4071,0.2442,0.5,0.3102,0.0,0.2143,0.2442,0.4885,5.1927,0.4154,0.2077,0.6364,0.2327,0.0,0.2,1.4539,2.2848,1,5roMmkzby2h68-9iROB7WNlCJYOQDtR3hNDOp__f0jGOxL3yPu0sZbIJq29zLDWzjDMA4lwEZjQz2A,BR1_3277106215,16.17,12.717,12.283,4.814,1
7.2143,0.4286,0.4286,0.5714,0.1951,1,0.0,0.2857,0.5,10.1933,0.3811,0.2858,0.4444,0.3786,1.0,0.3333,0.3811,0.8574,22.0661,0.0,0.0,0.0,0.7975,0.0,0.6667,0.0,0.0,1,5roMmkzby2h68-9iROB7WNlCJYOQDtR3hNDOp__f0jGOxL3yPu0sZbIJq29zLDWzjDMA4lwEZjQz2A,BR1_3277086738,16.17,14.0,10.497,0.906,0
8.8571,0.2143,0.2143,0.3571,0.2877,4,0.0,0.3571,1.0,9.4171,0.4281,0.321,0.4,0.2646,3.0,0.0,0.8561,2.1403,5.3302,0.3948,0.4606,0.3333,0.1533,2.0,0.1304,0.2632,0.7897,0,opo8H0NhuguGRqO8c6qhBjeltBQ2JukLIl_hTsFVUMerLGwo0nhgogA6Mcpeu6rT0GoPzgK4Whgg6g,BR1_3276672211,16.17,14.0,9.345,15.196,0
6.2303,0.1832,0.2749,0.7778,0.3455,1,0.0,0.6414,0.8246,6.8865,0.497,0.284,0.2,0.2701,1.0,0.0,0.142,0.7099,5.6646,0.9441,0.4046,0.5,0.2568,0.0,0.125,0.5395,1.079,0,opo8H0NhuguGRqO8c6qhBjeltBQ2JukLIl_hTsFVUMerLGwo0nhgogA6Mcpeu6rT0GoPzgK4Whgg6g,BR1_3276569639,16.17,10.914,14.086,7.414,0
6.4286,0.6429,0.1429,0.2,0.1604,0,0.2,0.1429,0.7143,6.4545,0.5455,0.3636,0.4375,0.1498,0.0,0.2222,0.6364,1.4545,2.5124,0.2512,0.2512,0.125,0.1624,1.0,0.0,0.2512,2.0099,0,HsYgQIpeV_bGbF6SBphDH0SPiIZJuS2sKVFFbBOyymeWQcawlvzsGWJX7OWxR87gmD5lDCFZ7Gqv9w,BR1_3206266518,16.3,14.0,11.0,3.98,1
6.9202,0.3888,0.0,0.0,0.0644,0,0.0,0.0,0.622,6.0449,0.6253,0.1042,0.2143,0.094,0.0,0.1,0.3127,1.4591,5.2879,0.7554,0.1259,0.5714,0.1193,0.0,0.25,1.0072,1.7626,0,HsYgQIpeV_bGbF6SBphDH0SPiIZJuS2sKVFFbBOyymeWQcawlvzsGWJX7OWxR87gmD5lDCFZ7Gqv9w,BR1_3206256277,16.3,12.861,9.595,7.943,1
7.3571,0.5714,0.0714,0.1,0.126,0,0.2,0.0714,0.7143,6.0909,0.9091,0.1818,0.4706,0.1881,0.0,0.0,0.7273,1.5455,9.9962,0.2499,0.4998,0.0,0.2343,0.0,0.0,0.0,0.4998,0,HsYgQIpeV_bGbF6SBphDH0SPiIZJuS2sKVFFbBOyymeWQcawlvzsGWJX7OWxR87gmD5lDCFZ7Gqv9w,BR1_3206241516,16.3,14.0,11.0,4.002,0
6.5299,0.1921,0.3841,0.5,0.3092,2,0.0,0.4801,0.9603,8.3441,0.3477,0.1738,0.5,0.2559,1.0,0.0833,0.5215,1.043,9.123,0.4344,0.2172,0.3333,0.2192,1.0,0.0769,0.8689,2.6066,1,vdTmlKcd7NS4PvtKo_O4zZ_3kB8quRxakN_bAt9JBFdOyqfALwVuH4iDJPwK5pUtUUp4tRohYKN2Nw,BR1_3277197864,16.17,10.414,11.505,9.207,1
6.7143,0.3571,0.2143,0.1053,0.1869,2,0.0,0.1429,1.3571,8.5455,0.3636,0.3636,0.5,0.3026,3.0,0.0833,1.0,2.0,9.5594,0.3824,0.1912,0.5,0.2944,0.0,0.1818,1.1471,2.2943,0,vdTmlKcd7NS4PvtKo_O4zZ_3kB8quRxakN_bAt9JBFdOyqfALwVuH4iDJPwK5pUtUUp4tRohYKN2Nw,BR1_3277164072,16.17,14.0,11.0,5.23,1
4.5714,0.3571,0.4286,0.2143,0.1607,1,0.2,0.2143,1.0,10.2727,0.0909,0.0,0.4444,0.1122,1.0,0.2308,0.7273,1.6364,6.4355,0.0,0.1313,0.6,0.281,1.0,0.1818,0.788,1.3134,0,ITccyGwIuYcEROpFwj8UJAfGAEkpx4kDzwQRc8c-bPSYBsUWdZiPZ6rxdKK-ixuXjjUcWc3VrAMJsg,BR1_3277025504,16.17,14.0,11.0,7.614,0
7.8408,0.377,0.0,0.2778,0.1786,2,0.0,0.377,1.3571,4.4308,0.0852,0.1704,0.4583,0.2805,1.0,0.25,0.9373,2.045,1.4879,0.0,0.496,0.0,0.0652,0.0,0.0,0.0,0.496,0,ITccyGwIuYcEROpFwj8UJAfGAEkpx4kDzwQRc8c-bPSYBsUWdZiPZ6rxdKK-ixuXjjUcWc3VrAMJsg,BR1_3276854461,16.17,13.264,11.736,2.016,1
4.9286,0.2857,0.1429,0.3333,0.316,2,0.0,0.2143,0.6429,5.7273,0.5455,0.0909,0.5294,0.3155,2.0,0.25,0.8182,1.5455,4.981,0.6973,0.2989,0.3333,0.1515,1.0,0.1765,0.4981,1.4943,0,ITccyGwIuYcEROpFwj8UJAfGAEkpx4kDzwQRc8c-bPSYBsUWdZiPZ6rxdKK-ixuXjjUcWc3VrAMJsg,BR1_3276841170,16.17,14.0,11.0,10.038,0
7.2802,0.24,0.32,0.2,0.224,1,0.0,0.16,0.8,5.5199,0.48,0.0,0.4167,0.1579,1.0,0.0,0.4,0.96,10.5089,0.2444,0.0,0.4286,0.2045,1.0,0.0,0.7332,1.7108,0,dJNc9v2VUu3NoRmZqc5vy_BXK5wAOY8qUfm4MTQbxZGL_IINnHcWotiVggcJ5Jr48LkCM9RJvmrgUA,BR1_3277108669,16.17,12.5,12.5,4.092,1
7.9286,0.3571,0.0714,0.5,0.2495,0,0.0,0.3571,0.7143,9.0909,0.4545,0.0,0.4167,0.207,0.0,0.2,0.4545,1.0909,8.837,0.2762,0.2762,0.5455,0.2898,0.0,0.1333,0.4142,0.7594,0,dJNc9v2VUu3NoRmZqc5vy_BXK5wAOY8qUfm4MTQbxZGL_IINnHcWotiVggcJ5Jr48LkCM9RJvmrgUA,BR1_3277090285,16.17,14.0,11.0,14.485,1
8.5727,0.2276,0.0,0.5,0.3999,2,0.6,0.1517,0.3035,5.8382,0.3384,0.1692,0.1667,0.2137,0.0,0.0909,0.1692,1.0153,4.2877,0.2257,0.2257,0.4286,0.2076,0.0,0.0,0.677,1.5797,1,dJNc9v2VUu3NoRmZqc5vy_BXK5wAOY8qUfm4MTQbxZGL_IINnHcWotiVggcJ5Jr48LkCM9RJvmrgUA,BR1_3277036247,16.17,13.181,11.819,4.431,0
7.1184,0.3164,0.3164,0.1429,0.1569,0,0.0,0.0791,0.5537,7.2026,0.4046,0.4046,0.0,0.1257,0.0,0.0,0.0,0.8902,10.3541,0.5648,0.2824,0.25,0.1204,1.0,0.0667,0.0941,0.3765,0,NwUgbgUETvrP_kcl_4SeUXbRWhswROZXpKH0nEdBX0evuEWcdaU4z9eVV8HF5Ggdd4vmL3HajUMj-g,BR1_3277327938,16.17,12.643,12.357,10.624,0
7.8521,0.3849,0.077,0.5556,0.3614,0,0.0,0.3849,0.6928,7.827,0.4996,0.3331,0.7778,0.4141,1.0,0.2222,0.5829,0.7494,5.599,0.4765,0.5956,0.4167,0.2612,0.0,0.25,0.5956,1.4295,0,iXnXH-BnvdgrMlIU0j1WujJlp04Wh4UU7SyKHU2InzYY-sIOORtw1rJ6jVFcdS2S9dSkt407aACAAg,BR1_3277181349,16.17,12.99,12.01,8.394,0
9.3146,0.207,0.0,0.2308,0.1833,2,0.0,0.3105,1.3454,13.3909,1.1159,0.0,0.0,0.4724,0.0,1.0,0.0,1.1159,,,,,,,,,,0,iXnXH-BnvdgrMlIU0j1WujJlp04Wh4UU7SyKHU2InzYY-sIOORtw1rJ6jVFcdS2S9dSkt407aACAAg,BR1_3277126893,16.17,9.662,0.896,0.0,1
6.3487,0.1568,0.1568,1.0,0.4393,1,0.0,0.1568,0.1568,7.6788,0.3268,0.3268,0.7857,0.3792,0.0,0.0,0.8986,1.1437,7.7293,0.4831,0.4831,1.0,0.4581,0.0,0.1667,0.9662,0.9662,0,FmNjXl4SwoM8v-0Ne3uM9ypRJ7wb6o74fG5cr7pWGdXNg0IJrGP2HVhHLto0w1pec9OHC1ubC2z6aA,BR1_3276617873,16.17,12.758,12.242,2.07,0
6.4654,0.3803,0.0,1.0,0.2554,1,0.0,0.2535,0.2535,10.004,0.5885,0.1308,0.5455,0.2231,2.0,0.0,0.3923,0.7192,,,,,,,,,,0,FmNjXl4SwoM8v-0Ne3uM9ypRJ7wb6o74fG5cr7pWGdXNg0IJrGP2HVhHLto0w1pec9OHC1ubC2z6aA,BR1_3276611916,16.17,7.888,15.294,0.0,0
7.2844,0.2185,0.1457,0.5,0.3476,0,0.0,0.1457,0.2914,6.6835,0.4578,0.3662,0.7692,0.3751,4.0,0.1,0.9155,1.1902,1.7945,0.3263,0.4894,0.625,0.3951,2.0,0.0,0.8157,1.3051,0,FmNjXl4SwoM8v-0Ne3uM9ypRJ7wb6o74fG5cr7pWGdXNg0IJrGP2HVhHLto0w1pec9OHC1ubC2z6aA,BR1_3276603896,16.17,13.728,10.922,6.13,0
6.0791,0.2464,0.2464,0.3333,0.2501,1,0.0,0.2464,0.7393,5.2207,0.3405,0.3405,0.3125,0.2133,1.0,0.25,0.5675,1.8159,12.7095,0.2889,0.0,0.625,0.2809,1.0,0.4286,0.7221,1.1554,0,FmNjXl4SwoM8v-0Ne3uM9ypRJ7wb6o74fG5cr7pWGdXNg0IJrGP2HVhHLto0w1pec9OHC1ubC2z6aA,BR1_3276599217,16.17,12.173,8.811,6.924,1
7.5,0.3571,0.2857,0.3333,0.3124,1,0.0,0.1429,0.4286,8.1818,0.3636,0.3636,0.3846,0.1725,0.0,0.2308,0.4545,1.1818,7.9754,0.4883,0.2441,0.7368,0.2557,1.0,0.0909,1.1393,1.5463,0,6qGnbVSS62khgh4uFfM-3zY2qScdGvAFbhnBYg9YkzsawcWffGY2lvGph8T0nDh4O9qkW8g8UzNPtw,BR1_3276987699,16.17,14.0,11.0,12.288,0
7.9732,0.3254,0.0814,0.0,0.1164,0,0.0,0.0,0.5695,7.7149,0.5382,0.2691,0.1667,0.1121,0.0,0.125,0.0897,0.5382,7.2128,0.0,0.0,0.0,0.1297,0.0,0.25,0.0,0.0,0,6qGnbVSS62khgh4uFfM-3zY2qScdGvAFbhnBYg9YkzsawcWffGY2lvGph8T0nDh4O9qkW8g8UzNPtw,BR1_3276979737,16.17,12.291,11.147,2.08,0
6.2857,0.2143,0.2143,0.375,0.2213,1,0.0,0.2143,0.5714,6.1818,0.4545,0.2727,0.5294,0.2583,1.0,0.3,0.8182,1.5455,5.5677,0.5568,0.1392,0.4,0.2394,0.0,0.1538,1.1135,2.7839,0,iGbE7LErLx63uw7VbvXDyMCuT_bysODptMc_7vvj5Au4la8J9m6g6WEVGZj5uc3KE1cZfovh4-VcWQ,BR1_3277368223,16.17,14.0,11.0,7.184,1
5.8571,0.2143,0.2857,0.3846,0.329,4,0.25,0.3571,0.9286,7.5455,0.5455,0.0909,0.4444,0.2796,1.0,0.0,0.3636,0.8182,3.9217,0.07,0.2801,0.3333,0.1125,1.0,0.0714,0.4902,1.4706,0,iGbE7LErLx63uw7VbvXDyMCuT_bysODptMc_7vvj5Au4la8J9m6g6WEVGZj5uc3KE1cZfovh4-VcWQ,BR1_3277338126,16.17,14.0,11.0,14.28,1
5.8009,0.29,0.1934,0.6667,0.2993,0,0.0,0.3867,0.5801,6.6864,0.2047,0.2047,0.64,0.397,5.0,0.2222,1.0917,1.7057,3.3128,0.53,0.53,0.4286,0.2542,2.0,0.0,0.3975,0.9276,0,iGbE7LErLx63uw7VbvXDyMCuT_bysODptMc_7vvj5Au4la8J9m6g6WEVGZj5uc3KE1cZfovh4-VcWQ,BR1_3277049803,16.17,10.343,14.657,7.547,0
7.0708,0.2525,0.0,0.6667,0.3231,1,0.0,0.1684,0.2525,3.5823,0.3049,0.3049,0.6429,0.4494,2.0,0.0909,0.686,1.0671,3.4561,0.0,0.576,0.6667,0.2848,2.0,0.1,0.9216,1.3825,0,e3RtjqJJ0S3UnrEhwzXMjurHYRJaVQCAE04c4xkj4ldLPLVjIHzKDsoAkWzxPpA1Q4NAs4YoUT-nnQ,BR1_3277365699,16.17,11.88,13.12,8.68,0
6.4952,0.3776,0.2266,0.75,0.4004,1,0.25,0.2266,0.3021,6.2077,0.2551,0.085,0.9,0.4178,3.0,0.0909,0.7653,0.8504,3.682,0.0,0.1116,1.0,0.3825,2.0,0.3333,0.2232,0.2232,1,e3RtjqJJ0S3UnrEhwzXMjurHYRJaVQCAE04c4xkj4ldLPLVjIHzKDsoAkWzxPpA1Q4NAs4YoUT-nnQ,BR1_3277351522,16.17,13.24,11.76,8.963,0
6.93,0.2772,0.0924,0.4286,0.3227,2,0.0,0.2772,0.6468,4.3731,0.3527,0.1411,0.3889,0.2665,3.0,0.1667,0.4937,1.2696,5.0512,0.0,0.0,0.9,0.3604,1.0,0.0,2.273,2.5256,1,e3RtjqJJ0S3UnrEhwzXMjurHYRJaVQCAE04c4xkj4ldLPLVjIHzKDsoAkWzxPpA1Q4NAs4YoUT-nnQ,BR1_3277300415,16.17,10.822,14.178,3.959,1
7.1429,0.0,0.0714,0.2,0.1616,0,0.2,0.1429,0.7143,8.7273,0.0909,0.0909,0.5,0.248,3.0,0.25,0.5455,1.0909,3.9946,0.3551,0.5326,0.2,0.216,0.0,0.0625,0.0888,0.4438,0,e3RtjqJJ0S3UnrEhwzXMjurHYRJaVQCAE04c4xkj4ldLPLVjIHzKDsoAkWzxPpA1Q4NAs4YoUT-nnQ,BR1_3277291454,16.17,14.0,11.0,11.265,0
6.7857,0.5,0.1429,0.5714,0.3089,2,0.0,0.2857,0.5,3.1818,0.7273,0.5455,0.7333,0.3065,0.0,0.0,1.0,1.3636,7.1165,1.0465,0.2093,0.125,0.093,0.0,0.4,0.2093,1.6745,1,t-Z2E_984EilEGAXc3IwQN5XJmUL4H8EdAMKnuxe9I2VRqOTTDcZxLWNfGMQ_uoMJFRw4lmeh9NjKw,BR1_3277023766,16.17,14.0,11.0,4.778,1
5.2143,0.3571,0.2857,0.6842,0.341,4,0.0,0.9286,1.3571,6.1818,0.3636,0.3636,0.5882,0.3803,6.0,0.0,0.9091,1.5455,3.6909,0.4101,0.4101,0.4667,0.3034,3.0,0.4,0.7177,1.5379,0,t-Z2E_984EilEGAXc3IwQN5XJmUL4H8EdAMKnuxe9I2VRqOTTDcZxLWNfGMQ_uoMJFRw4lmeh9NjKw,BR1_3276986879,16.17,14.0,11.0,9.754,0
6.8661,0.1783,0.3567,0.1818,0.1758,2,0.0,0.1783,0.9809,7.9794,0.5078,0.3627,0.375,0.2809,1.0,0.1429,0.6529,1.741,5.4063,0.4915,0.4468,0.3571,0.1903,1.0,0.1875,0.4468,1.2511,1,t-Z2E_984EilEGAXc3IwQN5XJmUL4H8EdAMKnuxe9I2VRqOTTDcZxLWNfGMQ_uoMJFRw4lmeh9NjKw,BR1_3276973387,16.17,11.215,13.785,22.381,1
6.4655,0.3849,0.2309,0.7143,0.2195,3,0.2,0.7697,1.0776,5.8222,0.6175,0.1764,0.2143,0.1894,0.0,0.1,0.2646,1.235,9.794,0.0,0.5761,0.4286,0.1758,0.0,0.4286,0.8642,2.0164,0,leO7dKIj5JWY0hZTj_dCIX9fkM2FIRUiPOwBJdqlnpFfkG6RqlkUcKLx92_5YHV9gAA1F-jKrg_SFQ,BR1_3274241088,16.16,12.992,11.336,3.471,0
2.6334,0.0878,0.5267,0.4286,0.28,2,0.0,0.2633,0.6145,5.9759,0.103,0.4121,0.4545,0.1764,1.0,0.125,0.5152,1.1334,5.3427,0.3909,0.2606,0.7143,0.2238,1.0,0.1111,1.3031,1.8243,0,IKtvssiF1P-Mn1MAlFqcjsyA8ZGi-OKJ0qNr-LwkoLFsb0CI6euJ1ZDs3N_JF2LhuzQ-wjscl-MsGg,BR1_3276970115,16.17,11.392,9.706,7.674,0
6.6429,0.2143,0.1429,0.3571,0.2171,0,0.0,0.3571,1.0,6.2727,0.2727,0.4545,0.1579,0.1644,1.0,0.0,0.2727,1.7273,5.8724,0.3011,0.2259,0.4815,0.1995,0.0,0.1875,0.9787,2.0327,0,Y-rsQ06RWVe4yH46FvzzBaQ1S0TPkS0cBjZO5uit7Bj0NUY_09JaAMIJYPPEfwboYOIieTu-24vU6Q,BR1_3276488238,16.17,14.0,11.0,13.283,1
5.2857,0.3571,0.2143,0.4,0.2317,0,0.25,0.2857,0.7143,7.8955,0.1903,0.2854,0.4118,0.2258,1.0,0.3077,0.6659,1.6171,4.6196,0.5543,0.3696,0.5,0.1795,0.0,0.0,0.5543,1.1087,0,Ic12ztkOxZDWd0zMq3VKs0kquJsmSJMvgNBKVi3bYp7GiYBhlEZXWrPTqblOGeNHTTnQ4Gt1GDpz7g,BR1_3276932189,16.17,14.0,10.512,5.412,0
5.9286,0.3571,0.0714,0.3077,0.2861,1,0.0,0.2857,0.9286,7.2727,0.3636,0.0909,0.1429,0.1625,0.0,0.3333,0.0909,0.6364,7.6076,0.4611,0.4611,0.0,0.1058,0.0,0.3636,0.0,0.3458,0,Ic12ztkOxZDWd0zMq3VKs0kquJsmSJMvgNBKVi3bYp7GiYBhlEZXWrPTqblOGeNHTTnQ4Gt1GDpz7g,BR1_3276919383,16.17,14.0,11.0,8.676,0
6.6065,0.3754,0.1501,0.3,0.1778,0,0.0,0.2252,0.7507,5.6508,0.4281,0.0,0.5263,0.2563,1.0,0.25,0.8562,1.6268,6.375,0.4347,0.1449,0.3077,0.1359,0.0,0.0833,0.5795,1.8835,0,Ic12ztkOxZDWd0zMq3VKs0kquJsmSJMvgNBKVi3bYp7GiYBhlEZXWrPTqblOGeNHTTnQ4Gt1GDpz7g,BR1_3276653786,16.17,13.32,11.68,6.902,1
7.8473,0.3412,0.0853,0.5,0.1935,2,0.0,0.5118,1.0236,8.8127,0.4519,0.226,0.7368,0.4488,5.0,0.2727,1.0545,1.4311,8.7905,0.4395,0.2198,0.75,0.4265,1.0,0.3333,1.3186,1.7581,0,Ic12ztkOxZDWd0zMq3VKs0kquJsmSJMvgNBKVi3bYp7GiYBhlEZXWrPTqblOGeNHTTnQ4Gt1GDpz7g,BR1_3276636060,16.17,11.724,13.276,9.101,1
7.5554,0.374,0.0748,0.6429,0.3114,4,0.0,0.6733,1.0473,10.6715,0.4509,0.0,0.5,0.3654,4.0,0.125,1.2024,2.4048,,,,,,,,,,1,Ic12ztkOxZDWd0zMq3VKs0kquJsmSJMvgNBKVi3bYp7GiYBhlEZXWrPTqblOGeNHTTnQ4Gt1GDpz7g,BR1_3276613631,16.17,13.368,6.653,0.0,1
6.4286,0.2143,0.2857,0.3636,0.3577,4,0.0,0.2857,0.7857,5.4545,0.0909,0.3636,0.75,0.3784,3.0,0.0833,0.8182,1.0909,9.0291,0.5889,0.1309,0.619,0.3737,3.0,0.0,0.8506,1.374,0,OrSlY3aqc3tr2A66IKeedJ0mQpLUz2wchbzhs83ISe7wq6o59B_yy5u5xh_qjUhq1ENmcW4wP9PQhQ,BR1_3276972662,16.17,14.0,11.0,15.284,0
5.4754,0.3129,0.3911,0.8889,0.3814,3,0.0,0.6258,0.704,6.8764,0.8186,0.0819,0.3333,0.2667,6.0,0.1,0.573,1.7191,5.749,0.8312,0.2771,0.5,0.3313,2.0,0.2222,0.5541,1.1082,0,FeOzXeVG7ROEgr2AtVQ-zPZrWMGaj47DeFj1GMXMRQ2tuAIptupzfyAnTXdMsNH2wT5bz9KvstM00A,BR1_3277356971,16.17,12.784,12.216,14.437,0
6.5,0.2143,0.2143,0.4706,0.3376,3,0.0,0.5714,1.2143,4.8182,0.5455,0.3636,0.6,0.3657,2.0,0.1818,1.0909,1.8182,6.9586,0.3624,0.3624,0.5217,0.2981,0.0,0.0,0.8698,1.6672,0,FeOzXeVG7ROEgr2AtVQ-zPZrWMGaj47DeFj1GMXMRQ2tuAIptupzfyAnTXdMsNH2wT5bz9KvstM00A,BR1_3277341290,16.17,14.0,11.0,13.796,1
5.9286,0.2143,0.0714,0.2727,0.2179,2,0.0,0.2143,0.7857,7.0,0.4545,0.2727,0.3529,0.2351,2.0,0.1538,0.5455,1.5455,2.2179,0.3696,0.7393,0.0,0.2378,0.0,0.0,0.0,2.2179,0,FeOzXeVG7ROEgr2AtVQ-zPZrWMGaj47DeFj1GMXMRQ2tuAIptupzfyAnTXdMsNH2wT5bz9KvstM00A,BR1_3277331379,16.17,14.0,11.0,2.705,1
6.0,0.3571,0.2143,0.25,0.2385,3,0.0,0.2143,0.8571,7.8182,0.5455,0.2727,0.4211,0.2679,4.0,0.0,0.7273,1.7273,3.6216,0.4579,0.4579,0.6071,0.3382,5.0,0.16,0.7077,1.1656,0,FeOzXeVG7ROEgr2AtVQ-zPZrWMGaj47DeFj1GMXMRQ2tuAIptupzfyAnTXdMsNH2wT5bz9KvstM00A,BR1_3277038554,16.17,14.0,11.0,24.023,0
8.3039,0.2966,0.0741,0.1429,0.1897,0,0.0,0.0741,0.519,9.3812,0.4343,0.1737,0.3846,0.1748,0.0,0.0,0.4343,1.1292,9.7464,0.3481,0.3481,0.25,0.1223,0.0,0.0,0.174,0.6962,0,iBP5KmzhvmUHcJl0T8T711rQWg07xLwC2Uua2oagHvhdQ6w-A0xViywOdLdkr_3JDX-CYQ2tUiqiCA,BR1_3276610964,16.17,13.488,11.512,5.746,0
6.7114,0.3398,0.085,1.0,0.3018,1,0.0,0.2549,0.2549,5.7449,0.5291,0.1512,0.75,0.3451,2.0,0.0,0.6803,0.9071,4.707,0.2393,0.2393,0.5714,0.3134,1.0,0.2,0.3191,0.5585,0,Ja6bnx1-gnB0ZSgZ93AkEXhuzukOAP9jE-kDTVluCLrOQ4qPTDOKaIAQZ8LyiIAWFK6ajxkT6-pbaQ,BR1_3277361723,16.17,11.771,13.229,12.535,0
7.3861,0.2984,0.1492,0.4286,0.2178,2,0.0,0.2238,0.5222,7.3299,0.3449,0.0862,0.5,0.2918,0.0,0.1,0.1725,0.3449,5.0654,0.2202,0.2202,0.5,0.0929,0.0,0.2,0.2202,0.4405,0,Ja6bnx1-gnB0ZSgZ93AkEXhuzukOAP9jE-kDTVluCLrOQ4qPTDOKaIAQZ8LyiIAWFK6ajxkT6-pbaQ,BR1_3276841358,16.17,13.404,11.596,4.541,0
8.1429,0.4286,0.0714,0.3333,0.1941,0,0.0,0.0714,0.2143,11.3573,0.4155,0.1385,0.5714,0.2168,0.0,0.0,0.554,0.9695,7.6399,0.4064,0.4064,0.3333,0.2269,1.0,0.1538,0.4064,1.2191,0,Ja6bnx1-gnB0ZSgZ93AkEXhuzukOAP9jE-kDTVluCLrOQ4qPTDOKaIAQZ8LyiIAWFK6ajxkT6-pbaQ,BR1_3276185147,16.16,14.0,7.22,12.304,0
6.2294,0.3664,0.0,0.5,0.2376,2,0.0,0.5497,1.0993,7.0309,0.4018,0.3013,0.3077,0.118,0.0,0.1111,0.4018,1.3057,9.162,0.3393,0.3393,0.6,0.1929,0.0,0.0,0.509,0.8483,1,wJMg89a_0DnMcr23kOo6fpJ8w_7b7uEbT2N0ZVzRKCiP0c1by5zLLQWA1Nluyp3U48F2URbYGQ9TIA,BR1_3276989425,16.17,10.916,9.956,5.894,0
5.6552,0.0884,0.0884,0.2941,0.2192,1,0.0,0.4418,1.5022,5.0428,0.2923,0.3654,0.2857,0.1479,1.0,0.1538,0.4385,1.5348,12.1872,0.4779,0.239,0.3077,0.1719,1.0,0.125,0.9559,3.1065,0,wJMg89a_0DnMcr23kOo6fpJ8w_7b7uEbT2N0ZVzRKCiP0c1by5zLLQWA1Nluyp3U48F2URbYGQ9TIA,BR1_3276702248,16.17,11.317,13.683,4.185,1
7.5445,0.2358,0.0786,0.1429,0.2028,1,0.0,0.0786,0.5501,7.4132,0.4073,0.4073,0.7778,0.3371,0.0,0.1538,0.5702,0.7332,4.0572,0.3121,0.6242,0.2857,0.3635,0.0,0.1111,0.3121,1.0923,0,wJMg89a_0DnMcr23kOo6fpJ8w_7b7uEbT2N0ZVzRKCiP0c1by5zLLQWA1Nluyp3U48F2URbYGQ9TIA,BR1_3276651021,16.17,12.725,12.275,6.408,0
4.8898,0.3315,0.0829,0.2941,0.1912,1,0.0,0.4144,1.4089,3.3245,0.3093,0.3093,0.5556,0.2017,0.0,0.2,0.7731,1.3917,2.7899,0.2232,0.2232,0.2727,0.1774,0.0,0.1,0.3348,1.2275,0,ZlEm698OJ5InOCxLJ6cCqtDoIfQY8gdXvFmUDJovq_p3sksIOBK5ebPUXcUiDDJ3rGb-O5eSp4XEYQ,BR1_3276648761,16.17,12.066,12.934,8.961,0
7.9238,0.3635,0.0,0.1111,0.2339,0,0.0,0.0727,0.6543,6.6702,0.3557,0.2668,0.4118,0.1688,0.0,0.0769,0.6226,1.5119,2.3159,0.3088,0.4632,0.4,0.1339,0.0,0.3333,0.6176,1.5439,0,GI0NRWa5NjBsahfexYMMwFoXN_FhC3bFoel28tsGQYdTH7BouY3kJUiU_SIoX40ocwW9MG_YNmiPkQ,BR1_3276575239,16.17,13.756,11.244,6.477,0
7.005,0.4519,0.0,0.3,0.212,2,0.0,0.226,0.7532,7.9326,0.4265,0.1706,0.6,0.2167,1.0,0.0,0.2559,0.4265,4.123,0.4065,0.2904,0.75,0.3263,0.0,0.1667,1.3937,1.8583,0,GI0NRWa5NjBsahfexYMMwFoXN_FhC3bFoel28tsGQYdTH7BouY3kJUiU_SIoX40ocwW9MG_YNmiPkQ,BR1_3276566625,16.17,13.276,11.724,17.22,1
7.0,0.3571,0.0714,0.1667,0.2121,0,0.0,0.0714,0.4286,7.7273,0.3636,0.1818,0.6,0.2083,1.0,0.0,0.5455,0.9091,1.8721,0.208,0.416,0.5,0.2796,0.0,0.375,0.208,0.416,0,GI0NRWa5NjBsahfexYMMwFoXN_FhC3bFoel28tsGQYdTH7BouY3kJUiU_SIoX40ocwW9MG_YNmiPkQ,BR1_3276436259,16.17,14.0,11.0,4.807,0
4.4731,0.2982,0.4473,0.2,0.1668,0,0.2,0.2237,1.1183,2.2224,0.3704,0.3704,0.2857,0.1213,0.0,0.2222,0.3704,1.2964,6.1278,0.5231,0.2989,0.375,0.1062,0.0,0.25,0.4484,1.1957,0,Pn9wPVbkS0YruKxFmhw-GLL-dFBj9MGKJgZnWeBDTiAI4OO9YhsiBX93APcMBsOwEoVuqL1pbRVBMg,BR1_3275572929,16.16,13.414,10.799,13.382,1
6.8571,1.4286,0.2143,0.2,0.1871,1,0.0,0.1429,0.7143,9.5455,2.8182,0.1818,0.3846,0.2574,2.0,0.1111,0.4545,1.1818,9.861,3.1523,0.1617,0.4762,0.3303,2.0,0.0769,0.8083,1.6974,0,2q2SbDBUUpqIneGVqcc2xQV28k9Vqy1rAfAoCvFX69JHH4HQzxMDeOHeoBP7ByjIzhenxhyPNEc8mg,BR1_3276988429,16.17,14.0,11.0,12.372,1
6.2857,0.2857,0.6429,0.7143,0.4213,2,0.0,0.7143,1.0,8.8182,0.4545,0.3636,0.4706,0.2955,1.0,0.3,0.7273,1.5455,7.5101,0.5007,0.6676,0.0,0.2371,0.0,0.1,0.0,0.6676,0,2q2SbDBUUpqIneGVqcc2xQV28k9Vqy1rAfAoCvFX69JHH4HQzxMDeOHeoBP7ByjIzhenxhyPNEc8mg,BR1_3276901294,16.17,14.0,11.0,5.992,0
8.3588,0.2181,0.2181,0.625,0.3013,4,0.0,0.3634,0.5815,5.0703,0.4448,0.3558,0.3684,0.3008,0.0,0.1538,0.6227,1.6901,9.7131,0.4625,0.185,0.2857,0.1325,0.0,0.4,0.185,0.6475,1,2q2SbDBUUpqIneGVqcc2xQV28k9Vqy1rAfAoCvFX69JHH4HQzxMDeOHeoBP7ByjIzhenxhyPNEc8mg,BR1_3276883744,16.17,13.758,11.242,10.81,0
6.0989,0.1694,0.0,0.2727,0.163,3,0.5,0.2541,0.9318,10.7132,0.7202,0.0,0.1333,0.1344,2.0,0.0,0.1801,1.3504,5.8113,0.7341,0.1223,0.4839,0.2258,2.0,0.1765,0.9176,1.8963,0,Dq6rpOhVnrwpeQ5FX_J21_UKcJROAVgvWwbxsw2b93VO4uZRdpvpLnFdQYMOKUmNjpi3o_4GxlqLNg,BR1_3276370942,16.17,11.805,11.108,16.347,1
7.2143,0.5,0.0714,0.3,0.1631,1,0.0,0.2143,0.7143,4.9091,0.1818,0.5455,0.25,0.1805,0.0,0.0,0.3636,1.4545,6.1934,0.6193,0.2064,0.3333,0.2074,3.0,0.3333,0.7226,2.1677,0,Dq6rpOhVnrwpeQ5FX_J21_UKcJROAVgvWwbxsw2b93VO4uZRdpvpLnFdQYMOKUmNjpi3o_4GxlqLNg,BR1_3276090324,16.16,14.0,11.0,9.688,1
6.0,0.2857,0.3571,0.3,0.1829,0,0.6,0.2143,0.7143,5.6748,0.1113,0.2225,0.25,0.1612,1.0,0.1111,0.2225,0.8902,4.6983,0.3809,0.6349,0.5714,0.1593,0.0,0.0833,0.5079,0.8889,0,f14LrAKR-ylD_yu3CgnRw7Y6BxB2-0yeaEKyXzC5gra_huRu6utd7IvfCQCalNAXTWpSndesJ0TYOA,BR1_3277353483,16.17,14.0,8.987,7.875,0
7.9684,0.2656,0.2656,0.2,0.1941,0,0.0,0.0885,0.4427,6.2749,0.4378,0.2189,0.6667,0.2585,0.0,0.2143,1.1674,1.7511,5.2408,0.3614,0.1807,0.375,0.1914,1.0,0.1429,0.5421,1.4457,1,f14LrAKR-ylD_yu3CgnRw7Y6BxB2-0yeaEKyXzC5gra_huRu6utd7IvfCQCalNAXTWpSndesJ0TYOA,BR1_3277273354,16.17,11.295,13.705,11.067,1
6.4486,0.2999,0.2999,0.4286,0.2089,1,0.0,0.4499,1.0498,6.2587,0.2572,0.3429,0.5714,0.2597,0.0,0.25,0.6859,1.2003,4.4996,0.5113,0.3579,0.5357,0.2281,2.0,0.0741,0.767,1.4317,0,XEfIZfNEXOFZfsCOAlGVSfWKgYYi3ekNtkIAWWhgZ17melf_th69lc6rgo8jD5iOtuVhCmkPvwAo9A,BR1_3277064664,16.17,13.336,11.664,19.557,0
5.3882,0.3079,0.1539,0.5294,0.2708,2,0.0,0.6928,1.3086,5.4128,0.4164,0.2498,0.4762,0.2511,2.0,0.0667,0.8327,1.7488,4.4804,0.0,0.5974,0.7857,0.4694,6.0,0.3333,1.6428,2.0909,0,XEfIZfNEXOFZfsCOAlGVSfWKgYYi3ekNtkIAWWhgZ17melf_th69lc6rgo8jD5iOtuVhCmkPvwAo9A,BR1_3277047940,16.17,12.991,12.009,6.696,1
7.2279,0.2436,0.1624,0.5294,0.3039,2,0.0,0.7309,1.3806,6.0268,0.3395,0.4244,0.4211,0.2458,2.0,0.25,0.6791,1.6128,6.2688,0.4478,0.4478,0.3636,0.3055,3.0,0.3333,0.8955,2.4627,0,XEfIZfNEXOFZfsCOAlGVSfWKgYYi3ekNtkIAWWhgZ17melf_th69lc6rgo8jD5iOtuVhCmkPvwAo9A,BR1_3277017355,16.17,12.313,11.781,4.467,1
7.6432,0.364,0.0,0.5,0.3024,5,0.0,0.455,0.9099,6.766,0.3638,0.291,0.5556,0.3248,3.0,0.0833,0.7275,1.3096,6.6771,0.6813,0.4088,0.5714,0.374,1.0,0.0,0.5451,0.9539,0,7nFDD9b1DYvvz3fKHzPp3Qhrku8TLwH-sviDEyKUVX5D3i-kqfE1UHMYN4Rw7nmA95LMcByrpeDsww,BR1_3277266725,16.17,10.99,13.745,7.338,0
5.1895,0.2433,0.3243,0.4,0.2163,3,0.0,0.3243,0.8109,8.5921,0.3305,0.2479,0.6,0.3229,3.0,0.0,0.4957,0.8262,,,,,,,,,,1,7nFDD9b1DYvvz3fKHzPp3Qhrku8TLwH-sviDEyKUVX5D3i-kqfE1UHMYN4Rw7nmA95LMcByrpeDsww,BR1_3277269353,16.17,12.333,12.104,0.0,0
5.5714,0.2143,0.2857,0.3125,0.2007,1,0.0,0.3571,1.1429,6.8182,0.2727,0.1818,0.3333,0.201,2.0,0.1333,0.6364,1.9091,4.8898,0.4075,0.4075,0.3333,0.1976,0.0,0.2,0.815,2.4449,0,7nFDD9b1DYvvz3fKHzPp3Qhrku8TLwH-sviDEyKUVX5D3i-kqfE1UHMYN4Rw7nmA95LMcByrpeDsww,BR1_3277268172,16.17,14.0,11.0,2.454,1
3.8571,0.2857,0.4286,0.4737,0.2493,3,0.0,0.6429,1.3571,6.1376,0.558,0.558,0.2727,0.1666,1.0,0.1538,0.279,1.0229,,,,,,,,,,1,7nFDD9b1DYvvz3fKHzPp3Qhrku8TLwH-sviDEyKUVX5D3i-kqfE1UHMYN4Rw7nmA95LMcByrpeDsww,BR1_3277257767,16.17,14.0,10.753,0.0,0
8.4859,0.2253,0.3004,0.2727,0.2757,0,0.0,0.2253,0.8261,3.8427,0.0937,0.4686,0.5625,0.3069,1.0,0.1111,0.8435,1.4996,6.216,0.1828,0.4266,0.4706,0.2076,1.0,0.0526,0.4875,1.036,0,r2xTUyF_S2GhETpTkZixOyV3fmd45NAqFM2d7mu7h6943rmrLJG4PU6dCfrsouXYOEn2dnL2-sJfAA,BR1_3276734865,16.17,13.316,10.669,16.409,0
8.7177,0.0,0.1661,0.3333,0.2609,3,0.0,0.2491,0.7472,7.7137,0.406,0.406,0.5,0.3177,1.0,0.1538,0.203,0.406,5.4977,0.2618,0.7854,0.6667,0.3683,0.0,0.0,1.0472,1.5708,1,r2xTUyF_S2GhETpTkZixOyV3fmd45NAqFM2d7mu7h6943rmrLJG4PU6dCfrsouXYOEn2dnL2-sJfAA,BR1_3276707427,16.17,12.044,9.853,3.82,0
7.7143,0.5,0.4286,0.2353,0.2489,3,0.2,0.2857,1.2143,5.0909,0.5455,0.5455,0.5556,0.1823,2.0,0.0667,0.9091,1.6364,7.8968,0.5446,0.4538,0.1818,0.2149,1.0,0.0625,0.3631,1.9969,0,r2xTUyF_S2GhETpTkZixOyV3fmd45NAqFM2d7mu7h6943rmrLJG4PU6dCfrsouXYOEn2dnL2-sJfAA,BR1_3276680080,16.17,14.0,11.0,11.017,1
7.7143,0.1429,0.2857,0.2308,0.2206,1,0.0,0.2143,0.9286,5.1098,0.4258,0.2129,0.4615,0.3828,2.0,0.0,0.6387,1.3839,4.3465,0.0737,0.2947,0.25,0.2371,0.0,0.0556,0.3683,1.4734,0,r2xTUyF_S2GhETpTkZixOyV3fmd45NAqFM2d7mu7h6943rmrLJG4PU6dCfrsouXYOEn2dnL2-sJfAA,BR1_3276662738,16.17,14.0,9.394,13.574,1
6.7857,0.2857,0.1429,0.25,0.2711,2,0.0,0.2143,0.8571,8.9091,0.4545,0.1818,0.5294,0.364,1.0,0.1,0.8182,1.5455,11.0051,0.3978,0.0,0.5556,0.3887,1.0,0.2308,1.3259,2.3867,0,JQP8Qlbxv6JWEcYSs4V8jky-yy-1by1jeq9LUxzwi0VneTMd8_LmW8DPGkBEUD8CHRinMF1WjfsCpA,BR1_3277287014,16.17,14.0,11.0,7.542,1
5.5,0.1429,0.2143,0.4545,0.2636,1,0.2,0.3571,0.7857,7.3636,0.4545,0.2727,0.5833,0.2886,1.0,0.1818,0.6364,1.0909,5.4186,0.2643,0.3965,0.5385,0.376,1.0,0.0,0.9251,1.7181,0,JQP8Qlbxv6JWEcYSs4V8jky-yy-1by1jeq9LUxzwi0VneTMd8_LmW8DPGkBEUD8CHRinMF1WjfsCpA,BR1_3276883300,16.17,14.0,11.0,7.567,0
5.408,0.2003,0.4006,0.0,0.3496,0,0.0,0.0,0.3004,7.7923,0.1998,0.1998,0.2353,0.1102,0.0,0.1111,0.2664,1.1322,9.1958,0.0,0.0,0.5556,0.2777,1.0,0.0,1.1214,2.0186,0,JQP8Qlbxv6JWEcYSs4V8jky-yy-1by1jeq9LUxzwi0VneTMd8_LmW8DPGkBEUD8CHRinMF1WjfsCpA,BR1_3276870283,16.17,9.985,15.015,4.459,1
8.0,0.3571,0.0,0.1667,0.1714,0,0.0,0.0714,0.4286,10.2119,0.3691,0.123,0.7143,0.259,0.0,0.0,0.6152,0.8612,4.4828,0.0,0.8405,0.0,0.1293,0.0,0.375,0.0,0.8405,0,JQP8Qlbxv6JWEcYSs4V8jky-yy-1by1jeq9LUxzwi0VneTMd8_LmW8DPGkBEUD8CHRinMF1WjfsCpA,BR1_3276510219,16.17,14.0,8.128,3.569,0
7.0706,0.0982,0.1964,0.1111,0.1798,0,0.0,0.0982,0.8838,8.1123,0.2233,0.0744,0.3889,0.2241,1.0,0.25,0.521,1.3396,5.0905,0.2828,0.3771,0.55,0.2155,0.0,0.0714,1.0369,1.8854,0,IZ5F9j5VBNT6aU5Wweh14c28eZ8-0bEUxylUVTRu4IjUlgtKOLIdAc9vLejZEoR_8ZC-npbVo1dxdg,BR1_3277008748,16.17,10.183,13.436,10.608,0
7.0714,0.1429,0.0714,0.3333,0.1814,1,0.25,0.2143,0.6429,7.0,0.3636,0.2727,0.4444,0.2516,2.0,0.0,0.7273,1.6364,6.8071,0.1547,0.3094,0.5714,0.1779,0.0,0.2222,1.2376,2.1659,0,IZ5F9j5VBNT6aU5Wweh14c28eZ8-0bEUxylUVTRu4IjUlgtKOLIdAc9vLejZEoR_8ZC-npbVo1dxdg,BR1_3276978255,16.17,14.0,11.0,6.464,1
7.7424,0.2255,0.0752,0.0,0.1485,0,0.0,0.0,0.451,4.7395,0.395,0.395,0.0,0.3154,0.0,0.0,0.0,0.7899,,,,,,,,,,0,bWxRkd5WBD6MGsdWEDbXFJ7g1vCMSZ70m2hRQpZIQ05gkg8TP2ELO-Ga_0lp5yl8U7Jx2Ag412qMpw,BR1_3276935763,16.17,13.303,2.532,0.0,0
8.1429,0.3571,0.0,0.4545,0.2313,2,0.0,0.3571,0.7857,6.9091,0.0,0.1818,0.6,0.1583,1.0,0.1,0.8182,1.3636,7.4039,0.0,0.2875,0.5833,0.3123,3.0,0.0625,0.5032,0.8626,0,Bsrqs0jwiV8oeYFR3Op6Nr8MrmY5uqEGIHGPoBXJkBAr4z08NxQfEuoWkH2N5yQHHRMPfK2miIQARQ,BR1_3276952528,16.17,14.0,11.0,13.912,0
6.2074,0.0748,0.1496,0.3333,0.2696,2,0.0,0.2992,0.8975,6.6153,0.0,0.3891,0.1875,0.2345,0.0,0.0909,0.2919,1.5565,5.0361,0.0968,0.2905,0.625,0.2792,0.0,0.0833,0.9685,1.5496,0,2rNmx0kkmXTYIJ_Ua6At98fJ_0PswssaWl7vA8HYCEJfzXMDZcjWC5NTN_gnvpdGAnghWxFblPpHBA,BR1_3277070742,16.17,13.371,10.279,10.325,0
6.9286,0.1429,0.1429,0.4667,0.2704,1,0.4,0.5,1.0714,5.8182,0.1818,0.1818,0.4545,0.3292,2.0,0.125,0.9091,2.0,11.9497,0.0,0.0,0.5,0.2398,1.0,0.0,1.4485,2.8969,0,2rNmx0kkmXTYIJ_Ua6At98fJ_0PswssaWl7vA8HYCEJfzXMDZcjWC5NTN_gnvpdGAnghWxFblPpHBA,BR1_3277057711,16.17,14.0,11.0,2.762,1
7.5,0.1429,0.1429,0.2222,0.2198,2,0.0,0.1429,0.6429,7.2867,0.3584,0.2389,0.4545,0.2619,0.0,0.0,0.5973,1.314,4.9642,0.2026,0.4052,0.5833,0.2422,0.0,0.0,0.7092,1.2157,0,CNDqRZgj50XcG_roUqUYxf1jM7oV2meoVipv1RSgO-xp7Hswr9wh8zyDzFOO8iX_tazFXz0k9nSRvA,BR1_3275823213,16.16,14.0,8.371,9.871,0
6.4303,0.3674,0.0,0.5,0.3091,1,,0.1837,0.3674,,,,,,,,,,,,,,,,,,,0,SYl1WQrNkkFIHYOZUiWFgt2U5EZr8iDTWTtD7UU6xApR9O8JkNiJH7j2WKhv88ycewij1PuNhARbhQ,BR1_3277248642,16.17,5.443,0.0,0.0,1
4.6153,0.2163,0.0721,0.6,0.3687,1,0.0,0.649,1.0817,5.2695,0.0,0.4622,0.3333,0.2043,1.0,0.25,0.5547,1.664,6.7675,0.055,0.2201,0.5556,0.2687,2.0,0.1364,0.8253,1.4855,1,SYl1WQrNkkFIHYOZUiWFgt2U5EZr8iDTWTtD7UU6xApR9O8JkNiJH7j2WKhv88ycewij1PuNhARbhQ,BR1_3275902153,16.16,13.867,10.817,18.175,1
5.5471,0.3637,0.0909,0.3333,0.2775,3,0.0,0.2728,0.8184,9.3629,0.3901,0.13,0.4348,0.3415,2.0,0.2,1.3004,2.9909,,,,,,,,,,0,SYl1WQrNkkFIHYOZUiWFgt2U5EZr8iDTWTtD7UU6xApR9O8JkNiJH7j2WKhv88ycewij1PuNhARbhQ,BR1_3275632587,16.16,10.997,7.69,0.0,1
6.012,0.5726,0.2147,0.1667,0.1687,2,0.0,0.1431,0.8589,4.9873,0.6347,0.272,0.3333,0.1778,0.0,0.2,0.5441,1.6322,5.1745,0.5008,0.3338,0.5,0.1577,0.0,0.125,1.1684,2.3369,0,rN4GIP2i5SQdlyjuNv4Au3M2xMB5T2Etmi4FO-YO8dQ6uwUI51d-PX1ha3r_MVdFddt9_6JH3Oc9BQ,BR1_3277372533,16.17,13.972,11.028,5.991,1
4.5897,0.5445,0.1556,0.125,0.1643,0,0.0,0.0778,0.6223,8.8783,0.579,0.2895,0.3333,0.2078,0.0,0.125,0.193,0.579,8.0281,0.3649,0.1825,0.0,0.2061,0.0,0.3333,0.0,0.5474,0,rN4GIP2i5SQdlyjuNv4Au3M2xMB5T2Etmi4FO-YO8dQ6uwUI51d-PX1ha3r_MVdFddt9_6JH3Oc9BQ,BR1_3277148851,16.17,12.855,10.362,5.481,0
6.2687,0.4643,0.1548,0.4286,0.1511,1,0.0,0.4643,1.0835,5.4642,0.6623,0.1656,0.5294,0.2571,2.0,0.1667,0.7451,1.4074,8.1072,0.3771,0.3142,0.3158,0.1918,1.0,0.1176,0.3771,1.1941,0,rN4GIP2i5SQdlyjuNv4Au3M2xMB5T2Etmi4FO-YO8dQ6uwUI51d-PX1ha3r_MVdFddt9_6JH3Oc9BQ,BR1_3276940475,16.17,12.921,12.079,15.912,0
6.1385,0.6063,0.0758,0.25,0.1902,0,0.2,0.0758,0.3031,5.2763,0.3104,0.6207,0.0,0.2871,0.0,0.4,0.0,0.6207,,,,,,,,,,0,rN4GIP2i5SQdlyjuNv4Au3M2xMB5T2Etmi4FO-YO8dQ6uwUI51d-PX1ha3r_MVdFddt9_6JH3Oc9BQ,BR1_3276922492,16.17,13.195,3.222,0.0,0
5.2857,0.3571,0.2143,0.5,0.4522,1,0.0,0.2143,0.4286,4.6016,0.4975,0.4975,0.5833,0.2908,2.0,0.125,0.8706,1.4924,5.8182,0.6234,0.2078,0.25,0.1331,0.0,0.0909,0.6234,2.4935,0,0lkdgdfS45TfkQqK3LyyhAK36FUZrsea63IKHpeqD4ryj3y1S0mSCv4OTASYLTURw7oha8Tmq8Zatg,BR1_3276352349,16.17,14.0,8.041,4.812,1
6.4116,0.487,0.2435,0.3,0.2642,2,0.25,0.2435,0.8116,8.5183,0.8676,0.3155,0.2857,0.2087,0.0,0.0769,0.3155,1.1042,6.662,0.6833,0.3416,0.25,0.1548,1.0,0.1429,0.2278,0.911,0,0lkdgdfS45TfkQqK3LyyhAK36FUZrsea63IKHpeqD4ryj3y1S0mSCv4OTASYLTURw7oha8Tmq8Zatg,BR1_3276324839,16.17,12.321,12.679,17.562,1
6.2143,0.5714,0.2143,0.1667,0.1849,0,0.0,0.0714,0.4286,7.0,0.8182,0.2727,0.2,0.1647,0.0,0.125,0.2727,1.3636,9.1826,0.7186,0.2395,0.4,0.1811,0.0,0.1667,0.4791,1.1977,0,0lkdgdfS45TfkQqK3LyyhAK36FUZrsea63IKHpeqD4ryj3y1S0mSCv4OTASYLTURw7oha8Tmq8Zatg,BR1_3276312908,16.17,14.0,11.0,12.524,1
4.6629,0.4512,0.376,0.6,0.219,2,0.0,0.4512,0.7521,6.9115,0.7559,0.216,0.4,0.2005,0.0,0.1429,0.432,1.0799,,,,,,,,,,0,POdPbH8roVrzZGt20cagsaaaXRCI7InW4asplbs6mFwJAVXv1Gq3j1kDXLfyIyBc9a0s2L8zmo1Ffg,BR1_3276387568,16.17,13.297,9.26,0.0,0
3.7313,0.4478,0.1493,0.25,0.1171,0,0.0,0.2239,0.8955,4.138,0.5172,0.3448,0.5,0.1427,0.0,0.0,0.431,0.8621,14.5885,1.7163,0.8581,0.0,0.1069,0.0,0.0,0.0,0.0,0,POdPbH8roVrzZGt20cagsaaaXRCI7InW4asplbs6mFwJAVXv1Gq3j1kDXLfyIyBc9a0s2L8zmo1Ffg,BR1_3276371993,16.17,13.4,11.6,1.165,0
4.0714,0.3571,0.0714,0.3846,0.2874,3,0.0,0.3571,0.9286,6.8364,0.8163,0.102,0.4286,0.1692,1.0,0.3,0.6122,1.4285,10.1052,0.4042,0.0,0.0,0.0296,0.0,0.0,0.0,2.021,0,POdPbH8roVrzZGt20cagsaaaXRCI7InW4asplbs6mFwJAVXv1Gq3j1kDXLfyIyBc9a0s2L8zmo1Ffg,BR1_3276368364,16.17,14.0,9.8,2.474,1
6.4286,0.1429,0.0714,0.3333,0.2094,2,0.2,0.3571,1.0714,5.0909,0.4545,0.1818,0.5714,0.1771,2.0,0.1111,1.0909,1.9091,3.9161,0.7286,0.0911,0.8333,0.3117,0.0,0.4545,0.9107,1.0929,0,mCGM1-xQoLAaMbJR3cU09Hctb42O33JVDqbTd8-tNeTwLb2cq-Gn2h11FWy6YIRosK_Y9hzqbGQCjQ,BR1_3275710966,16.16,14.0,11.0,10.98,1
7.5714,0.1429,0.0,0.0,0.2032,0,0.0,0.0,0.3571,8.3863,0.5718,0.1906,0.5714,0.3264,0.0,0.1538,0.3812,0.6671,4.3818,0.4382,0.4382,1.0,0.4429,0.0,0.2857,0.4382,0.4382,0,mCGM1-xQoLAaMbJR3cU09Hctb42O33JVDqbTd8-tNeTwLb2cq-Gn2h11FWy6YIRosK_Y9hzqbGQCjQ,BR1_3274615556,16.16,14.0,10.493,2.282,0
6.2857,0.2857,0.0714,0.2143,0.159,0,0.0,0.2143,1.0,6.2727,0.4545,0.3636,0.5556,0.2333,0.0,0.0,0.4545,0.8182,6.0594,0.6183,0.2473,0.6,0.1536,1.0,0.4,0.742,1.2366,0,mCGM1-xQoLAaMbJR3cU09Hctb42O33JVDqbTd8-tNeTwLb2cq-Gn2h11FWy6YIRosK_Y9hzqbGQCjQ,BR1_3274419840,16.16,14.0,11.0,8.087,0
5.7222,0.2897,0.3622,0.5556,0.4291,4,0.0,0.3622,0.6519,4.5615,0.1901,0.5702,0.8333,0.3332,1.0,0.1,0.4752,0.5702,1.1146,0.0,0.743,0.0,0.188,0.0,0.1429,0.0,0.0,0,CabQUDEr2_kAzQU4lSBJQdSqz73fnMlh5kGx37Deyrg9LfHe0v2oblV8uUiX6HiEgp_9GZX_QFyvKQ,BR1_3266857717,16.14,13.806,10.523,2.692,0
6.0155,0.3713,0.1485,0.2143,0.2269,0,0.0,0.2228,1.0397,7.1244,0.4318,0.0,0.4167,0.207,0.0,0.2,0.5397,1.2954,4.1523,0.4943,0.2966,0.3333,0.2146,1.0,0.0833,0.3955,1.1864,0,I0Pqy3KPrKnXlNZij53_YXgCKU-wjMQ22lemOnuh7lWKciruykCufmt4sYPs9suT2s7YQ5yDTAHThA,BR1_3277316070,16.17,13.465,9.264,10.115,0
6.6127,0.2875,0.2156,0.0769,0.2081,0,0.0,0.0719,0.9344,7.035,0.5412,0.1804,0.6154,0.158,1.0,0.1818,0.7215,1.1725,3.332,0.4165,0.3332,0.5,0.2302,0.0,0.0833,0.7497,1.4994,0,I0Pqy3KPrKnXlNZij53_YXgCKU-wjMQ22lemOnuh7lWKciruykCufmt4sYPs9suT2s7YQ5yDTAHThA,BR1_3277182311,16.17,13.913,11.087,12.005,0
3.9306,0.2742,0.2742,0.3636,0.1978,2,0.0,0.3656,1.0055,5.1059,0.1674,0.4185,0.381,0.184,1.0,0.0,0.6696,1.7578,3.5596,0.8136,0.4068,0.6667,0.1528,0.0,0.0,1.017,1.5255,0,E91zUzKuVyDq8KGH7EuzfjdIQ_TVRMqMDyg1YSHRtOQGfucfWaATMSH50uZdyciLOINoKpQaj6y0JA,BR1_3276843810,16.17,10.94,11.947,9.833,0
4.7857,0.9286,0.2857,0.0,0.2121,0,0.0,0.0,0.6429,8.3636,2.0,0.3636,0.1111,0.1787,0.0,0.3,0.0909,0.8182,7.5513,2.9891,0.3933,0.4,0.2136,1.0,0.0556,0.472,1.1799,0,fUnQ-102bNXNHimDS60ZbiIwY76gS5gDSUDt7FgMbTdlomX1YKBv2FIYkSJ0eQR28-YuHhChT0LI7w,BR1_3277218525,16.17,14.0,11.0,12.713,0
7.3588,0.9557,0.1911,0.2857,0.2106,1,0.0,0.1911,0.669,4.6091,2.0638,0.6191,0.2222,0.2687,0.0,0.0,0.2752,1.2383,10.3892,2.0049,0.7291,0.0,0.2372,0.0,0.0,0.0,0.9113,0,fUnQ-102bNXNHimDS60ZbiIwY76gS5gDSUDt7FgMbTdlomX1YKBv2FIYkSJ0eQR28-YuHhChT0LI7w,BR1_3277199951,16.17,10.464,14.536,5.486,0
5.8445,0.2338,0.3117,0.4,0.2003,2,0.25,0.4676,1.1689,7.1502,0.4931,0.2466,0.3333,0.2425,0.0,0.1667,0.4109,1.2328,4.4203,0.2763,0.2763,0.6667,0.3467,0.0,0.5,0.5525,0.8288,0,ltTm4i0vbHoCCrGXoyToizHhv94jf09FduVDdpWkH96z5P9CvazBfz8vwKwvx-6JYe3c8fPuHaf4YQ,BR1_3276078515,16.16,12.833,12.167,3.62,0
6.6121,0.2229,0.3715,0.0909,0.2106,0,0.0,0.0743,0.8172,6.066,0.5199,0.4333,0.6364,0.2841,0.0,0.1111,0.6066,0.9532,4.9945,0.1162,0.4646,0.3333,0.1924,1.0,0.0833,0.2323,0.6969,0,ltTm4i0vbHoCCrGXoyToizHhv94jf09FduVDdpWkH96z5P9CvazBfz8vwKwvx-6JYe3c8fPuHaf4YQ,BR1_3254893446,16.12,13.46,11.54,8.61,0
6.5714,0.3571,0.1429,0.2308,0.2276,1,0.0,0.2143,0.9286,6.6364,0.3636,0.1818,0.6,0.3761,0.0,0.25,0.5455,0.9091,2.99,0.5105,0.2917,0.7059,0.2572,0.0,0.1429,0.8751,1.2398,0,xfiWoi1FS42WupDfD95EfRao7QqF_w8638E91aYGxoykFttm67e8X1TIfSCaAN0TWG4NVn9IF7mG4g,BR1_3276402748,16.17,14.0,11.0,13.712,1
6.7857,0.3571,0.1429,0.0,0.251,0,0.0,0.0,0.3571,7.0682,0.3141,0.1571,0.2667,0.2295,1.0,0.3333,0.6283,2.3561,,,,,,,,,,0,xfiWoi1FS42WupDfD95EfRao7QqF_w8638E91aYGxoykFttm67e8X1TIfSCaAN0TWG4NVn9IF7mG4g,BR1_3276394343,16.17,14.0,6.367,0.0,1
5.4286,0.3571,0.2143,0.1667,0.2028,0,0.0,0.0714,0.4286,7.3636,0.3636,0.3636,0.6923,0.3815,3.0,0.0,0.8182,1.1818,5.7659,0.4219,0.4219,0.6,0.3319,0.0,0.1818,0.4219,0.7032,0,xfiWoi1FS42WupDfD95EfRao7QqF_w8638E91aYGxoykFttm67e8X1TIfSCaAN0TWG4NVn9IF7mG4g,BR1_3276362404,16.17,14.0,11.0,7.111,0
5.7857,0.2857,0.0714,0.5,0.1826,1,0.25,0.4286,0.8571,6.6364,0.5455,0.1818,0.6875,0.3432,2.0,0.125,1.0,1.4545,6.3489,0.6349,0.3174,0.6364,0.3314,3.0,0.0714,0.5555,0.873,0,Ohab9CcxLENwQrr2jpHDY5x1GrxIDRkvRPpXL4ZcHp7GJIZ-gTE-kBox3UaSbt094iqqpI4PxFiv-Q,BR1_3276991608,16.17,14.0,11.0,12.601,0
6.0,0.4286,0.2143,0.3077,0.2868,3,0.75,0.2857,0.9286,8.3088,0.5113,0.5113,0.5,0.11,0.0,0.25,0.3835,0.767,,,,,,,,,,0,Ohab9CcxLENwQrr2jpHDY5x1GrxIDRkvRPpXL4ZcHp7GJIZ-gTE-kBox3UaSbt094iqqpI4PxFiv-Q,BR1_3276975809,16.17,14.0,7.823,0.0,0
8.223,0.5049,0.2164,0.4444,0.2376,0,0.0,0.2885,0.6492,7.5428,0.5388,0.1796,0.4667,0.163,1.0,0.1111,0.6286,1.3469,10.1041,0.813,0.1161,0.4615,0.1937,0.0,0.3077,0.6968,1.5098,0,Ohab9CcxLENwQrr2jpHDY5x1GrxIDRkvRPpXL4ZcHp7GJIZ-gTE-kBox3UaSbt094iqqpI4PxFiv-Q,BR1_3276970238,16.17,13.864,11.136,8.61,1
5.5714,0.3571,0.2143,0.5455,0.2768,2,0.0,0.4286,0.7857,8.4257,0.216,0.216,0.5455,0.3629,1.0,0.4444,0.6481,1.1882,6.8168,0.5347,0.2673,0.5,0.2054,1.0,0.0,0.2673,0.5347,0,Ohab9CcxLENwQrr2jpHDY5x1GrxIDRkvRPpXL4ZcHp7GJIZ-gTE-kBox3UaSbt094iqqpI4PxFiv-Q,BR1_3276631818,16.17,14.0,9.257,7.481,0
4.8073,0.3052,0.3815,0.0833,0.1396,0,0.0,0.0763,0.9157,3.1946,0.2522,0.5885,0.375,0.1768,1.0,0.2353,0.2522,0.6725,10.0862,0.4203,0.4203,0.0,0.1193,0.0,0.4,0.0,0.4203,0,Ohab9CcxLENwQrr2jpHDY5x1GrxIDRkvRPpXL4ZcHp7GJIZ-gTE-kBox3UaSbt094iqqpI4PxFiv-Q,BR1_3276625695,16.17,13.105,11.895,2.38,0
8.5342,0.1552,0.0,0.375,0.1935,1,0.0,0.2328,0.6207,7.1011,0.1651,0.2477,0.5625,0.3823,1.0,0.2143,0.7431,1.3211,2.0403,0.2267,0.3401,1.0,0.3944,1.0,0.1429,0.6801,0.6801,0,F1Es44vFARTS1Ze0ATU8r7qTzQQ4Oe78nMtEKGPSRr3w1lf9YEYqgMV1HMhjE608-KbKogYyyZfk2g,BR1_3277227263,16.17,12.889,12.111,8.822,0
5.4761,0.0,0.2489,0.3571,0.2478,2,0.0,0.4149,1.1616,3.6698,0.6116,0.5243,0.4375,0.2932,1.0,0.1111,0.6116,1.398,,,,,,,,,,0,F1Es44vFARTS1Ze0ATU8r7qTzQQ4Oe78nMtEKGPSRr3w1lf9YEYqgMV1HMhjE608-KbKogYyyZfk2g,BR1_3275785497,16.16,12.052,11.445,0.0,0
7.5,0.2857,0.0,0.5385,0.3388,5,0.2,0.5,0.9286,7.6978,0.4665,0.1166,0.4667,0.3059,1.0,0.0,0.8164,1.7495,5.3074,0.3538,0.4423,0.5833,0.3035,2.0,0.0,0.6192,1.0615,1,F1Es44vFARTS1Ze0ATU8r7qTzQQ4Oe78nMtEKGPSRr3w1lf9YEYqgMV1HMhjE608-KbKogYyyZfk2g,BR1_3275740449,16.16,14.0,8.574,11.305,0
7.8506,0.3079,0.0,0.3333,0.2465,2,0.0,0.3079,0.9236,7.5787,0.4164,0.2498,0.5455,0.2134,1.0,0.0909,0.4997,0.9161,8.5024,0.3762,0.0,0.7692,0.2026,0.0,0.25,0.7524,0.9782,0,F1Es44vFARTS1Ze0ATU8r7qTzQQ4Oe78nMtEKGPSRr3w1lf9YEYqgMV1HMhjE608-KbKogYyyZfk2g,BR1_3275729544,16.16,12.993,12.007,13.29,1
6.7857,0.3571,0.0714,0.2857,0.1763,1,0.0,0.4286,1.5,3.3636,0.4545,0.1818,0.4516,0.3098,3.0,0.1765,1.2727,2.8182,2.3354,0.0,0.0,0.0,0.185,0.0,1.0,0.0,4.6709,0,wUI7-Ex90rWdZDIi-XHWeabCowy9zpky7rt6emSrLBOFb36TyRZLxBJrNZQy_W7r7VTUOI1ulgFDgg,BR1_3274804735,16.16,14.0,11.0,0.428,1
6.3571,0.2143,0.0714,0.2667,0.1237,1,0.4,0.2857,1.0714,10.0909,0.4545,0.4545,0.2941,0.3195,5.0,0.0667,0.4545,1.5455,6.1917,0.3259,0.3259,0.5556,0.3146,1.0,0.1667,0.8147,1.4665,0,wUI7-Ex90rWdZDIi-XHWeabCowy9zpky7rt6emSrLBOFb36TyRZLxBJrNZQy_W7r7VTUOI1ulgFDgg,BR1_3274189331,16.16,14.0,11.0,6.137,1
6.0,0.2143,0.2857,0.3529,0.3141,6,0.0,0.4286,1.2143,9.3015,0.7751,0.0,0.4,0.3086,1.0,0.4,1.0335,2.5837,,,,,,,,,,0,wUI7-Ex90rWdZDIi-XHWeabCowy9zpky7rt6emSrLBOFb36TyRZLxBJrNZQy_W7r7VTUOI1ulgFDgg,BR1_3274162946,16.16,14.0,3.87,0.0,1
5.0714,0.2857,0.0714,0.5833,0.2281,2,0.0,0.5,0.8571,1.7273,0.4545,0.3636,0.4667,0.2174,0.0,0.2,0.6364,1.3636,3.1829,0.4897,0.7345,1.0,0.3786,0.0,0.1111,0.2448,0.2448,1,wUI7-Ex90rWdZDIi-XHWeabCowy9zpky7rt6emSrLBOFb36TyRZLxBJrNZQy_W7r7VTUOI1ulgFDgg,BR1_3272849481,16.16,14.0,11.0,4.084,0
6.0,0.3571,0.1429,0.1429,0.1327,0,0.0,0.1429,1.0,8.2976,0.66,0.2829,0.2727,0.1953,1.0,0.2727,0.2829,1.0372,7.4528,0.3923,0.1961,0.1875,0.0799,1.0,0.3333,0.2942,1.569,0,bVNcmj9iqOmtmnJKttsvhoW0OknobULQivwrAyXCDCEpj2ACKhtIooMX-onZvZ5A_kyRV8YAORVP-g,BR1_3277191385,16.17,14.0,10.605,10.198,1
5.8571,0.2857,0.3571,0.75,0.2854,2,0.0,0.4286,0.5714,7.0,0.4545,0.4545,0.8333,0.3615,1.0,0.1818,0.9091,1.0909,10.8662,0.8359,0.0,0.0,0.4506,0.0,0.0,0.0,0.0,1,oxSVgX44D39_6kaAE2wDBmy8PloWFcBvfhtbIiWnFxB42LQc77fdB64ry9XBVwlubB3LbJiq_MroPg,BR1_3276966673,16.17,14.0,11.0,1.196,0
6.2857,0.3571,0.2143,0.5455,0.2629,3,0.0,0.8571,1.5714,7.3242,0.3959,0.198,0.6,0.2418,1.0,0.3,1.1877,1.9795,0.8924,0.0,0.2975,0.7,0.2081,0.0,0.5,2.0822,2.9746,0,oxSVgX44D39_6kaAE2wDBmy8PloWFcBvfhtbIiWnFxB42LQc77fdB64ry9XBVwlubB3LbJiq_MroPg,BR1_3275432228,16.16,14.0,10.104,3.362,1
6.1429,0.2857,0.1429,0.4,0.2146,0,0.0,0.1429,0.3571,7.1818,0.0909,0.2727,0.3333,0.1816,0.0,0.1818,0.4545,1.3636,5.1667,0.3444,0.3444,0.6923,0.3838,0.0,0.1111,1.0333,1.4926,0,eDmk8NdDGu6exTSeb0LDOKx2kjRVSv_IsoW0nJATDhwk4Alpmm1qLl8eZTx2D91V8emmWWSNarKHlA,BR1_3277210609,16.17,14.0,11.0,8.71,0
5.442,0.3298,0.3298,0.2667,0.1686,2,0.0,0.3298,1.2368,4.7866,0.2762,0.2762,0.3846,0.2432,0.0,0.3333,0.4603,1.1967,4.6018,0.1684,0.3928,0.4062,0.2094,0.0,0.0,0.7296,1.7958,0,eDmk8NdDGu6exTSeb0LDOKx2kjRVSv_IsoW0nJATDhwk4Alpmm1qLl8eZTx2D91V8emmWWSNarKHlA,BR1_3276877595,16.17,12.128,10.864,17.819,1
6.0147,0.1909,0.0955,0.0,0.1354,0,0.0,0.0,0.9547,5.3753,0.4335,0.2601,0.5625,0.2137,1.0,0.0,0.7803,1.3872,3.881,0.3881,0.0,0.6667,0.273,0.0,0.125,1.5524,2.3286,0,eDmk8NdDGu6exTSeb0LDOKx2kjRVSv_IsoW0nJATDhwk4Alpmm1qLl8eZTx2D91V8emmWWSNarKHlA,BR1_3276868366,16.17,10.474,11.534,5.153,1
4.829,0.1006,0.503,0.0,0.3103,0,0.0,0.0,0.3018,4.1171,0.0,0.9501,0.3333,0.2484,0.0,0.0625,0.1056,0.3167,,,,,,,,,,0,chhX0fj8O-jv31uG34Q39Gwfv5ky5F36RtlRZcFawVIVHzpGP2juBePJlyz-ClmANndOVm8OAfHhBw,BR1_3276976754,16.17,9.94,9.473,0.0,0
8.2143,0.2857,0.0,0.75,0.3142,3,0.0,0.2143,0.2857,8.8182,0.1818,0.0909,0.4615,0.3355,2.0,0.1111,0.5455,1.1818,8.8699,0.0,0.1478,0.25,0.227,0.0,0.0667,0.1478,0.5913,1,chhX0fj8O-jv31uG34Q39Gwfv5ky5F36RtlRZcFawVIVHzpGP2juBePJlyz-ClmANndOVm8OAfHhBw,BR1_3276958785,16.17,14.0,11.0,13.529,0
7.1173,0.1438,0.1438,0.2143,0.2749,3,0.0,0.2157,1.0065,9.5579,0.1803,0.3607,0.375,0.3503,0.0,0.0909,0.2705,0.7214,55.5935,0.0,0.0,0.0,0.0,0.0,,0.0,0.0,0,chhX0fj8O-jv31uG34Q39Gwfv5ky5F36RtlRZcFawVIVHzpGP2juBePJlyz-ClmANndOVm8OAfHhBw,BR1_3276954588,16.17,13.91,11.09,0.342,0
7.8349,0.226,0.0753,0.6667,0.3692,5,0.0,0.7534,1.13,6.614,0.1945,0.2918,0.625,0.4137,1.0,0.0833,0.9726,1.5562,4.3566,0.0,0.8713,0.6667,0.5158,0.0,0.0,0.5809,0.8713,0,TESabcejTmksOypEVh_u0r0XCso9Ifm1zJPTEJ8UAXvt25Ur4UpcqE0ifwA6qOeSfcq-fNrtur1WQg,BR1_3277237926,16.17,13.274,10.281,3.443,0
5.4701,0.144,0.144,0.0,0.1752,0,0.0,0.0,0.7917,5.2222,0.4502,0.2701,0.25,0.2262,1.0,0.0,0.1801,0.7203,6.1703,0.2995,0.1797,0.5,0.2401,1.0,0.0714,0.3594,0.7189,0,TESabcejTmksOypEVh_u0r0XCso9Ifm1zJPTEJ8UAXvt25Ur4UpcqE0ifwA6qOeSfcq-fNrtur1WQg,BR1_3277172878,16.17,13.894,11.106,16.693,0
6.2143,0.2143,0.0714,0.1,0.1101,0,0.0,0.0714,0.7143,6.0,0.0909,0.2727,0.5,0.2401,0.0,0.1,0.4545,0.9091,3.7358,0.0,0.2874,1.0,0.3071,0.0,0.25,0.2874,0.2874,0,TESabcejTmksOypEVh_u0r0XCso9Ifm1zJPTEJ8UAXvt25Ur4UpcqE0ifwA6qOeSfcq-fNrtur1WQg,BR1_3277096582,16.17,14.0,11.0,3.48,0
5.3084,0.2243,0.0748,0.3333,0.2574,3,0.0,0.4486,1.3458,8.1721,0.3441,0.2581,0.3333,0.1379,0.0,0.0769,0.3441,1.0323,3.6175,0.3015,0.3015,0.6667,0.1672,0.0,0.0,1.2058,1.8088,0,TESabcejTmksOypEVh_u0r0XCso9Ifm1zJPTEJ8UAXvt25Ur4UpcqE0ifwA6qOeSfcq-fNrtur1WQg,BR1_3277078624,16.17,13.375,11.625,6.634,1
5.5714,0.0714,0.2143,0.2222,0.2314,1,0.0,0.1429,0.6429,5.2397,0.0,0.5822,0.0,0.2603,0.0,0.3333,0.0,0.0,,,,,,,,,,0,TESabcejTmksOypEVh_u0r0XCso9Ifm1zJPTEJ8UAXvt25Ur4UpcqE0ifwA6qOeSfcq-fNrtur1WQg,BR1_3277046169,16.17,14.0,1.718,0.0,0
8.0512,0.2982,0.2236,0.3077,0.2517,3,0.0,0.2982,0.9691,7.2503,0.3453,0.3453,0.5556,0.2412,2.0,0.0909,0.8631,1.5536,6.1872,0.55,0.4125,0.875,0.28,0.0,0.1176,0.9625,1.0999,0,Pez-rXmCe4tleR4jhP5yAU6bG2DT-wmLcrbRrwUNPHqBJo6zFez8FR0gu8io80XWuKm8sWtAYNqfJQ,BR1_3276873811,16.17,13.414,11.586,7.273,0
7.892,0.3035,0.2277,0.6667,0.309,0,0.0,0.1518,0.2277,5.6673,0.4229,0.2538,0.8,0.3902,3.0,0.0,0.6767,0.8459,5.0577,0.1945,0.5836,1.0,0.6667,0.0,0.0,0.1945,0.1945,0,Pez-rXmCe4tleR4jhP5yAU6bG2DT-wmLcrbRrwUNPHqBJo6zFez8FR0gu8io80XWuKm8sWtAYNqfJQ,BR1_3276866135,16.17,13.178,11.822,5.141,0
8.3571,0.3571,0.1429,0.4545,0.2859,3,0.0,0.3571,0.7857,7.9091,0.4545,0.0909,0.6316,0.3625,3.0,0.1667,1.0909,1.7273,5.846,0.499,0.3565,0.3636,0.2669,4.0,0.1538,0.5703,1.5684,0,Pez-rXmCe4tleR4jhP5yAU6bG2DT-wmLcrbRrwUNPHqBJo6zFez8FR0gu8io80XWuKm8sWtAYNqfJQ,BR1_3276821413,16.17,14.0,11.0,14.027,0
6.2534,0.3291,0.0,0.4286,0.1871,0,0.0,0.2468,0.576,5.7603,0.4671,0.1557,0.6471,0.1614,0.0,0.1667,0.8563,1.3233,4.3815,0.4612,0.2306,0.65,0.205,0.0,0.0714,0.9993,1.5374,0,EIBhqXoNBC4H_UsU76rXcH8V_U5Zem_SuEsNDwh-wQz3XZ8Zfc61iZozGm17r3wRTi5KznZ8v94QlQ,BR1_3277343312,16.17,12.153,12.847,13.009,0
3.6187,0.3446,0.2585,0.125,0.1285,0,0.0,0.0862,0.6893,4.7783,0.448,0.1493,0.3333,0.0808,0.0,0.0909,0.2986,0.8959,6.0811,0.7778,0.3536,0.3158,0.1127,1.0,0.125,0.4243,1.3435,0,EIBhqXoNBC4H_UsU76rXcH8V_U5Zem_SuEsNDwh-wQz3XZ8Zfc61iZozGm17r3wRTi5KznZ8v94QlQ,BR1_3277179611,16.17,11.606,13.394,14.142,1
5.8884,0.2454,0.3271,0.25,0.2297,1,0.0,0.1636,0.6543,4.9324,0.3132,0.4698,0.0714,0.2608,0.0,0.2,0.0783,1.0961,6.0911,0.3514,0.5857,0.3636,0.1145,0.0,0.1818,0.4685,1.2885,0,tgUdznE1I-AKBNk3pU4YkABxUp5bc8U_yiXpdCWWNKYAQUYbfEe84EenSrJsXIXMdJ18TGB2HL4L5Q,BR1_3276948686,16.17,12.227,12.773,8.537,0
6.3713,0.0724,0.1448,0.3333,0.2687,2,0.0,0.5068,1.5204,4.2009,0.2681,0.5363,0.4375,0.2095,1.0,0.0833,0.6257,1.4301,3.4185,0.3506,0.5259,0.1818,0.1839,0.0,0.2,0.1753,0.9642,0,tgUdznE1I-AKBNk3pU4YkABxUp5bc8U_yiXpdCWWNKYAQUYbfEe84EenSrJsXIXMdJ18TGB2HL4L5Q,BR1_3276937745,16.17,13.812,11.188,11.409,1
6.7143,0.2857,0.2143,0.4444,0.2578,1,0.0,0.2857,0.6429,4.0663,0.3873,0.5809,1.0,0.4073,0.0,0.2,0.5809,0.5809,,,,,,,,,,0,tgUdznE1I-AKBNk3pU4YkABxUp5bc8U_yiXpdCWWNKYAQUYbfEe84EenSrJsXIXMdJ18TGB2HL4L5Q,BR1_3276756742,16.17,14.0,5.164,0.0,0
5.4409,0.1844,0.1844,0.3333,0.3257,1,0.0,0.1844,0.5533,3.1788,0.3532,0.6358,0.5,0.3189,1.0,0.1,0.3532,0.7064,5.4946,0.2544,0.4579,0.2759,0.1946,0.0,0.1538,0.407,1.4754,0,tgUdznE1I-AKBNk3pU4YkABxUp5bc8U_yiXpdCWWNKYAQUYbfEe84EenSrJsXIXMdJ18TGB2HL4L5Q,BR1_3276734374,16.17,10.844,14.156,19.656,0
5.5,0.1429,0.5,0.25,0.2249,2,0.0,0.2143,0.8571,4.9487,0.2414,0.6035,0.375,0.2805,0.0,0.2857,0.3621,0.9656,5.5079,0.2623,0.5246,0.5,0.3226,1.0,0.0833,0.5246,1.0491,0,tgUdznE1I-AKBNk3pU4YkABxUp5bc8U_yiXpdCWWNKYAQUYbfEe84EenSrJsXIXMdJ18TGB2HL4L5Q,BR1_3276678103,16.17,14.0,8.285,7.625,0
5.2143,0.2857,0.3571,0.4286,0.3194,2,0.2,0.2143,0.5,5.3636,0.5455,0.3636,0.3636,0.1571,1.0,0.1667,0.3636,1.0,12.1139,0.6376,0.6376,0.0,0.3313,0.0,0.0,0.0,0.0,0,pUICGBawzZigSSJoVsqCdNu0m33rsvVW5kxfQeSlkr39zIPCnzOUHehzR_Otl9ka0oR4_2WmbbEZkQ,BR1_3277342633,16.17,14.0,11.0,1.568,0
7.5714,0.3571,0.0714,0.2222,0.2119,1,0.0,0.1429,0.6429,8.7273,0.3636,0.1818,0.4118,0.2865,2.0,0.0769,0.6364,1.5455,12.3198,0.5867,0.0,0.0,0.1064,0.0,0.0,0.0,1.76,0,pUICGBawzZigSSJoVsqCdNu0m33rsvVW5kxfQeSlkr39zIPCnzOUHehzR_Otl9ka0oR4_2WmbbEZkQ,BR1_3276253150,16.17,14.0,11.0,1.705,1
6.3228,0.1642,0.4106,0.5,0.2112,2,0.0,0.3285,0.6569,3.8893,0.4094,0.8188,0.25,0.1309,1.0,0.0,0.2047,0.8188,,,,,,,,,,0,35yXDRMxQA5NqsdUAOKHN78JJ3XWmlKvALd0PfRMp0wxyBX8OXeJKXVFI8r6WJ-JczAf9bpHGlNlMg,BR1_3276301109,16.17,12.178,9.77,0.0,0
7.2248,0.1927,0.289,0.2308,0.2114,3,0.0,0.289,1.2523,2.0521,0.2052,0.342,0.0476,0.1672,0.0,0.0,0.0684,1.4365,5.6154,0.3047,0.4353,0.4571,0.2149,2.0,0.2593,0.6965,1.5236,0,35yXDRMxQA5NqsdUAOKHN78JJ3XWmlKvALd0PfRMp0wxyBX8OXeJKXVFI8r6WJ-JczAf9bpHGlNlMg,BR1_3276283152,16.17,10.381,14.619,22.972,1
6.1608,0.0963,0.3851,0.3333,0.2076,0,0.0,0.0963,0.2888,6.7642,0.178,0.534,0.6667,0.23,2.0,0.2308,0.356,0.534,7.0193,0.3191,0.6381,0.0,0.0606,0.0,0.2,0.0,0.3191,0,35yXDRMxQA5NqsdUAOKHN78JJ3XWmlKvALd0PfRMp0wxyBX8OXeJKXVFI8r6WJ-JczAf9bpHGlNlMg,BR1_3276249857,16.17,10.388,11.236,3.134,0
3.1429,0.2143,0.5,0.2,0.2369,0,0.0,0.1429,0.7143,4.5542,0.0,0.5175,0.5,0.2098,1.0,0.0,0.414,0.828,3.9361,0.0,0.5248,1.0,0.1883,0.0,0.2308,0.3936,0.3936,0,L5pO_WXcRP-xEkIHSNTUiyf3CG8j5aWdXWWRpSW-GtSpgeYYzuNp82C4yUcqxHZ9biEwv2d934COZA,BR1_3276935688,16.17,14.0,9.661,7.622,0
5.929,0.1694,0.0847,0.1111,0.2144,0,0.0,0.0847,0.7623,4.8203,0.4919,0.3935,0.2222,0.1875,0.0,0.0,0.1967,0.8854,7.7533,0.2674,0.5347,0.5,0.3436,0.0,0.375,0.2674,0.5347,0,sy_19nqSPFq_h68xxN7uF4T5I_dHVDCKTYQDmDORvAKpa9hSF8U74kHvtWWOQZAf5e4P9B6tyVKVoA,BR1_3274607379,16.16,11.806,10.165,3.74,0
4.6342,0.0828,0.4965,0.75,0.1823,0,0.25,0.2483,0.331,4.5279,0.566,0.566,1.0,0.2408,0.0,0.0,0.283,0.283,,,,,,,,,,0,sy_19nqSPFq_h68xxN7uF4T5I_dHVDCKTYQDmDORvAKpa9hSF8U74kHvtWWOQZAf5e4P9B6tyVKVoA,BR1_3274558752,16.16,12.084,3.534,0.0,0
5.6632,0.3146,0.3933,0.3,0.2844,0,0.25,0.236,0.7866,5.1758,0.5176,0.7764,0.5,0.2815,0.0,0.2,0.2588,0.5176,,,,,,,,,,0,sy_19nqSPFq_h68xxN7uF4T5I_dHVDCKTYQDmDORvAKpa9hSF8U74kHvtWWOQZAf5e4P9B6tyVKVoA,BR1_3274301994,16.16,12.714,3.864,0.0,0
5.7143,0.0714,0.1429,0.1667,0.1213,2,0.0,0.2143,1.2857,5.5455,0.0909,0.1818,0.3158,0.1565,1.0,0.1111,0.5455,1.7273,2.2481,0.0,0.0,0.75,0.167,0.0,0.2,1.4987,1.9983,0,NLf5a2F5hCjCjJwGgTe7aSVx5zjWUnMUCyu7UXbZlXeLVm1P8U8Of7hSfBfdR84wrrnbvc609ZwHMQ,BR1_3277257232,16.17,14.0,11.0,4.003,1
6.4825,0.5328,0.1776,0.3158,0.2353,1,0.0,0.5328,1.6872,5.8211,0.3375,0.0844,0.28,0.193,2.0,0.1429,0.5906,2.1091,3.2084,0.8021,0.8021,0.5,0.1697,0.0,0.3333,1.6042,3.2084,0,MRjRTXUaX_fh3M9u8oQXFOINZFuh6PH26lnTTGAdoGDYU1x8P2BXqwww_fDdQmJ12oNftEirbEHUdA,BR1_3277388797,16.17,11.261,11.853,1.247,1
7.0714,0.3571,0.0714,0.5,0.148,0,0.2,0.3571,0.7143,6.908,0.3397,0.2265,0.4,0.1962,0.0,0.0,0.2265,0.5662,3.251,0.2601,0.2601,0.6667,0.2137,0.0,0.0769,0.5202,0.7802,0,n_Zs3ja1SwO2eUFrjYnJTfwQ95PQ17nCSgptI6inpeFZjR1SasmGphY0LApo_kdq0xPMws3jNCP9rA,BR1_3276688564,16.17,14.0,8.83,7.69,0
8.1558,0.2993,0.2993,0.3636,0.15,1,0.25,0.2993,0.8231,8.4897,0.1698,0.0,0.5,0.24,0.0,0.2857,0.1698,0.3396,,,,,,,,,,0,GoNFgx_DRwWh_c1CvcHUqj5yt8Rb1urHytDvjFhh2trHCk369YeurfNZZX7d_Ty-qwGiwW8VWjLedw,BR1_3276499986,16.17,13.365,5.89,0.0,0
5.4232,0.3013,0.4519,0.3636,0.1381,1,0.0,0.3013,0.8286,6.2503,0.4167,0.4167,0.5,0.1685,1.0,0.1667,0.4167,0.8334,,,,,,,,,,0,fklLWNwNsrHWFnfqk_PEA1p1hRegAOGBssRk_A1orZRvFmi3k6_8-yCHn9O9MrFJ1DZ9gSwAD8bS3Q,BR1_3277230063,16.17,13.276,4.8,0.0,0
4.2204,0.2261,0.4522,0.4,0.2,0,0.0,0.3015,0.7536,5.4082,0.1833,0.6417,0.3846,0.1256,0.0,0.25,0.4583,1.1916,6.0919,0.0,0.5077,1.0,0.3588,0.0,0.1429,0.5077,0.5077,0,-ZVfM_ts4Hf7CHJNgXa3EqPXsOCiM1F75L1iurcSNJhzF4116gIHE_W7ncsVXYpTxa3pcqiFPWXkXg,BR1_3266262438,16.14,13.269,10.909,1.97,0
5.8957,0.2563,0.1709,0.5,0.2875,4,0.0,0.6836,1.3671,7.1584,0.2105,0.3158,0.3043,0.2837,4.0,0.4,0.7369,2.4212,8.5847,0.0,0.0,0.6667,0.2566,1.0,0.0,1.4308,2.1462,0,-ZVfM_ts4Hf7CHJNgXa3EqPXsOCiM1F75L1iurcSNJhzF4116gIHE_W7ncsVXYpTxa3pcqiFPWXkXg,BR1_3266262098,16.14,11.703,9.499,2.796,1
4.9892,0.0978,0.2935,0.1333,0.2417,1,0.0,0.1957,1.4674,6.9022,0.406,0.406,0.2667,0.194,4.0,0.0909,0.5414,2.0301,3.966,0.4407,0.2938,0.3333,0.165,0.0,0.125,0.5876,1.7627,0,-ZVfM_ts4Hf7CHJNgXa3EqPXsOCiM1F75L1iurcSNJhzF4116gIHE_W7ncsVXYpTxa3pcqiFPWXkXg,BR1_3266231495,16.14,10.222,14.778,6.808,1
5.8404,0.3842,0.1537,0.1667,0.189,1,0.0,0.0768,0.4611,6.5069,1.22,0.2033,1.0,0.0273,0.0,0.0,0.4067,0.4067,,,,,,,,,,0,57uYhlpMw9WuIRJGxiZXm6vG6d3Cnz1vVCIrjmBfT1Knre42PNbu6hUA65A9eiKeJXsxQx2AhODZkQ,BR1_3277207068,16.17,13.013,4.918,0.0,0
7.2951,0.1603,0.2405,0.1538,0.1973,1,0.0,0.1603,1.0422,4.5806,0.9543,0.4771,0.4762,0.2482,2.0,0.1,0.9543,2.004,7.3408,0.6383,0.383,0.3636,0.2201,0.0,0.0625,0.5107,1.4043,0,W9V9rUjRrZGSPhPDhoJM10BCCTZ4ErF-fnmWL7vy6vAM6PpoH9XFu5hA72Lqwl7F0cDXfnMg4HeCXw,BR1_3277373199,16.17,12.474,10.479,15.666,1
6.7036,0.4721,0.2833,0.0,0.2427,0,0.25,0.0,0.1888,6.1528,0.551,0.6428,0.4,0.2252,0.0,0.0,0.1837,0.4592,3.9076,1.3025,1.3025,1.0,0.3855,0.0,0.0,1.3025,1.3025,0,W9V9rUjRrZGSPhPDhoJM10BCCTZ4ErF-fnmWL7vy6vAM6PpoH9XFu5hA72Lqwl7F0cDXfnMg4HeCXw,BR1_3277201007,16.17,10.591,10.889,0.768,0
5.7857,0.2143,0.2143,0.3529,0.2804,5,0.0,0.4286,1.2143,4.6364,0.1818,0.4545,0.5,0.3056,3.0,0.125,1.0909,2.1818,5.6357,0.8051,0.345,0.1579,0.1588,1.0,0.0,0.345,2.1853,1,ExON1CzQ8wjU7zTv-9jElsiX9Ae1tphmNlSgDvpxFXqYVrhyGi9O4a88I5z3xXX9qS7QLYzAmqGSyA,BR1_3277323138,16.17,14.0,11.0,8.695,1
6.3571,0.2857,0.0714,0.5455,0.2607,1,0.0,0.4286,0.7857,5.4545,0.3636,0.4545,0.7778,0.4131,3.0,0.3333,0.6364,0.8182,4.4226,0.8845,0.8845,1.0,0.4074,0.0,0.25,0.4423,0.4423,0,ExON1CzQ8wjU7zTv-9jElsiX9Ae1tphmNlSgDvpxFXqYVrhyGi9O4a88I5z3xXX9qS7QLYzAmqGSyA,BR1_3277306985,16.17,14.0,11.0,2.261,0
6.432,0.2193,0.3655,0.4,0.2122,1,0.2,0.2924,0.7309,7.1883,0.3594,0.3594,1.0,0.2327,0.0,0.25,0.3594,0.3594,,,,,,,,,,0,K18w5tM1gfUugV5IOcUrJkl2zTwf31s-ZRef3u4BDo1tkNMCOBu3Hobf20wyoK9-ooN4BExeD3L_rQ,BR1_3277384531,16.17,13.682,2.782,0.0,0
5.1871,0.247,0.1647,0.25,0.2132,1,0.0,0.1647,0.6587,6.9383,0.3227,0.3227,0.4,0.24,0.0,0.1667,0.4841,1.2102,,,,,,,,,,0,K18w5tM1gfUugV5IOcUrJkl2zTwf31s-ZRef3u4BDo1tkNMCOBu3Hobf20wyoK9-ooN4BExeD3L_rQ,BR1_3277337028,16.17,12.145,12.395,0.0,0
7.5182,0.0,0.146,0.25,0.2064,1,0.0,0.292,1.1679,6.4042,0.0,0.5822,0.2,0.2616,1.0,0.0,0.5822,2.911,,,,,,,,,,0,K18w5tM1gfUugV5IOcUrJkl2zTwf31s-ZRef3u4BDo1tkNMCOBu3Hobf20wyoK9-ooN4BExeD3L_rQ,BR1_3277329187,16.17,13.7,1.718,0.0,1
5.9286,0.4286,0.4286,0.3636,0.305,1,0.0,0.2857,0.7857,7.6364,0.7273,0.5455,0.2667,0.1734,1.0,0.0909,0.3636,1.3636,6.6337,0.5284,0.2348,0.5294,0.0874,0.0,0.1176,0.5284,0.998,0,nSnSHP6x53K3zt6E1kvpvKG0GCxTyI01dV4ECNQ8g175smj2fpRgENk478rn_3W-55Lss5PVGqUkCQ,BR1_3277220206,16.17,14.0,11.0,17.034,0
8.1429,0.4286,0.1429,0.4286,0.2936,3,0.0,0.4286,1.0,8.4545,0.4545,0.3636,0.2143,0.1406,0.0,0.3333,0.2727,1.2727,6.9597,0.435,0.3806,0.4231,0.2289,1.0,0.0588,0.5981,1.4137,1,nSnSHP6x53K3zt6E1kvpvKG0GCxTyI01dV4ECNQ8g175smj2fpRgENk478rn_3W-55Lss5PVGqUkCQ,BR1_3277157625,16.17,14.0,11.0,18.392,1
5.6395,0.2452,0.4904,0.2222,0.2114,0,0.0,0.1635,0.7356,0.0,0.0,0.0,0.0,0.0,0.0,0.1429,0.0,0.7213,,,,,,,,,,0,nSnSHP6x53K3zt6E1kvpvKG0GCxTyI01dV4ECNQ8g175smj2fpRgENk478rn_3W-55Lss5PVGqUkCQ,BR1_3275183854,16.16,12.235,5.546,0.0,0
9.1267,0.468,0.0,0.3333,0.2956,1,0.0,0.234,0.7021,12.1721,0.2297,0.0,0.5714,0.2563,0.0,0.0,0.9186,1.6076,,,,,,,,,,1,HYZqjY8THUw4spLRMxYZD-WYM8OD8NE7rrT3sCRS6ueKVhSjHKgwSqLox3AzX-uObl_43NQdcXe6Lw,BR1_3277026145,16.17,12.82,4.354,0.0,1
6.7143,0.3571,0.2143,0.5333,0.2336,4,0.0,0.5714,1.0714,4.3636,0.2727,0.4545,0.3684,0.2155,2.0,0.0,0.6364,1.7273,4.6891,0.3197,0.4263,0.7,0.2558,2.0,0.4,0.746,1.0657,0,HYZqjY8THUw4spLRMxYZD-WYM8OD8NE7rrT3sCRS6ueKVhSjHKgwSqLox3AzX-uObl_43NQdcXe6Lw,BR1_3276981735,16.17,14.0,11.0,9.383,0
6.5714,0.1429,0.2143,0.2222,0.1236,0,0.25,0.1429,0.6429,5.9091,0.4545,0.2727,0.5,0.2394,0.0,0.2727,0.1818,0.3636,3.4196,0.2137,0.2137,0.0,0.1269,0.0,0.0,0.0,0.2137,0,HYZqjY8THUw4spLRMxYZD-WYM8OD8NE7rrT3sCRS6ueKVhSjHKgwSqLox3AzX-uObl_43NQdcXe6Lw,BR1_3276971724,16.17,14.0,11.0,4.679,0
6.6429,0.5,0.2857,0.4,0.2246,0,0.0,0.4286,1.0714,8.4545,0.4545,0.0909,0.4,0.1285,0.0,0.0,0.3636,0.9091,5.5613,0.2439,0.3903,0.3333,0.1809,0.0,0.2174,0.4878,1.4635,0,fYJpD5lPTPImhMiM9LOmoiAA0SYna5YQmwA6KNNY4Ds2NkZIl29LZX15d0OK9dF4g-rAuuJBUBeAkA,BR1_3277386291,16.17,14.0,11.0,20.499,1
6.9281,0.2235,0.149,0.1429,0.1338,0,0.0,0.149,1.0429,5.6149,0.3455,0.4319,0.3333,0.2533,0.0,0.0,0.6047,1.814,3.6709,0.2394,0.3192,0.5238,0.1938,0.0,0.1818,0.8778,1.6758,0,fYJpD5lPTPImhMiM9LOmoiAA0SYna5YQmwA6KNNY4Ds2NkZIl29LZX15d0OK9dF4g-rAuuJBUBeAkA,BR1_3277183084,16.17,13.424,11.576,12.531,0
4.2143,0.5,0.2857,0.4286,0.1762,0,0.0,0.4286,1.0,5.0909,0.7273,0.0909,0.5556,0.1492,1.0,0.25,0.9091,1.6364,10.568,0.2642,0.0,0.625,0.1594,0.0,0.1,1.321,2.1136,1,71hk2sIPYhACf9X1QB0VaaKMF6iMxzEiH_HFrsF6o-0fj0MyhiVfMK8SaaU1WHn-XFDDWBp_j2nmVg,BR1_3277372217,16.17,14.0,11.0,3.785,1
6.5444,0.385,0.077,0.4,0.2893,1,0.0,0.308,0.7699,7.7424,0.5828,0.1665,0.2308,0.1414,2.0,0.125,0.2498,1.0823,3.8376,0.0959,0.2878,0.5,0.3198,1.0,0.0,0.5756,1.1513,0,71hk2sIPYhACf9X1QB0VaaKMF6iMxzEiH_HFrsF6o-0fj0MyhiVfMK8SaaU1WHn-XFDDWBp_j2nmVg,BR1_3277357216,16.17,12.988,12.012,10.423,0
5.4286,0.5,0.1429,0.1667,0.2125,0,0.2,0.1429,0.8571,5.8182,0.5455,0.1818,0.2857,0.1442,0.0,0.0,0.3636,1.2727,4.4898,0.3991,0.3991,0.4375,0.1919,0.0,0.0833,0.6984,1.5964,0,71hk2sIPYhACf9X1QB0VaaKMF6iMxzEiH_HFrsF6o-0fj0MyhiVfMK8SaaU1WHn-XFDDWBp_j2nmVg,BR1_3277326163,16.17,14.0,11.0,10.023,0
7.0033,0.5836,0.073,0.4286,0.2313,0,0.2,0.2189,0.5107,5.7259,0.5023,0.4018,0.7143,0.2853,0.0,0.0,0.5023,0.7032,7.4477,0.665,0.133,0.7143,0.3524,0.0,0.25,0.665,0.931,0,71hk2sIPYhACf9X1QB0VaaKMF6iMxzEiH_HFrsF6o-0fj0MyhiVfMK8SaaU1WHn-XFDDWBp_j2nmVg,BR1_3277310921,16.17,13.708,9.955,7.519,0
5.8827,0.4644,0.0,0.375,0.2361,1,0.8,0.4644,1.2385,8.6186,0.4842,0.0968,0.3478,0.1698,1.0,0.1,0.7747,2.2273,6.1453,0.723,0.0,0.75,0.3304,0.0,0.3333,2.1689,2.8919,0,71hk2sIPYhACf9X1QB0VaaKMF6iMxzEiH_HFrsF6o-0fj0MyhiVfMK8SaaU1WHn-XFDDWBp_j2nmVg,BR1_3277300974,16.17,12.919,10.326,2.766,1
4.4464,0.2187,0.2916,0.0769,0.1305,0,0.25,0.0729,0.9476,4.1663,0.5319,0.5319,0.3,0.1267,1.0,0.1818,0.2659,0.8864,2.257,0.3224,0.6449,1.0,0.3068,0.0,0.1429,0.8061,0.8061,0,XtiNYU66jUsbNAQWbw9ZiWnfh-4ulEiqmHej47zbVCBaiW_JQQxLFn64uA7FYtziYqFQW5p-h7vv4Q,BR1_3272195643,16.16,13.719,11.281,6.203,0
6.1429,1.6429,0.0,0.1579,0.1386,1,0.4,0.2143,1.3571,4.5455,2.9091,0.0,0.3125,0.238,1.0,0.1429,0.4545,1.4545,4.7471,2.762,0.2589,0.3077,0.2029,0.0,0.3333,0.3452,1.1221,0,_1BRu22HFpDpoekHZv-itGJ6zC8DKyI3QxD-b2yTY1Ii3kUpN_ixUlL_-7iJP_vJiX9NA02ytL9MTw,BR1_3277232379,16.17,14.0,11.0,11.586,0
8.5552,0.3595,0.0,0.3,0.1416,1,0.0,0.2157,0.7189,8.6562,0.3607,0.0,0.4615,0.1353,0.0,0.375,0.541,1.1722,6.3279,0.5886,0.1472,0.6667,0.3538,1.0,0.1429,0.5886,0.883,0,Tj5QMEyRgyyuKEm8EHtRky3uS6eT4BUGCdcsPpUh9_e8BeTpX3GJ8-txYF8SDcCAvvxrrRfck1WMwg,BR1_3277290147,16.17,13.91,11.09,6.795,1
8.2857,0.2857,0.0,0.25,0.1488,0,0.0,0.0714,0.2857,9.0909,0.2727,0.0,1.0,0.3205,3.0,0.0909,0.4545,0.4545,9.5356,0.4146,0.0,0.0,0.2958,0.0,0.0,0.0,0.0,0,Tj5QMEyRgyyuKEm8EHtRky3uS6eT4BUGCdcsPpUh9_e8BeTpX3GJ8-txYF8SDcCAvvxrrRfck1WMwg,BR1_3277276289,16.17,14.0,11.0,2.412,0
5.2143,0.2857,0.3571,0.4444,0.2869,1,0.0,0.2857,0.6429,7.3723,0.2304,0.3456,0.25,0.2296,0.0,0.1429,0.1152,0.4608,,,,,,,,,,0,Tj5QMEyRgyyuKEm8EHtRky3uS6eT4BUGCdcsPpUh9_e8BeTpX3GJ8-txYF8SDcCAvvxrrRfck1WMwg,BR1_3277182319,16.17,14.0,8.681,0.0,0
7.2086,0.0948,0.2845,0.8571,0.2687,2,0.0,0.5691,0.6639,7.906,0.4161,0.2081,0.6,0.3321,2.0,0.0,0.6242,1.0403,,,,,,,,,,0,BE10ZV8TZm2XFsZ-eLGaCRpzK03XnCpSw9cpy2MecLF9obELmm3fXf-KUVMDVo1RRde7GlpE_ycLig,BR1_3277395699,16.17,10.543,4.806,0.0,0
8.0,0.0714,0.2143,0.1818,0.182,1,0.2,0.1429,0.7857,6.0493,0.6515,0.2792,0.5333,0.2636,3.0,0.1818,0.7445,1.396,7.4835,0.5064,0.1688,0.6061,0.262,1.0,0.0,1.1253,1.8568,0,BE10ZV8TZm2XFsZ-eLGaCRpzK03XnCpSw9cpy2MecLF9obELmm3fXf-KUVMDVo1RRde7GlpE_ycLig,BR1_3277351955,16.17,14.0,10.745,17.772,1
6.7695,0.0967,0.1934,0.4545,0.2696,2,0.0,0.4835,1.0638,5.2721,0.0,0.3678,0.3333,0.232,0.0,0.4545,0.1226,0.3678,,,,,,,,,,0,pOhT-fw7N_8N8xPtiP8mPEidQNwUeRSV-cezyrPeo-74YZtRzfb5RY7g-MDQ7t3EL_oOGZnBFxUkkg,BR1_3277295302,16.17,10.34,8.156,0.0,0
6.6429,0.2143,0.0714,0.3571,0.224,1,0.0,0.3571,1.0,6.1818,0.4545,0.1818,0.5625,0.2894,2.0,0.0,0.8182,1.4545,6.484,0.3602,0.1201,0.7143,0.3966,2.0,0.0769,1.2007,1.681,0,pOhT-fw7N_8N8xPtiP8mPEidQNwUeRSV-cezyrPeo-74YZtRzfb5RY7g-MDQ7t3EL_oOGZnBFxUkkg,BR1_3277280440,16.17,14.0,11.0,8.328,1
6.5915,0.3745,0.2996,0.0769,0.1645,1,0.0,0.0749,0.9737,5.0646,0.4292,0.3434,0.5,0.1627,0.0,0.1,0.7726,1.5451,6.0305,0.5188,0.4539,0.1538,0.2105,1.0,0.1333,0.1297,0.843,0,CNVgjHaZSMpQTv3TOpbykE3G_JYoKRMvI02aJcIwDol_3-lvZLKRrFFWRc6olkPiZv9OcDUDEmKncA,BR1_3277274380,16.17,13.351,11.649,15.422,0
4.471,0.3252,0.1626,0.4545,0.2116,1,0.0,0.4065,0.8942,6.6149,0.3937,0.1575,0.4444,0.2548,2.0,0.1,0.945,2.1262,3.229,0.4454,0.2227,0.5714,0.2524,0.0,0.0,0.8908,1.5588,1,lzD7lspDzhgALLwoOftecKiCMsnvQbxYccrSbp4zzd0-zPLJ-b2qFAwRhh6KaZuhWL2_YwebwgxGIQ,BR1_3277364437,16.17,12.301,12.699,8.981,1
5.6429,0.2857,0.1429,0.3077,0.2375,0,0.0,0.2857,0.9286,8.1818,0.1818,0.3636,0.5,0.1438,2.0,0.0,0.3636,0.7273,8.1469,0.2274,0.2652,0.6667,0.3332,0.0,0.1481,0.3789,0.5684,0,QMPOCO9DuOV2hQ-TjLOYo0Vz-mwTfZvjVtsbHqM7uheJsiltYP3rjSg6ASVMYJXD9_-613XxReOCig,BR1_3276976731,16.17,14.0,11.0,26.39,0
5.5,0.3571,0.2857,0.2308,0.1643,1,0.25,0.2143,0.9286,3.6553,0.3655,0.2741,0.4737,0.1579,0.0,0.2222,0.8224,1.7363,3.2399,0.54,0.54,0.5455,0.2061,0.0,0.125,0.54,0.99,0,0l1X8Nqhh71H992vTFZcBfeTOAbHyOZLcDuTVlE6QuJsxGLmK7dzThrc3WXLyLnoOeGQ7FmpDMuBjg,BR1_3276932164,16.17,14.0,10.943,11.112,0
5.0729,0.3171,0.3171,0.2857,0.1415,0,0.0,0.1585,0.5548,5.9688,0.4454,0.2673,0.5294,0.1273,0.0,0.0,0.8018,1.5145,12.0971,0.5499,0.5499,0.0,0.1988,0.0,0.0,0.0,0.5499,0,0l1X8Nqhh71H992vTFZcBfeTOAbHyOZLcDuTVlE6QuJsxGLmK7dzThrc3WXLyLnoOeGQ7FmpDMuBjg,BR1_3276924627,16.17,12.616,11.225,1.819,0
7.2875,0.2456,0.0,0.0,0.1511,0,0.0,0.0,0.6551,6.4542,0.4694,0.2347,0.3333,0.2915,0.0,0.2308,0.352,1.0561,5.4401,0.3022,0.3022,0.5,0.2798,0.0,0.0,0.3022,0.6045,0,hsv4VBYtDNi-rvBdLX2ydDNe5FakXGyvLDdh4fvTdZueb-aLFOOica_Gt3j0FJRc-dXSJHIk6rf5_w,BR1_3277374873,16.17,12.213,8.522,3.309,0
6.453,0.3396,0.0,0.125,0.1757,0,0.25,0.0849,0.6793,6.8066,0.3781,0.4538,0.6471,0.1565,0.0,0.1,0.8319,1.2857,7.2974,0.5761,0.5761,0.625,0.1874,0.0,0.0,0.9602,1.5363,0,hsv4VBYtDNi-rvBdLX2ydDNe5FakXGyvLDdh4fvTdZueb-aLFOOica_Gt3j0FJRc-dXSJHIk6rf5_w,BR1_3277362352,16.17,11.778,13.222,5.207,0
8.0,0.2857,0.0714,0.2857,0.1723,0,0.0,0.1429,0.5,5.6364,0.3636,0.2727,0.5714,0.2557,1.0,0.1,0.7273,1.2727,5.435,0.1698,0.5095,0.5,0.2402,1.0,0.1667,0.5095,1.0191,0,hsv4VBYtDNi-rvBdLX2ydDNe5FakXGyvLDdh4fvTdZueb-aLFOOica_Gt3j0FJRc-dXSJHIk6rf5_w,BR1_3277337599,16.17,14.0,11.0,5.888,0
6.2194,0.3149,0.0,0.4286,0.2238,1,0.0,0.2362,0.5511,7.8063,0.4066,0.0813,0.3571,0.2117,1.0,0.0,0.4066,1.1384,15.3938,0.3018,0.0,0.25,0.076,0.0,0.2222,0.6037,2.4147,0,hsv4VBYtDNi-rvBdLX2ydDNe5FakXGyvLDdh4fvTdZueb-aLFOOica_Gt3j0FJRc-dXSJHIk6rf5_w,BR1_3277294885,16.17,12.702,12.298,3.313,1
5.0714,0.2143,0.2143,0.7368,0.4148,0,0.2,1.0,1.3571,5.9091,0.1818,0.4545,0.4,0.3452,3.0,0.2,0.5455,1.3636,4.6583,0.1503,0.3506,0.7083,0.3405,3.0,0.2,0.8515,1.2021,0,ZhE0QfzuP140KXfjhzyXNwOCkk4asBNgbk5izkd4Vu8v85Iv8gd5aZpL-lwZov4Zy128p64bMXMyUg,BR1_3277370804,16.17,14.0,11.0,19.964,0
5.6815,0.2914,0.2914,0.6667,0.4237,2,0.2,0.437,0.6556,6.6496,0.4156,0.4156,0.5,0.3043,0.0,0.1667,0.4156,0.8312,9.9154,0.0,0.8622,1.0,0.4212,1.0,0.1667,0.4311,0.4311,0,ZhE0QfzuP140KXfjhzyXNwOCkk4asBNgbk5izkd4Vu8v85Iv8gd5aZpL-lwZov4Zy128p64bMXMyUg,BR1_3277364042,16.17,13.729,7.218,2.32,0
5.0,0.2143,0.1429,0.5,0.2953,6,0.2,0.6429,1.2857,7.4565,0.3924,0.0,0.3333,0.3647,1.0,0.0,1.1773,3.532,,,,,,,,,,0,ZhE0QfzuP140KXfjhzyXNwOCkk4asBNgbk5izkd4Vu8v85Iv8gd5aZpL-lwZov4Zy128p64bMXMyUg,BR1_3277356101,16.17,14.0,2.548,0.0,1
4.4931,0.0802,0.3209,0.2143,0.1371,1,0.0,0.2407,1.1233,6.86,0.0798,0.3191,0.55,0.2721,2.0,0.1,0.8774,1.5954,5.4214,0.1506,0.3765,0.2941,0.1659,1.0,0.0714,0.3765,1.2801,0,ZhE0QfzuP140KXfjhzyXNwOCkk4asBNgbk5izkd4Vu8v85Iv8gd5aZpL-lwZov4Zy128p64bMXMyUg,BR1_3277234412,16.17,12.464,12.536,13.281,0
8.2857,0.3571,0.0,0.3,0.1026,0,0.25,0.2143,0.7143,10.0,0.3636,0.0,0.25,0.1465,0.0,0.4444,0.5455,2.1818,8.851,0.2436,0.1624,0.4231,0.1478,2.0,0.1667,0.8932,2.1113,0,ZhE0QfzuP140KXfjhzyXNwOCkk4asBNgbk5izkd4Vu8v85Iv8gd5aZpL-lwZov4Zy128p64bMXMyUg,BR1_3277220326,16.17,14.0,11.0,12.315,1
5.0,0.3571,0.2857,0.3333,0.196,3,0.0,0.4286,1.2857,5.7024,0.3888,0.1296,0.3333,0.1737,0.0,0.1,0.5184,1.5552,4.6192,0.4106,0.4106,0.4211,0.2822,0.0,0.0,0.8212,1.9503,1,hA0vAGkhSmb6Lcgh9gSmghV9UPrtClw-aNQTMaNLHIvkeBmTXNXcCkBWLSc_ZvhrB4muqfqvch_z_Q,BR1_3277118492,16.17,14.0,7.716,9.742,1
5.6429,0.2143,0.0714,0.6,0.1871,0,0.0,0.4286,0.7143,7.2727,0.0,0.0909,0.3,0.139,0.0,0.2,0.2727,0.9091,8.1982,0.0,0.4204,0.25,0.1134,0.0,0.3077,0.2102,0.8408,0,vI0c9QFAAEkTX-FS2KPqtsgcmSfWqyMiJi6rN-5o2PencUAvTgcyCReI-f22UMzGYaMkrYkB6_PQYA,BR1_3277240405,16.17,14.0,11.0,4.757,0
5.1429,0.0714,0.2143,0.1333,0.135,1,0.0,0.1429,1.0714,4.1856,0.4783,0.4783,0.3077,0.2011,1.0,0.0,0.4783,1.5546,6.5598,0.2523,0.5046,0.5714,0.2202,1.0,0.1111,0.5046,0.8831,0,eU0ymzlA0xHM4ufYvomcIwDZ5rz2Y1n7vANf3sF4IYS_IOUcmbH3KhS-vz3RuMzTdoUFfKJxBK3GeQ,BR1_3277274374,16.17,14.0,8.362,7.927,0
6.7488,0.3802,0.1901,0.2857,0.1815,1,0.0,0.1901,0.6654,7.9959,0.3998,0.1999,0.2778,0.2036,0.0,0.0,0.4997,1.7991,4.959,0.7347,0.3673,0.4783,0.2995,1.0,0.1875,1.0102,2.1122,0,eU0ymzlA0xHM4ufYvomcIwDZ5rz2Y1n7vANf3sF4IYS_IOUcmbH3KhS-vz3RuMzTdoUFfKJxBK3GeQ,BR1_3277110771,16.17,10.52,10.005,10.889,1
6.7143,0.2857,0.2143,0.3333,0.2421,1,0.0,0.0714,0.2143,7.6258,0.305,0.305,0.4444,0.2749,1.0,0.0,0.4067,0.9151,6.6993,0.4828,0.3621,0.619,0.3462,1.0,0.1333,0.7846,1.2674,0,eU0ymzlA0xHM4ufYvomcIwDZ5rz2Y1n7vANf3sF4IYS_IOUcmbH3KhS-vz3RuMzTdoUFfKJxBK3GeQ,BR1_3276925397,16.17,14.0,9.835,16.569,0
7.4138,0.3634,0.0,0.3333,0.2231,0,0.2,0.2907,0.8722,9.7502,0.15,0.15,0.7143,0.2767,1.0,0.2222,0.75,1.05,,,,,,,,,,0,eU0ymzlA0xHM4ufYvomcIwDZ5rz2Y1n7vANf3sF4IYS_IOUcmbH3KhS-vz3RuMzTdoUFfKJxBK3GeQ,BR1_3276919913,16.17,13.758,6.667,0.0,1
4.2454,0.2234,0.2979,0.5,0.2666,4,0.0,0.6703,1.3406,4.8354,0.2638,0.1758,0.4737,0.2141,1.0,0.1667,0.7913,1.6704,7.6558,0.0,0.2285,0.7619,0.1377,0.0,0.3333,1.8283,2.3996,0,ZwLqg7Q19FquY4GVcMBz8FNjKFRY9VNSRlmwUiyBnFkQ3a8r_YiMJN7_e1LcaDw8COa4DVuT98oWZA,BR1_3277104309,16.17,13.426,11.374,8.752,1
5.7483,0.1554,0.233,0.375,0.2836,2,0.25,0.233,0.6214,6.0199,0.1649,0.3299,0.5,0.3452,2.0,0.1,0.7422,1.4843,4.2781,0.1945,0.2917,0.7059,0.3333,2.0,0.4,1.1668,1.6529,1,lMVHbOY9rYkNhd9xiPzYZ6qvSeNZqC1623uJ365Ve8wG8_mfaVncaDU5HIEgi6FKlp3DwwkoMj3omQ,BR1_3277225834,16.17,12.873,12.127,10.285,0
5.9323,0.3955,0.1582,0.3636,0.2589,1,0.0,0.3164,0.8701,5.8265,0.4046,0.1618,0.45,0.2704,3.0,0.1667,0.7283,1.6185,6.0348,0.355,0.355,0.4444,0.2482,0.0,0.2,0.4733,1.065,0,lMVHbOY9rYkNhd9xiPzYZ6qvSeNZqC1623uJ365Ve8wG8_mfaVncaDU5HIEgi6FKlp3DwwkoMj3omQ,BR1_3277163324,16.17,12.643,12.357,8.451,0
6.7857,0.3571,0.0714,0.6923,0.4474,6,0.0,0.6429,0.9286,6.0,0.0909,0.1818,0.5263,0.3871,4.0,0.1111,0.9091,1.7273,4.0967,0.0,0.1413,0.5652,0.3358,6.0,0.1333,0.9182,1.6246,0,lMVHbOY9rYkNhd9xiPzYZ6qvSeNZqC1623uJ365Ve8wG8_mfaVncaDU5HIEgi6FKlp3DwwkoMj3omQ,BR1_3277027789,16.17,14.0,11.0,14.158,1
5.5,0.3571,0.2857,0.3333,0.3008,1,0.5,0.2857,0.8571,6.4476,0.4605,0.307,0.8571,0.4313,2.0,0.2,0.9211,1.0746,5.1295,0.3579,0.2982,0.7895,0.4277,1.0,0.0625,0.8947,1.1333,0,ZPgukBgGnMJtygYJ8cUnVbLJhcW8zggiqOSrfeV-ev581YyG84nbGdHPNVVo-kuFmHxT0Xz8FebWBQ,BR1_3277395844,16.17,14.0,6.514,16.766,0
5.4283,0.3393,0.2545,0.6,0.2997,5,0.0,0.7634,1.2723,8.8435,0.2822,0.0941,0.6522,0.4899,4.0,0.5,1.4112,2.1638,,,,,,,,,,0,ZPgukBgGnMJtygYJ8cUnVbLJhcW8zggiqOSrfeV-ev581YyG84nbGdHPNVVo-kuFmHxT0Xz8FebWBQ,BR1_3277381851,16.17,11.79,10.629,0.0,1
5.5808,0.393,0.2358,0.5,0.3414,1,0.25,0.4716,0.9432,8.1447,0.1629,0.2443,0.4706,0.288,1.0,0.1667,0.6516,1.3846,2.2069,0.3395,0.3395,0.3793,0.2061,5.0,0.1818,0.9337,2.4615,0,ZPgukBgGnMJtygYJ8cUnVbLJhcW8zggiqOSrfeV-ev581YyG84nbGdHPNVVo-kuFmHxT0Xz8FebWBQ,BR1_3277345620,16.17,12.722,12.278,11.781,1
8.0302,0.4412,0.0882,0.4167,0.2915,3,0.0,0.4412,1.0589,7.6512,0.4027,0.4027,0.5789,0.3153,4.0,0.2222,1.1074,1.9128,7.4698,0.4597,0.4597,0.3636,0.2462,1.0,0.0667,0.4597,1.2641,0,vF0uFu-uzBEIsqYp01O6W4R2b39H74bskGP83ClgfioJy6O5JacwzSn0xtqPs8mRCkhjKqio7TpLLw,BR1_3277363882,16.17,11.332,9.933,8.702,1
5.7143,0.4286,0.2143,0.375,0.2415,2,0.0,0.4286,1.1429,8.8182,0.4545,0.3636,0.5625,0.3559,4.0,0.0909,0.8182,1.4545,11.355,0.4991,0.0,0.7143,0.422,5.0,0.25,1.2478,1.7469,0,vF0uFu-uzBEIsqYp01O6W4R2b39H74bskGP83ClgfioJy6O5JacwzSn0xtqPs8mRCkhjKqio7TpLLw,BR1_3277095784,16.17,14.0,11.0,8.014,1
6.4994,0.4642,0.1547,0.5,0.4082,2,0.0,0.4642,0.9285,9.1091,0.4141,0.1656,0.8,0.3806,2.0,0.0,0.9937,1.2422,11.3642,0.0,2.841,0.0,0.5486,0.0,,0.0,0.0,0,vF0uFu-uzBEIsqYp01O6W4R2b39H74bskGP83ClgfioJy6O5JacwzSn0xtqPs8mRCkhjKqio7TpLLw,BR1_3277060176,16.17,12.924,12.076,0.352,0
6.8921,0.3829,0.1914,0.1333,0.1351,0,0.25,0.1914,1.4359,7.1461,0.3436,0.2749,0.4286,0.2217,1.0,0.0833,0.4123,0.962,4.931,0.0725,0.3626,0.5417,0.2898,1.0,0.0714,0.9427,1.7403,0,4YmpLXk0aLBkSn9ep4kxNCACXB-AJQ1T7LxGnlzZC5PorYmA7GR00HI2uTmlkF9x285h3sBTnIJH6Q,BR1_3276959135,16.17,10.447,14.553,13.79,1
6.5,0.2857,0.1429,0.3333,0.147,0,0.0,0.0714,0.2143,6.4471,0.0,0.597,0.2,0.1824,0.0,0.3846,0.1194,0.597,,,,,,,,,,0,eVNfJKOJ6rspLAp0jCKcWkgu6Lt9QYcz-8xWa2ITS_g_ItplrsYrXBoVLDX8OSHJlyI3zk_VziuyDA,BR1_3276703077,16.17,14.0,8.376,0.0,0
7.2694,0.3127,0.0782,0.3333,0.2198,1,0.0,0.1563,0.469,7.373,0.4915,0.1638,0.5333,0.2571,2.0,0.0,0.6554,1.2288,4.8432,0.6919,0.3459,0.3529,0.2129,1.0,0.0714,0.5189,1.4703,0,oRX8NEzqrLSqXielzG7ecDlLX3kVSRh-eyIfT4zCUif_V4Vmf2sxQsff0xLR3uq-c5yWNvWAEPTEtw,BR1_3277378997,16.17,12.793,12.207,11.563,0
7.7143,0.3571,0.1429,0.0,0.2225,0,0.0,0.0,0.5,9.5455,0.4545,0.1818,0.2,0.1858,2.0,0.1111,0.3636,1.8182,9.6152,0.6105,0.0,0.2857,0.1813,0.0,0.2857,0.3052,1.0684,0,oRX8NEzqrLSqXielzG7ecDlLX3kVSRh-eyIfT4zCUif_V4Vmf2sxQsff0xLR3uq-c5yWNvWAEPTEtw,BR1_3277366603,16.17,14.0,11.0,6.552,1
6.0303,0.3216,0.0804,0.25,0.148,0,0.0,0.2412,0.9649,5.2543,0.4472,0.3354,0.8462,0.2426,0.0,0.3333,1.2297,1.4533,9.4208,0.4052,0.0,0.2381,0.1877,2.0,0.2353,0.5065,2.1273,0,POa4i5pZRXfjiOY9KPU22g-HRQGEEIj26XDv_Vnj01CkUe1Uxp039DGe_xz2SVIhPvDip14-YYrQNw,BR1_3277079261,16.17,12.437,8.945,9.872,1
7.3337,0.2529,0.0843,0.0476,0.0462,1,0.0,0.0843,1.7702,5.633,0.4567,0.0761,0.7,0.1703,1.0,0.3077,1.5985,2.2836,3.9561,0.344,0.172,0.5,0.294,0.0,0.1429,0.516,1.032,0,POa4i5pZRXfjiOY9KPU22g-HRQGEEIj26XDv_Vnj01CkUe1Uxp039DGe_xz2SVIhPvDip14-YYrQNw,BR1_3276993850,16.17,11.863,13.137,5.814,1
8.7261,0.2592,0.0,0.2,0.1315,0,0.0,0.0864,0.432,4.9893,0.4024,0.0805,0.6,0.2721,1.0,0.1667,0.4828,0.8047,4.95,0.3536,0.0,1.0,0.2445,0.0,0.1111,0.3536,0.3536,0,POa4i5pZRXfjiOY9KPU22g-HRQGEEIj26XDv_Vnj01CkUe1Uxp039DGe_xz2SVIhPvDip14-YYrQNw,BR1_3276991031,16.17,11.574,12.427,2.828,1
4.959,0.2439,0.1626,0.1111,0.1966,0,0.0,0.0813,0.7317,7.4594,0.5555,0.5555,0.5,0.2729,0.0,0.0909,0.4761,0.9523,7.0672,0.4711,0.9423,0.3333,0.1991,1.0,0.0,0.4711,1.4134,0,QHvLgrx-QWknw2J15cm23NBxly4Vh4JcGI7KKF_rqcs4Tr5tobvGzTT144OtUgGeQlN8BuKYxtuc-Q,BR1_3277045832,16.17,12.301,12.601,2.122,0
8.345,0.2235,0.0745,0.1333,0.1521,1,0.0,0.149,1.1176,5.5274,0.3455,0.2591,0.5,0.2232,2.0,0.0,0.6046,1.2091,5.501,0.3929,0.7859,0.0,0.1909,0.0,0.0,0.0,0.3929,0,QHvLgrx-QWknw2J15cm23NBxly4Vh4JcGI7KKF_rqcs4Tr5tobvGzTT144OtUgGeQlN8BuKYxtuc-Q,BR1_3277010261,16.17,13.421,11.579,2.545,0
6.516,0.0814,0.2443,0.1667,0.2469,1,0.0,0.0814,0.4887,8.4889,0.2358,0.393,0.375,0.3213,3.0,0.0,0.4716,1.2576,1.7916,0.0,0.0,0.0,0.0886,0.0,,0.0,1.7916,0,wFvQOFq_FWfS8aQ5kFzT-Tubwx4g9nsZHUy9eISkyhGM21LuW2JzzVDB1U5QI8xED9XxrXRZpC932w,BR1_3277370713,16.17,12.277,12.723,0.558,0
5.3876,0.0816,0.2449,0.1176,0.1436,1,0.0,0.1633,1.3877,4.2512,0.4088,0.0818,0.5,0.1539,0.0,0.1,0.8175,1.6351,0.4732,0.0,0.0,0.6667,0.1078,0.0,0.5,1.893,2.8395,0,wFvQOFq_FWfS8aQ5kFzT-Tubwx4g9nsZHUy9eISkyhGM21LuW2JzzVDB1U5QI8xED9XxrXRZpC932w,BR1_3277249911,16.17,12.25,12.232,2.113,1
3.8218,0.78,0.312,0.5,0.2492,1,0.0,0.312,0.624,4.9153,1.0398,0.2836,0.3333,0.153,0.0,0.0,0.3781,1.1343,,,,,,,,,,0,nM7_xDQQq04nWxbmLq-KgUE3K8NyN0VecQ8EdXEsdGhAREYrF-2Fv0q_Nxm1adOi-HYIPPbINJBtHQ,BR1_3275296598,16.16,12.821,10.579,0.0,0
5.4045,0.2191,0.2921,0.25,0.2063,1,0.0,0.2921,1.1685,6.1905,0.3537,0.3537,0.2941,0.2035,0.0,0.2222,0.4422,1.5034,4.0599,0.4685,0.4685,0.2143,0.1755,2.0,0.2222,0.4685,2.1861,0,nM7_xDQQq04nWxbmLq-KgUE3K8NyN0VecQ8EdXEsdGhAREYrF-2Fv0q_Nxm1adOi-HYIPPbINJBtHQ,BR1_3275275110,16.16,13.692,11.308,6.404,1
6.9029,0.2061,0.0,0.4,0.2693,0,0.0,0.4121,1.0303,8.1431,0.4378,0.1751,0.7333,0.3215,0.0,0.125,0.9632,1.3134,7.6878,0.3661,0.6101,0.5833,0.2668,0.0,0.2308,0.8542,1.4643,0,HULc-2Dp8MVje8dyU1l6Hn1NFrJly7PpU7mLyVMGXPwYiucPtWy68DiPEO-lN_VGw28zEMEBqk8jwQ,BR1_3276369057,16.17,9.706,11.421,8.195,0
4.2707,0.0,0.4067,0.0,0.1208,0,0.0,0.0,0.4067,5.5187,0.3449,0.0,0.0,0.0067,0.0,0.0,0.0,1.3797,,,,,,,,,,0,0R6gH61slGzr6at0Uof_l9uy-__3gcDTOxpfahe-rHiWqnoq6r-6pjlNNvkUd2hZX3aqS9X4GzSbLA,BR1_3276671631,16.17,9.834,2.899,0.0,0
6.0714,0.3571,0.2143,0.3333,0.2935,3,0.0,0.4286,1.2857,5.0,0.5455,0.4545,0.2778,0.2392,3.0,0.1667,0.4545,1.6364,3.1093,0.5076,0.3807,0.2414,0.1246,0.0,0.0,0.4442,1.8402,0,bWi3ESjg1YBSGSgbYlzm8ETZuybUJPIHWuiE5PDU9VPIF3cD6sAjjBnHJZf-9DCCmXzUNqkg-fc_JA,BR1_3277339859,16.17,14.0,11.0,15.759,1
4.5261,0.1886,0.4715,0.2857,0.1898,1,0.0,0.1886,0.6601,3.5643,0.396,0.396,0.44,0.1757,0.0,0.1667,0.8713,1.9802,0.2069,0.2069,0.4139,0.6667,0.229,0.0,0.2,1.6556,2.4834,0,bWi3ESjg1YBSGSgbYlzm8ETZuybUJPIHWuiE5PDU9VPIF3cD6sAjjBnHJZf-9DCCmXzUNqkg-fc_JA,BR1_3277332216,16.17,10.605,12.625,4.832,1
4.9544,0.1479,0.2958,0.1667,0.1785,1,0.2,0.2218,1.331,4.4984,0.2646,0.5292,0.25,0.2398,0.0,0.0667,0.2646,1.0584,6.4355,0.3786,0.3786,0.4444,0.1454,0.0,0.1111,0.7571,1.7035,0,bWi3ESjg1YBSGSgbYlzm8ETZuybUJPIHWuiE5PDU9VPIF3cD6sAjjBnHJZf-9DCCmXzUNqkg-fc_JA,BR1_3277126212,16.17,13.523,11.337,5.283,1
4.3572,0.3756,0.2254,0.2857,0.2296,0,0.2,0.1502,0.5259,3.0799,0.3422,0.5133,0.1667,0.1292,1.0,0.1,0.2567,1.5399,4.039,0.5875,0.2937,0.3913,0.1139,1.0,0.0833,0.6609,1.689,0,jjauIt7U40zLsP2oGj32pZHlwWiyAaF5r3zio7GQ21vGc6R_Im4JBnaay-4nHUjqKWaUXwiwGY8Ehg,BR1_3277327369,16.17,13.311,11.689,13.617,1
6.1429,0.3571,0.0714,0.3333,0.2605,2,0.0,0.2857,0.8571,4.1818,0.4545,0.3636,0.4286,0.1914,1.0,0.1111,0.8182,1.9091,4.1977,0.0,0.0,0.875,0.2103,0.0,0.0,5.8768,6.7164,0,s1GvJf_tTsPhXYr6PpDek78Mo2PwsVQa0M3GxiA-9_Y5IYAwOlyxu_oaZ0AdT6LkiWVpAp5RADQ7PQ,BR1_3277251182,16.17,14.0,11.0,1.191,1
4.7357,0.4371,0.1457,0.1429,0.1752,0,0.0,0.1457,1.02,6.3861,0.5322,0.3548,0.45,0.2078,1.0,0.0,0.7983,1.7739,5.8857,0.6006,0.4805,0.5,0.2174,1.0,0.0833,0.7207,1.4414,0,gcs3OHiUONzRJ67ZZjLTD031ULwIm4KM7Ywi24J10VKZaFxcB_VSLDz1UVfJjP41FT0DmIG5tEmqqw,BR1_3277379174,16.17,13.726,11.274,8.325,0
8.1038,0.5673,0.0,0.25,0.1636,2,0.0,0.2431,0.9725,4.3443,0.7899,0.3949,0.3684,0.1382,1.0,0.0,0.5529,1.5008,3.1341,0.6268,0.2089,0.6364,0.2908,1.0,0.0,1.4626,2.2983,0,gcs3OHiUONzRJ67ZZjLTD031ULwIm4KM7Ywi24J10VKZaFxcB_VSLDz1UVfJjP41FT0DmIG5tEmqqw,BR1_3277362407,16.17,12.34,12.66,4.786,1
4.6725,0.3337,0.2503,0.0,0.177,0,0.0,0.0,0.5841,9.3375,0.3811,0.0953,0.4167,0.2131,0.0,0.25,0.4764,1.1434,6.2748,0.5088,0.2544,0.5556,0.2743,1.0,0.1333,0.8479,1.5263,0,gcs3OHiUONzRJ67ZZjLTD031ULwIm4KM7Ywi24J10VKZaFxcB_VSLDz1UVfJjP41FT0DmIG5tEmqqw,BR1_3277328984,16.17,11.985,10.495,11.793,0
2.7857,0.4286,0.4286,0.4286,0.238,2,0.0,0.4286,1.0,6.1818,0.3636,0.4545,0.4444,0.2237,1.0,0.125,0.7273,1.6364,4.5843,0.5852,0.4877,0.1875,0.1832,0.0,0.0833,0.2926,1.5606,0,gcs3OHiUONzRJ67ZZjLTD031ULwIm4KM7Ywi24J10VKZaFxcB_VSLDz1UVfJjP41FT0DmIG5tEmqqw,BR1_3277264347,16.17,14.0,11.0,10.252,0
4.0581,0.4227,0.3382,0.4286,0.2451,1,0.0,0.2536,0.5918,8.0363,0.3444,0.3444,0.5556,0.3361,0.0,0.0,0.574,1.0332,8.1314,0.4958,0.0,0.6667,0.3819,1.0,0.0833,1.3883,2.0824,0,UOEPPRZZxfHNmLUJdlwjvCOwpWTKQcwRIimadiYlZbvvbhOmzBw_EKULYcBG5u7zYk545ihXT6zMFQ,BR1_3277406008,16.17,11.828,8.71,10.084,1
5.8571,0.3571,0.1429,0.0,0.1848,0,0.0,0.0,0.6429,6.7273,0.4545,0.2727,0.3889,0.2208,1.0,0.4167,0.6364,1.6364,5.7583,0.4163,0.4856,0.3333,0.236,0.0,0.125,0.2775,0.8325,0,ba-OgMvUuJv7XCMTM0rn35M4Uf3QQB3BULQO7qNZvefpFYYHkEBBcIvirVQTnryyXRcSKPHL2aMlKQ,BR1_3277262735,16.17,14.0,11.0,14.414,0
7.5714,0.3571,0.1429,0.1667,0.185,0,0.0,0.0714,0.4286,8.0392,0.5024,0.3768,0.5,0.2263,0.0,0.0,0.3768,0.7537,10.3539,0.3001,0.4502,0.6667,0.1958,0.0,0.1111,0.6002,0.9003,0,ba-OgMvUuJv7XCMTM0rn35M4Uf3QQB3BULQO7qNZvefpFYYHkEBBcIvirVQTnryyXRcSKPHL2aMlKQ,BR1_3277263415,16.17,14.0,7.961,6.664,0
5.55,0.3604,0.1442,0.4167,0.1971,0,0.0,0.3604,0.8649,5.2153,0.1932,0.5795,0.75,0.2631,0.0,0.1176,0.2897,0.3863,,,,,,,,,,0,ba-OgMvUuJv7XCMTM0rn35M4Uf3QQB3BULQO7qNZvefpFYYHkEBBcIvirVQTnryyXRcSKPHL2aMlKQ,BR1_3277256752,16.17,13.874,10.354,0.0,0
6.9629,0.3424,0.1141,0.4286,0.2229,2,0.25,0.3424,0.799,6.4092,0.4807,0.4006,0.4444,0.3357,3.0,0.0,0.3205,0.721,6.3002,0.0,0.5108,0.6,0.335,0.0,0.3077,0.5108,0.8514,1,6IoG6VJs4dW9O1Ox7Lhf4uwLLc3Mx40XMZ5pO-s3-RrwnnTAnbeiaOvluWzk-YwDszZ4GZypHnfSZg,BR1_3276913541,16.17,8.761,12.482,5.873,0
8.5644,0.3263,0.1631,0.0,0.0905,0,0.0,0.0,0.4894,8.4773,0.5495,0.157,0.3333,0.1186,0.0,0.0909,0.5495,1.6484,5.2858,0.5211,0.3722,0.3333,0.2105,0.0,0.0714,0.5211,1.5634,0,zgV5FuMDtFI6GnWpEAu1ybUsE6s9nAagYVjKy4iSOAy8gIIENPzFtM0t25GAZ2J4eVnGU8K4xRD-ag,BR1_3277217428,16.17,12.26,12.74,13.432,1
8.3673,0.5123,0.0854,0.1538,0.2195,0,0.25,0.1708,1.1099,9.5843,0.4638,0.2319,0.3,0.1777,0.0,0.1818,0.4638,1.5459,3.3299,0.555,0.555,0.0,0.2375,0.0,0.0,0.0,3.3299,0,zgV5FuMDtFI6GnWpEAu1ybUsE6s9nAagYVjKy4iSOAy8gIIENPzFtM0t25GAZ2J4eVnGU8K4xRD-ag,BR1_3277009407,16.17,11.712,12.938,1.802,1
8.6236,0.5295,0.2269,0.2857,0.2099,0,0.0,0.1513,0.5295,9.7174,0.4225,0.2817,0.2,0.2535,0.0,0.2857,0.1408,0.7042,8.5742,0.5846,0.0974,1.0,0.2565,0.0,0.25,0.9743,0.9743,0,zgV5FuMDtFI6GnWpEAu1ybUsE6s9nAagYVjKy4iSOAy8gIIENPzFtM0t25GAZ2J4eVnGU8K4xRD-ag,BR1_3277000316,16.17,13.22,7.101,10.263,0
9.3787,0.4263,0.0853,0.0,0.1879,0,0.0,0.0,0.5116,8.1379,0.5275,0.1507,0.25,0.1879,0.0,0.2222,0.2261,0.9042,6.4174,0.5033,0.2517,0.4211,0.2466,0.0,0.3333,1.0067,2.3908,0,zgV5FuMDtFI6GnWpEAu1ybUsE6s9nAagYVjKy4iSOAy8gIIENPzFtM0t25GAZ2J4eVnGU8K4xRD-ag,BR1_3276868229,16.17,11.729,13.271,7.947,1
5.6429,0.1429,0.3571,0.2308,0.2,0,0.0,0.2143,0.9286,6.2727,0.5455,0.3636,0.7222,0.2465,1.0,0.1818,1.1818,1.6364,6.4103,0.4371,0.2914,0.1667,0.3026,0.0,0.0,0.1457,0.8741,0,1yFskYlOR_ChafNHf9SiSJqND2Ffn-l4Hu7DYkagNJA9WC9_jA8fa8Nsn9dLn9hhPtaM2laOQDnUxA,BR1_3277236611,16.17,14.0,11.0,6.864,0
4.7449,0.1483,0.519,0.0,0.1805,0,0.0,0.0,0.8155,6.2782,0.405,0.3038,0.3333,0.1032,1.0,0.2222,0.5063,1.5189,2.1196,0.471,0.471,0.1429,0.1033,0.0,0.0833,0.471,3.2971,0,1yFskYlOR_ChafNHf9SiSJqND2Ffn-l4Hu7DYkagNJA9WC9_jA8fa8Nsn9dLn9hhPtaM2laOQDnUxA,BR1_3277225561,16.17,13.488,9.875,4.246,1
7.2143,0.2857,0.1429,0.2222,0.2845,2,0.0,0.2857,1.2857,4.4696,0.7449,0.7449,0.6667,0.3432,1.0,0.5,1.4899,2.2348,,,,,,,,,,0,1yFskYlOR_ChafNHf9SiSJqND2Ffn-l4Hu7DYkagNJA9WC9_jA8fa8Nsn9dLn9hhPtaM2laOQDnUxA,BR1_3277218503,16.17,14.0,1.342,0.0,1
5.2857,0.0714,0.0,0.3333,0.1816,0,0.0,0.3571,1.0714,4.5455,0.3636,0.2727,0.6667,0.2811,1.0,0.2308,1.4545,2.1818,2.8417,0.406,0.406,0.7778,0.3421,0.0,0.0,2.8417,3.6536,0,K4m09nZYAUXzVq_ipWZbYS8tCFoYcb4Z3qJ9_J3RlijueL12P9-vLoK6EBx6IAoRNM952S5sFszcVA,BR1_3277113044,16.17,14.0,11.0,2.463,1
6.2525,0.3088,0.0,0.0,0.0413,0,0.0,0.0,0.3088,8.8832,0.4981,0.166,0.3333,0.1514,0.0,0.1,0.4151,1.2453,5.1001,0.0699,0.1397,0.625,0.2412,0.0,0.3529,0.6986,1.1178,0,K4m09nZYAUXzVq_ipWZbYS8tCFoYcb4Z3qJ9_J3RlijueL12P9-vLoK6EBx6IAoRNM952S5sFszcVA,BR1_3276971933,16.17,12.955,12.045,14.313,0
6.4286,0.3571,0.2143,0.125,0.2187,1,0.0,0.0714,0.5714,7.357,0.2452,0.3679,0.4167,0.1315,0.0,0.1111,0.6131,1.4714,7.0552,0.3793,0.1517,0.4737,0.1354,1.0,0.5,0.6828,1.4414,0,K4m09nZYAUXzVq_ipWZbYS8tCFoYcb4Z3qJ9_J3RlijueL12P9-vLoK6EBx6IAoRNM952S5sFszcVA,BR1_3276947787,16.17,14.0,8.155,13.182,1
3.3783,0.3217,0.2413,0.2727,0.2402,3,0.0,0.2413,0.8848,5.4106,0.3978,0.4774,0.1905,0.1083,1.0,0.1,0.3183,1.6709,3.3599,0.3015,0.3015,0.2973,0.1561,2.0,0.1071,0.4738,1.5938,0,DUaZRRXi4xAPc6xBwwCiBlg_0vYUFeu8PD5rY1LvpbtaYX4MdMJQnRNQ6lv7NBILWg4lh-sf_JavGg,BR1_3277118169,16.17,12.432,12.568,23.215,1
7.8277,0.3658,0.0732,0.2857,0.2165,0,0.0,0.1463,0.5121,5.7589,0.3776,0.2832,0.4737,0.2579,2.0,0.2222,0.8497,1.7937,3.949,0.359,0.2992,0.4286,0.1508,0.0,0.087,0.718,1.6753,0,iIwL3e3L5fxZWeZFBCJ-TV3ZLZGClhbiQ_fwco7IjMZLVphngxg2oocKCsN13WLtg62pMbQtYEGMUw,BR1_3277117417,16.17,13.669,10.592,16.713,1
6.9525,0.4345,0.0724,0.5,0.266,1,0.0,0.1448,0.2897,9.6234,0.2291,0.2291,0.4286,0.2824,0.0,0.2857,0.3437,0.8019,6.4147,0.3564,0.4276,0.5625,0.2569,1.0,0.1875,0.6415,1.1404,0,iIwL3e3L5fxZWeZFBCJ-TV3ZLZGClhbiQ_fwco7IjMZLVphngxg2oocKCsN13WLtg62pMbQtYEGMUw,BR1_3277038464,16.17,13.808,8.729,14.03,0
7.2971,0.228,0.076,0.3571,0.2586,4,0.0,0.3801,1.0642,6.9854,0.1746,0.3493,0.7143,0.4351,2.0,0.1818,0.8732,1.2224,9.1293,0.0,0.4246,1.0,0.482,0.0,0.0,0.4246,0.4246,0,OTZd1DO_NjIXrU7N89SqrFrDOIKrwVgngSwpHcd70sdAEzuf13g3YTZ4OeMJ_SZ9OWTDm_RREP7XCw,BR1_3277344381,16.17,13.156,11.452,4.71,0
6.8571,0.7143,0.1429,0.0667,0.1353,1,0.0,0.0714,1.0714,6.4545,0.8182,0.2727,0.2857,0.1079,0.0,0.0833,0.3636,1.2727,4.1116,1.0964,0.1371,0.3636,0.1061,0.0,0.25,0.5482,1.5076,0,Jos4etLPAQ3PJGmIYhNb8gy-WU1MS19Op98JDO874frc58RupwKDaQ6xwhmCFgV7DQ9O4p56HcnXFA,BR1_3277343125,16.17,14.0,11.0,7.296,1
6.357,0.4075,0.163,0.4444,0.2897,2,0.0,0.326,0.7335,6.2844,0.5499,0.0786,0.5,0.202,0.0,0.1667,0.8641,1.7282,6.041,0.2416,0.0,0.6667,0.2092,0.0,0.0,1.4498,2.1748,0,Jos4etLPAQ3PJGmIYhNb8gy-WU1MS19Op98JDO874frc58RupwKDaQ6xwhmCFgV7DQ9O4p56HcnXFA,BR1_3277321752,16.17,12.27,12.73,4.138,1
5.0576,0.4398,0.2932,0.2778,0.285,4,0.0,0.3665,1.3194,7.7485,0.7044,0.2642,0.5333,0.1863,2.0,0.25,0.7044,1.3208,6.7712,1.0772,0.1539,0.5,0.2141,0.0,0.0909,0.9233,1.8467,0,Jos4etLPAQ3PJGmIYhNb8gy-WU1MS19Op98JDO874frc58RupwKDaQ6xwhmCFgV7DQ9O4p56HcnXFA,BR1_3277136063,16.17,13.643,11.357,12.996,1
6.0,0.4286,0.2143,0.25,0.3313,3,0.0,0.2143,0.8571,6.5455,0.4545,0.2727,0.4815,0.3303,4.0,0.0,1.1818,2.4545,9.4862,0.0,0.0,0.0,0.0,0.0,1.0,0.0,0.0,0,M-VfaAihbvS8K-vGrbntsB8kK-9fuNa8HAhrxgR0rD7PtpJXotDq4eO9XLKprAWZev7MOz9ZekPrsA,BR1_3274905267,16.16,14.0,11.0,0.316,1
6.9286,0.3571,0.0714,0.0,0.146,0,0.0,0.0,0.7143,5.1818,0.6364,0.3636,0.4286,0.1421,0.0,0.0,0.8182,1.9091,6.0146,0.7888,0.1972,0.4444,0.2196,0.0,0.2222,0.7888,1.7748,0,T72qX8SAUxjAhEhjl0KsstEGlb9y6_BYD1NRXteLYd7wsVbGTLAD2mNaWUFlBYkgCfh8OZ6nf7XOOw,BR1_3277018326,16.17,14.0,11.0,10.142,1
5.6029,0.3864,0.1932,0.4,0.4479,2,0.0,0.1932,0.483,7.8944,0.9288,0.0,0.4286,0.3729,3.0,0.0,0.6966,1.6253,,,,,,,,,,1,362m1D6WjgQURsyIfNg33ZD-7EhJZ--KS5GRRb6-737vAL6TSl1T4cCN29ywV-eMfjZSnRS87DfpXQ,BR1_3277325076,16.17,10.352,8.614,0.0,1
6.7948,0.3342,0.0,0.3333,0.2757,1,0.0,0.2228,0.6683,7.7453,0.3992,0.3194,0.5833,0.341,1.0,0.0,0.5589,0.9582,12.1071,0.5152,0.2576,0.4,0.3894,0.0,0.25,0.5152,1.288,0,wjU4gdZUoB7JcK-Jxx59AgBqRwhCaSpk3bKYLREdbapCMQuEEOtBuysqVx-lJdiUYmLpuVybgnodbQ,BR1_3277204614,16.17,8.977,12.524,3.882,0
5.7857,0.3571,0.2143,0.4444,0.364,3,0.0,0.2857,0.6429,5.1818,0.6364,0.1818,0.625,0.3518,3.0,0.3,0.4545,0.7273,4.9688,0.0994,0.1988,0.8889,0.4029,1.0,0.0667,0.795,0.8944,1,wjU4gdZUoB7JcK-Jxx59AgBqRwhCaSpk3bKYLREdbapCMQuEEOtBuysqVx-lJdiUYmLpuVybgnodbQ,BR1_3277166225,16.17,14.0,11.0,10.063,1
7.4286,0.2857,0.1429,0.6667,0.3875,4,0.0,0.4286,0.6429,8.0,0.4545,0.2727,0.6667,0.3713,1.0,0.125,0.3636,0.5455,7.4159,0.2317,0.2317,1.0,0.4539,0.0,0.1,0.6952,0.6952,0,wjU4gdZUoB7JcK-Jxx59AgBqRwhCaSpk3bKYLREdbapCMQuEEOtBuysqVx-lJdiUYmLpuVybgnodbQ,BR1_3277143707,16.17,14.0,11.0,4.315,0
3.369,0.235,0.4701,0.4,0.2124,2,0.0,0.1567,0.3917,4.1679,0.5721,0.3269,0.6667,0.2962,2.0,0.2,0.6538,0.9807,2.1032,0.2003,0.6009,0.5714,0.2667,0.0,0.3636,0.4006,0.7011,1,zStXTh6OONOOsNH8qyckbVwcy2dTTvUiHm2HdZntKuXVaUo1UlLLgUkdCrfLRCCQSUz5sO6xlGGoGw,BR1_3276997333,16.17,12.764,12.236,9.985,0
6.7962,0.3125,0.2344,0.5556,0.447,5,0.0,0.3906,0.7031,7.4806,1.0827,0.2953,0.6842,0.5408,5.0,0.1,1.2796,1.8702,12.1213,0.5865,0.1955,0.8,0.6638,1.0,0.0,1.564,1.955,1,zStXTh6OONOOsNH8qyckbVwcy2dTTvUiHm2HdZntKuXVaUo1UlLLgUkdCrfLRCCQSUz5sO6xlGGoGw,BR1_3276763846,16.17,12.801,10.16,5.115,1
5.4953,0.3096,0.0774,0.0909,0.1477,0,0.25,0.0774,0.8514,7.5115,0.4173,0.2087,0.7273,0.1864,0.0,0.0,0.8346,1.1476,7.2917,0.3353,0.4191,0.25,0.1292,0.0,0.2308,0.2514,1.0058,0,eXPQGtHcKb7Gf5lU-tbD0N5bjMZ5U-gFnaKXO-ZST71oSisiOQ-VxuDAfA4X3eJyVKRe8N0WQJ5Ieg,BR1_3277350852,16.17,12.92,9.585,11.931,0
3.8571,0.3571,0.2857,0.4,0.1718,0,0.2,0.2857,0.7143,4.1818,0.4545,0.2727,0.4,0.1218,0.0,0.3,0.7273,1.8182,9.5126,0.453,0.0,0.2857,0.128,1.0,0.6667,0.453,1.5854,0,tklba9chtou6MbcU865XKvfZTo18hc2b5xGmb9EIsYwXezqS0nO2poH4v5RKFDsK5pBsIFqw2jyBVw,BR1_3277384264,16.17,14.0,11.0,4.415,1
6.3571,0.3571,0.0714,0.4706,0.2836,5,0.0,0.5714,1.2143,4.9091,0.3636,0.0909,0.7273,0.4563,5.0,0.0769,1.4545,2.0,3.7678,0.8373,0.4186,0.4,0.3171,0.0,0.6667,0.8373,2.0932,0,tklba9chtou6MbcU865XKvfZTo18hc2b5xGmb9EIsYwXezqS0nO2poH4v5RKFDsK5pBsIFqw2jyBVw,BR1_3276963951,16.17,14.0,11.0,2.389,1
7.7143,0.4286,0.1429,0.5,0.23,2,0.0,0.7143,1.4286,6.2387,0.6719,0.096,0.7273,0.332,2.0,0.2,1.5357,2.1115,,,,,,,,,,0,tklba9chtou6MbcU865XKvfZTo18hc2b5xGmb9EIsYwXezqS0nO2poH4v5RKFDsK5pBsIFqw2jyBVw,BR1_3276962214,16.17,14.0,10.419,0.0,1
8.1522,0.6039,0.0,0.0,0.1885,0,0.0,0.0,0.5284,7.9135,0.7658,0.0851,0.3077,0.2006,2.0,0.0,0.3404,1.1062,10.3592,0.7554,0.0,0.6,0.2925,0.0,0.125,0.3237,0.5395,0,Q6ap6lhwlkbEeNs-KyiHSTGmm3nq7yp25zEerBV4wyaHq5DjKjLMJOF60QDKs3W9uvSEC8r_T8Kglw,BR1_3277084860,16.17,13.248,11.752,9.267,0
5.7475,0.5511,0.0787,0.375,0.1817,0,0.0,0.2362,0.6299,6.7298,0.7138,0.102,0.8182,0.209,0.0,0.0,0.9177,1.1216,6.6136,0.6709,0.0,0.5714,0.1738,0.0,0.0625,0.7668,1.3419,0,Q6ap6lhwlkbEeNs-KyiHSTGmm3nq7yp25zEerBV4wyaHq5DjKjLMJOF60QDKs3W9uvSEC8r_T8Kglw,BR1_3277067656,16.17,12.701,9.807,10.433,1
6.0714,0.4286,0.4286,0.2727,0.1927,2,0.0,0.2143,0.7857,9.0,0.5455,0.1818,0.3846,0.1988,1.0,0.3636,0.4545,1.1818,9.2509,0.2102,0.4205,0.0,0.2308,0.0,0.2222,0.0,0.6307,0,Q6ap6lhwlkbEeNs-KyiHSTGmm3nq7yp25zEerBV4wyaHq5DjKjLMJOF60QDKs3W9uvSEC8r_T8Kglw,BR1_3277052614,16.17,14.0,11.0,4.756,0
5.5714,0.3571,0.0,0.4,0.2707,3,0.25,0.4286,1.0714,5.6364,0.6364,0.0909,0.4091,0.2379,2.0,0.1,0.8182,2.0,1.2424,0.3882,0.3882,0.4138,0.2304,3.0,0.1176,0.9318,2.2518,0,gdSWl8bSjD0As7PVCcWXPRNCfscN-8wtFeyZdwV2h0W8PwimwrWWH_0zGsIg8bH3sRLkfH2xUGBV8g,BR1_3277339904,16.17,14.0,11.0,12.879,1
4.2031,0.3002,0.3753,0.2222,0.2493,1,0.0,0.1501,0.6755,4.4402,0.1741,0.6094,0.45,0.1756,0.0,0.1538,0.7836,1.7413,1.3833,0.0,0.0,0.4286,0.2827,0.0,0.125,2.075,4.8416,0,gdSWl8bSjD0As7PVCcWXPRNCfscN-8wtFeyZdwV2h0W8PwimwrWWH_0zGsIg8bH3sRLkfH2xUGBV8g,BR1_3277070024,16.17,13.323,11.486,1.446,1
8.9927,0.4905,0.0,0.3333,0.283,4,0.0,0.327,0.981,9.7732,0.337,0.0,0.2,0.136,1.0,0.6667,0.337,1.685,,,,,,,,,,1,AhO1OtzDuJidPZ8atmUBdFiNOAHWQeUMBSxCkE8AnnzVHir47lwqEDNlHznPjPAkjuDnrGsR-1Vfrg,BR1_3275657066,16.16,12.232,2.967,0.0,1
7.0815,0.3372,0.0,0.3846,0.1638,3,0.0,0.4215,1.0959,8.9815,0.1522,0.2283,0.3125,0.1715,1.0,0.1333,0.3806,1.2178,1.5197,0.0,0.6079,0.5,0.0931,0.0,0.4286,0.3039,0.6079,0,_EaoJSUGGyfYDenJTH8xUJ9U09aBzQojAuyp1nLx73zPZDfk83K7r4aKSuydCMSAka0ck9Pr07XCOg,BR1_3276795532,16.17,11.862,13.138,3.29,0
7.5503,0.3813,0.0763,0.5,0.34,1,0.0,0.1525,0.3051,7.4024,0.2524,0.3365,0.375,0.1264,0.0,0.2,0.5047,1.3459,4.6162,0.1923,0.0962,0.6,0.1685,0.0,0.2727,0.8655,1.4425,0,_EaoJSUGGyfYDenJTH8xUJ9U09aBzQojAuyp1nLx73zPZDfk83K7r4aKSuydCMSAka0ck9Pr07XCOg,BR1_3276751213,16.17,13.112,11.888,10.398,1
7.7669,0.327,0.0818,0.3529,0.267,4,0.0,0.4905,1.3899,7.3106,0.3179,0.0,0.6667,0.3958,2.0,0.3333,1.2714,1.9071,,,,,,,,,,0,_EaoJSUGGyfYDenJTH8xUJ9U09aBzQojAuyp1nLx73zPZDfk83K7r4aKSuydCMSAka0ck9Pr07XCOg,BR1_3276734954,16.17,12.231,3.146,0.0,1
6.9241,0.3077,0.3077,0.0,0.2501,0,0.0,0.0,0.2308,9.9148,0.3813,0.1271,0.4,0.168,0.0,0.125,0.2542,0.6356,,,,,,,,,,0,_EaoJSUGGyfYDenJTH8xUJ9U09aBzQojAuyp1nLx73zPZDfk83K7r4aKSuydCMSAka0ck9Pr07XCOg,BR1_3276659828,16.17,12.998,7.867,0.0,0
6.7143,0.2857,0.2143,0.0,0.1404,0,0.0,0.0,0.9286,7.0,0.5455,0.2727,0.3333,0.1786,1.0,0.0,0.2727,0.8182,6.429,0.9286,0.3572,0.8333,0.3354,1.0,0.0714,0.7143,0.8572,0,0-eQDz3R3DInt620orV52mcL_eXDRJOEWYyRnX_r715IkeP2mizS-ybDL2_NBWam0GP9gpI3YCR4Kw,BR1_3276510200,16.17,14.0,11.0,13.999,0
5.2999,0.2178,0.2178,0.3333,0.1956,0,0.25,0.2904,0.8712,4.5063,0.3755,0.3755,0.25,0.289,0.0,0.5,0.3755,1.5021,,,,,,,,,,0,0-eQDz3R3DInt620orV52mcL_eXDRJOEWYyRnX_r715IkeP2mizS-ybDL2_NBWam0GP9gpI3YCR4Kw,BR1_3276259858,16.17,13.774,2.663,0.0,1
7.4041,0.5343,0.3053,0.2727,0.2877,2,0.0,0.229,0.8396,4.0061,0.5008,0.5008,0.5,0.2948,1.0,0.4286,0.4006,0.8012,,,,,,,,,,0,0-eQDz3R3DInt620orV52mcL_eXDRJOEWYyRnX_r715IkeP2mizS-ybDL2_NBWam0GP9gpI3YCR4Kw,BR1_3275959182,16.16,13.101,9.985,0.0,0
7.6658,0.3228,0.0807,0.1818,0.1727,1,0.0,0.1614,0.8876,4.6798,0.3173,0.238,0.6923,0.3514,3.0,0.0,1.4277,2.0623,3.7769,0.2158,0.4316,0.6667,0.2552,2.0,0.1538,0.8633,1.2949,0,x3RNUR02gZR2e92V6s2_hL37J21WMCcdbgcW8ctA6K1hkz7zgtHJPi6DyDx6hV60uqOtpsMU8dlk4A,BR1_3275604053,16.16,12.393,12.607,9.267,0
4.9404,0.3633,0.1453,0.3077,0.1226,0,0.0,0.2906,0.9445,3.9168,0.3092,0.5154,0.3158,0.1452,1.0,0.1,0.6184,1.9584,5.6501,0.339,0.226,0.4091,0.1457,2.0,0.1333,1.017,2.4861,0,x3RNUR02gZR2e92V6s2_hL37J21WMCcdbgcW8ctA6K1hkz7zgtHJPi6DyDx6hV60uqOtpsMU8dlk4A,BR1_3273353041,16.16,13.764,9.702,8.849,1
7.8571,0.3571,0.1429,0.0,0.2595,0,0.0,0.0,0.3571,6.4545,0.3636,0.1818,0.3529,0.2178,0.0,0.1111,0.5455,1.5455,6.1517,0.5592,0.1864,0.6,0.3064,0.0,0.0,0.5592,0.9321,0,7-FsCq9v-KsV5Z8Nc8UMkeP9PSXqiyV_hg0k0Yv2LqXEJ1NecASWJHWpvdprGkgo8WffQVJ39X7x-w,BR1_3275789418,16.16,14.0,11.0,16.093,0
7.2593,0.3541,0.1771,0.2,0.3073,0,0.25,0.0885,0.4426,8.6181,0.4104,0.4104,0.6667,0.2756,0.0,0.125,0.2736,0.4104,,,,,,,,,,0,7-FsCq9v-KsV5Z8Nc8UMkeP9PSXqiyV_hg0k0Yv2LqXEJ1NecASWJHWpvdprGkgo8WffQVJ39X7x-w,BR1_3275783003,16.16,11.296,7.31,0.0,0
8.6782,0.4172,0.0834,0.4444,0.3015,0,0.0,0.3338,0.751,9.1165,0.318,0.212,0.5238,0.2099,0.0,0.1818,1.1661,2.2261,6.7776,0.0,0.2947,0.5,0.1698,0.0,0.0,0.884,1.7681,0,7-FsCq9v-KsV5Z8Nc8UMkeP9PSXqiyV_hg0k0Yv2LqXEJ1NecASWJHWpvdprGkgo8WffQVJ39X7x-w,BR1_3275543435,16.16,11.984,9.433,3.394,1
8.9142,0.3624,0.1449,0.2222,0.3107,1,0.0,0.1449,0.6523,9.0164,0.3571,0.2678,0.6154,0.3968,2.0,0.3,0.7142,1.1605,9.329,0.4784,0.0,0.5333,0.3078,0.0,0.3846,0.9568,1.794,0,7-FsCq9v-KsV5Z8Nc8UMkeP9PSXqiyV_hg0k0Yv2LqXEJ1NecASWJHWpvdprGkgo8WffQVJ39X7x-w,BR1_3275522332,16.16,13.798,11.202,8.361,1
5.8145,0.0797,0.4779,0.0,0.1369,0,0.0,0.0,0.1593,4.8212,0.1607,0.3214,0.4615,0.1078,0.0,0.0909,0.4821,1.0446,9.664,0.2101,0.2101,0.4545,0.1322,1.0,0.2857,0.5252,1.1555,0,3eYs1vJboCQSKgCDbxz-W526bwtjGLU2h_LQiCITlAVEaA579989ocNCt4oaRUPW1pZI6uZRWYG4Ow,BR1_3277188634,16.17,12.555,12.445,9.52,0
6.0714,0.3571,0.2143,0.75,0.2925,1,0.0,0.4286,0.5714,5.9091,0.1818,0.3636,0.5,0.2684,0.0,0.1111,0.2727,0.5455,4.2872,0.2256,0.6769,0.5,0.1648,0.0,0.2857,0.4513,0.9026,0,K9xOaai_7NTP4N6PFO7q4qzhEneu06xKGgrXP2JMZFrdjnW3vb2UeWWMZt2CXeeiTm7fa3GlqvmisQ,BR1_3276880483,16.17,14.0,11.0,4.432,0
6.2162,0.4908,0.1636,0.4,0.2874,1,0.0,0.3272,0.8179,5.6365,0.3131,0.2349,0.7273,0.3593,1.0,0.0769,0.6263,0.8611,1.972,0.0,0.5634,0.6,0.4417,0.0,0.0,0.8451,1.4086,0,K9xOaai_7NTP4N6PFO7q4qzhEneu06xKGgrXP2JMZFrdjnW3vb2UeWWMZt2CXeeiTm7fa3GlqvmisQ,BR1_3276192021,16.16,12.226,12.774,3.55,0
5.7857,0.3571,0.2143,0.6364,0.3372,3,0.0,0.5,0.7857,5.134,0.3949,0.1975,0.6154,0.2342,0.0,0.1818,0.7899,1.2835,2.0378,0.2658,0.3544,0.6667,0.2868,1.0,0.1429,0.7088,1.0632,0,K9xOaai_7NTP4N6PFO7q4qzhEneu06xKGgrXP2JMZFrdjnW3vb2UeWWMZt2CXeeiTm7fa3GlqvmisQ,BR1_3275910024,16.16,14.0,10.129,11.287,0
5.5622,0.2567,0.4279,0.5,0.1635,1,0.0,0.5134,1.0269,5.9443,0.4755,0.317,0.6842,0.2082,2.0,0.3077,1.0303,1.5059,2.1123,0.0,0.7681,0.1667,0.2405,0.0,0.1111,0.192,1.1522,0,K9xOaai_7NTP4N6PFO7q4qzhEneu06xKGgrXP2JMZFrdjnW3vb2UeWWMZt2CXeeiTm7fa3GlqvmisQ,BR1_3275609702,16.16,11.686,12.617,5.208,0
8.0,0.5,0.0714,0.5,0.2836,0,0.25,0.2143,0.4286,7.0,0.4545,0.3636,0.6,0.3439,1.0,0.1,0.5455,0.9091,8.1452,0.3466,0.5199,0.7143,0.3666,1.0,0.3,0.8665,1.2131,0,I-MQ3OAE7iSXpF5UFwszrsnbzSvqCVuqteFYeOemmDpqhgY1Rog2CbSilobtlFXoJMzE0b2yDaznjg,BR1_3275813557,16.16,14.0,11.0,5.77,0
9.0962,0.3887,0.0777,0.1429,0.2229,1,0.0,0.0777,0.5442,9.9784,0.3875,0.1938,0.5833,0.3733,3.0,0.2308,0.6781,1.1625,8.2915,0.0,0.0,0.6667,0.4333,1.0,0.125,1.0364,1.5547,0,I-MQ3OAE7iSXpF5UFwszrsnbzSvqCVuqteFYeOemmDpqhgY1Rog2CbSilobtlFXoJMzE0b2yDaznjg,BR1_3275795739,16.16,12.863,10.322,1.93,1
6.3564,0.3139,0.3139,0.4444,0.3212,4,0.0,0.3139,0.7063,7.7508,0.4079,0.1632,0.4545,0.279,2.0,0.0833,0.4079,0.8975,5.0788,0.2702,0.2702,0.4828,0.2484,0.0,0.08,0.7564,1.5669,0,I-MQ3OAE7iSXpF5UFwszrsnbzSvqCVuqteFYeOemmDpqhgY1Rog2CbSilobtlFXoJMzE0b2yDaznjg,BR1_3275769800,16.16,12.743,12.257,18.508,1
8.2608,0.3406,0.0852,0.4545,0.2933,1,0.0,0.4258,0.9368,7.2886,0.4795,0.0,0.5385,0.3802,1.0,0.1667,0.6713,1.2467,3.5254,0.4985,0.2849,0.5833,0.3324,5.0,0.1304,0.7478,1.282,0,I-MQ3OAE7iSXpF5UFwszrsnbzSvqCVuqteFYeOemmDpqhgY1Rog2CbSilobtlFXoJMzE0b2yDaznjg,BR1_3275578858,16.16,11.742,10.427,28.082,0
7.0918,0.2474,0.0825,0.3333,0.2469,1,0.0,0.0825,0.2474,2.7807,0.309,0.6179,0.5,0.1903,0.0,0.3333,0.309,0.6179,,,,,,,,,,0,p9r326XbsOupIxN1d5JOSbUzgfBmqPGMqK97OpPVGOcMV8yUGR_GePf85eOmD-hxJxb7RZudP7TdCw,BR1_3276932230,16.17,12.127,3.237,0.0,0
4.4018,0.3386,0.3386,0.3333,0.1838,0,0.0,0.2257,0.6772,6.7986,0.4532,0.4532,0.625,0.2235,0.0,0.2308,0.7554,1.2086,,,,,,,,,,0,p9r326XbsOupIxN1d5JOSbUzgfBmqPGMqK97OpPVGOcMV8yUGR_GePf85eOmD-hxJxb7RZudP7TdCw,BR1_3276677793,16.17,8.86,13.238,0.0,0
6.4286,0.2143,0.2143,0.2222,0.1676,0,0.0,0.1429,0.6429,6.7936,0.2891,0.1445,0.3333,0.1388,0.0,0.25,0.5782,1.7345,,,,,,,,,,0,p9r326XbsOupIxN1d5JOSbUzgfBmqPGMqK97OpPVGOcMV8yUGR_GePf85eOmD-hxJxb7RZudP7TdCw,BR1_3276675341,16.17,14.0,6.918,0.0,1
7.3304,0.3258,0.0,0.5,0.2336,0,0.0,0.3258,0.6516,5.6593,0.393,0.0,0.5,0.1484,0.0,0.3333,0.6288,1.2576,6.8298,0.4018,0.0,0.5,0.1997,0.0,0.25,0.6026,1.2053,0,p9r326XbsOupIxN1d5JOSbUzgfBmqPGMqK97OpPVGOcMV8yUGR_GePf85eOmD-hxJxb7RZudP7TdCw,BR1_3276664217,16.17,12.278,12.722,4.978,1
5.3126,0.4758,0.3965,0.1111,0.2292,1,0.0,0.0793,0.7136,4.9456,0.7418,0.3297,0.4,0.1471,0.0,0.0833,0.4946,1.2364,4.755,0.0,0.6793,0.0,0.0736,0.0,0.25,0.0,0.0,0,p9r326XbsOupIxN1d5JOSbUzgfBmqPGMqK97OpPVGOcMV8yUGR_GePf85eOmD-hxJxb7RZudP7TdCw,BR1_3276646550,16.17,12.612,12.132,1.472,0
6.76,0.393,0.1572,0.7143,0.3277,3,0.0,0.393,0.5502,8.0632,0.3258,0.2443,0.4545,0.2829,1.0,0.2222,0.4072,0.8959,5.2773,0.5985,0.3264,0.7895,0.2614,2.0,0.0588,0.8161,1.0337,0,b9R_CZDmVg-dgf4l674qYPGzi8TLNhq43GljkeepGXrV-PW4OaEfi2h8ouCZxep1191mTiudYxAmYg,BR1_3277246532,16.17,12.722,12.278,18.38,0
6.5601,0.3727,0.1491,0.2,0.2387,1,0.0,0.1491,0.7455,6.348,0.46,0.46,0.5,0.318,2.0,0.1818,0.552,1.104,1.8384,0.7354,0.3677,0.3333,0.0123,0.0,0.0,0.3677,1.1031,0,b9R_CZDmVg-dgf4l674qYPGzi8TLNhq43GljkeepGXrV-PW4OaEfi2h8ouCZxep1191mTiudYxAmYg,BR1_3277031164,16.17,13.414,10.87,2.72,0
4.0714,0.4286,0.1429,0.2727,0.197,1,0.6,0.2143,0.7857,5.1818,0.1818,0.0,0.625,0.1405,0.0,0.1667,0.4545,0.7273,2.0089,0.2679,0.4018,0.4667,0.1508,1.0,0.0769,0.4687,1.0044,0,JrF_LD0WPY-gIxfoxd-wtsoKGL4Mzd1MYxHLJ9BCRYKV3-5PbAWhRzUuCnIffVV57-OBtVpOuj_5Ag,BR1_3277039129,16.17,14.0,11.0,14.934,0
6.1749,0.3687,0.0,0.4444,0.2367,1,0.0,0.3687,0.8295,6.8725,0.6377,0.0,0.45,0.1874,1.0,0.1538,0.6377,1.417,7.1381,0.3692,0.1231,0.3529,0.1612,0.0,0.0714,0.7384,2.0922,0,JrF_LD0WPY-gIxfoxd-wtsoKGL4Mzd1MYxHLJ9BCRYKV3-5PbAWhRzUuCnIffVV57-OBtVpOuj_5Ag,BR1_3276081094,16.16,10.85,14.114,8.125,1
7.2857,0.3571,0.0,0.0,0.1603,0,0.2,0.0,0.2143,8.42,0.4895,0.2937,0.3077,0.1253,0.0,0.1,0.3916,1.2728,9.2082,0.1279,0.2558,0.4286,0.3536,0.0,0.4167,0.3837,0.8952,0,JrF_LD0WPY-gIxfoxd-wtsoKGL4Mzd1MYxHLJ9BCRYKV3-5PbAWhRzUuCnIffVV57-OBtVpOuj_5Ag,BR1_3276061876,16.16,14.0,10.214,7.819,0
8.2591,0.4393,0.0879,0.2,0.2623,0,0.0,0.0879,0.4393,6.9023,0.2937,0.2937,0.3333,0.2107,1.0,0.1429,0.2937,0.8811,0.0,0.0,0.0,0.0,0.374,0.0,,0.0,0.0,0,xPGgluuVYFEAwZTsxytAi6YWewoD8Fc9o1-BefSroTI45Rw4gY4oM33LyT1gj8DKXCJvaOF-CydlGQ,BR1_3277149106,16.17,11.381,13.619,0.105,0
6.8571,0.4286,0.0,0.4615,0.2155,0,0.2,0.4286,0.9286,8.9644,0.5466,0.1093,0.0769,0.0536,0.0,0.1,0.1093,1.4212,2.7433,0.7482,0.0,0.6,0.1922,0.0,0.4,0.7482,1.247,1,xPGgluuVYFEAwZTsxytAi6YWewoD8Fc9o1-BefSroTI45Rw4gY4oM33LyT1gj8DKXCJvaOF-CydlGQ,BR1_3277031059,16.17,14.0,9.147,4.01,1
7.3227,0.2312,0.2312,0.75,0.2749,2,0.0,0.2312,0.3083,8.9834,0.4922,0.2461,0.4,0.3715,2.0,0.0,0.2461,0.6153,3.6838,0.0,0.614,0.0,0.434,0.0,0.0,0.0,0.614,0,9sWhOKbIp_nyHCV5IBbv_S0KSJnpTkJ0t9pE6uO0C2DT1L-jcBb1wfsFVbmYKARAtaWOwMc1hdG2hA,BR1_3277385247,16.17,12.973,8.126,1.629,0
7.2056,0.2275,0.0,0.7143,0.2211,1,0.6,0.3792,0.5309,4.3636,0.3193,0.3193,0.5385,0.3075,2.0,0.3,0.745,1.3836,7.8714,0.4143,0.4143,1.0,0.4189,0.0,0.0,0.4143,0.4143,0,9sWhOKbIp_nyHCV5IBbv_S0KSJnpTkJ0t9pE6uO0C2DT1L-jcBb1wfsFVbmYKARAtaWOwMc1hdG2hA,BR1_3277367901,16.17,13.184,9.396,2.414,0
7.457,0.1639,0.0819,0.3077,0.1345,0,0.4,0.3278,1.0653,6.6918,0.6274,0.2091,0.5,0.2496,1.0,0.125,0.5228,1.0456,6.7908,0.1213,0.3638,0.3125,0.1397,0.0,0.25,0.6063,1.9402,0,9sWhOKbIp_nyHCV5IBbv_S0KSJnpTkJ0t9pE6uO0C2DT1L-jcBb1wfsFVbmYKARAtaWOwMc1hdG2hA,BR1_3277357495,16.17,12.203,9.564,8.246,1
7.0124,0.2892,0.1446,0.7273,0.3436,5,0.0,0.5783,0.7952,8.5069,0.4477,0.2686,0.5,0.2972,1.0,0.2222,0.2686,0.5373,6.5686,0.4157,0.3326,0.5,0.3598,0.0,0.0909,0.4989,0.9978,0,9sWhOKbIp_nyHCV5IBbv_S0KSJnpTkJ0t9pE6uO0C2DT1L-jcBb1wfsFVbmYKARAtaWOwMc1hdG2hA,BR1_3277139927,16.17,13.833,11.167,12.027,0
7.1523,0.0,0.0,0.1429,0.1667,1,0.0,0.1192,0.8344,6.2122,0.3727,0.4349,0.6667,0.3354,5.0,0.0526,0.6212,0.9318,5.7093,0.4392,0.2196,0.4706,0.3401,2.0,0.0,0.8784,1.8665,0,BvlOYiIipCKq9N1e8v8kfVAlTmwX5ZQq8CE-Vhv3e1ARYvMGFYky8lH3zEdvhzPIs7pXlW7g9Q86xg,BR1_3277040532,16.17,8.389,16.097,9.108,1
7.9733,0.1715,0.0,0.1176,0.1097,1,0.0,0.1715,1.4575,7.4736,0.1868,0.0934,0.45,0.1783,1.0,0.2778,0.8408,1.8684,,,,,,,,,,0,BvlOYiIipCKq9N1e8v8kfVAlTmwX5ZQq8CE-Vhv3e1ARYvMGFYky8lH3zEdvhzPIs7pXlW7g9Q86xg,BR1_3276867369,16.17,11.664,10.704,0.0,1
4.9286,0.3571,0.0,0.5,0.3016,3,0.0,0.7857,1.5714,3.3636,0.5455,0.0909,0.7647,0.2503,3.0,0.2222,1.1818,1.5455,4.3644,0.4515,0.4515,0.3333,0.1361,0.0,0.2143,0.4515,1.3545,0,uchUhgAT7lzoLMyWgH4eeXEXkQDaD9ohT2xfOFZBT72YCpN7eDwyVx4f1jN64EmCfNmO3bjR9MfJDQ,BR1_3274409629,16.16,14.0,11.0,13.289,0
4.0714,0.2857,0.0714,0.3333,0.2655,1,0.0,0.1429,0.4286,3.8059,0.0928,0.2785,0.375,0.2279,0.0,0.0909,0.2785,0.7426,1.7435,0.0,0.0,0.0,0.2976,0.0,0.4286,0.0,0.0,0,uchUhgAT7lzoLMyWgH4eeXEXkQDaD9ohT2xfOFZBT72YCpN7eDwyVx4f1jN64EmCfNmO3bjR9MfJDQ,BR1_3274303847,16.16,14.0,10.773,1.721,0
7.7922,0.2656,0.0885,0.3333,0.1673,0,0.0,0.1771,0.5313,5.9896,0.491,0.491,0.6667,0.2269,0.0,0.0625,0.3928,0.5891,,,,,,,,,,0,-5Wc1jpvOWoWi5DsKT5d8Ofm86jEt3MfOe-mLbCReU0U4bnv7gjhdtWfNT9gdo9uW-NRkQKPtnfHRw,BR1_3277338498,16.17,11.293,10.184,0.0,0
5.6021,0.3028,0.0757,0.4706,0.2349,0,0.0,0.6056,1.287,5.2584,0.5089,0.2544,0.56,0.2334,1.0,0.0,1.1874,2.1203,6.0022,0.1936,0.1936,0.2222,0.1605,0.0,0.2,0.3872,1.7426,0,-5Wc1jpvOWoWi5DsKT5d8Ofm86jEt3MfOe-mLbCReU0U4bnv7gjhdtWfNT9gdo9uW-NRkQKPtnfHRw,BR1_3277322334,16.17,13.209,11.791,5.165,1
7.0,9.4286,0.0714,0.2857,0.2577,4,0.0,0.2857,1.0,7.8182,18.2727,0.3636,0.375,0.3225,0.0,0.2308,0.2727,0.7273,4.9346,0.0,0.0,0.0,0.0759,0.0,0.0,0.0,0.0,1,r7ByJp-WNd-N0EF3piJ5W7BGIhGZMCm8KuK1moTmAZf5_cYvnMLeh___QrfNegBX0gEiTdFXGg5tcA,BR1_3277297817,16.17,14.0,11.0,1.013,0
6.2186,0.0,0.3455,0.6667,0.2812,1,0.0,0.3455,0.5182,7.843,0.3845,0.3845,0.5,0.3399,1.0,0.2667,0.5382,1.0765,,,,,,,,,,0,xikBnPGhIFo5-4AQ2DTWcBo78BKT6ZX38Qr_bZN9Bcn3MUr5QAN0a6uk4ttOCJZQbaQrJrexoMCzZA,BR1_3276850141,16.17,11.578,13.005,0.0,0
7.9843,0.3162,0.0791,0.3571,0.2451,2,0.0,0.3953,1.1067,7.9948,0.4442,0.3331,0.2308,0.2668,2.0,0.2,0.3331,1.4435,6.2897,0.5897,0.3276,0.4375,0.201,0.0,0.125,0.4586,1.0483,0,qLQKzihJFOmrQB_uj2eqYpD_aO22zMnmqHW8di4Co9w7XWBZhcD0M9RV7bCjQ6JuX8gzqUpz-efgfQ,BR1_3275842303,16.16,12.65,9.006,15.263,0
7.2943,0.3922,0.0,0.5,0.2162,0,0.0,0.3137,0.6275,7.4284,0.3265,0.1633,0.2727,0.2786,0.0,0.1429,0.2449,0.8979,6.5915,0.6379,0.0,0.8571,0.4992,1.0,0.2,2.5516,2.9768,0,qLQKzihJFOmrQB_uj2eqYpD_aO22zMnmqHW8di4Co9w7XWBZhcD0M9RV7bCjQ6JuX8gzqUpz-efgfQ,BR1_3275821941,16.16,12.75,12.25,4.703,1
6.3571,0.3571,0.2143,0.5,0.2619,0,0.0,0.4286,0.8571,5.4545,0.1818,0.3636,0.6316,0.3181,0.0,0.2222,1.0909,1.7273,8.7183,0.3791,0.1895,0.6429,0.2347,0.0,0.0,1.7058,2.6534,0,qLQKzihJFOmrQB_uj2eqYpD_aO22zMnmqHW8di4Co9w7XWBZhcD0M9RV7bCjQ6JuX8gzqUpz-efgfQ,BR1_3275805852,16.16,14.0,11.0,5.276,1
7.8459,0.1986,0.2979,0.0,0.1939,0,0.0,0.0,0.8938,8.2204,0.3425,0.1713,0.3,0.2557,3.0,0.0833,0.5138,1.7126,5.9666,0.3409,0.5114,0.6667,0.3032,0.0,0.0,1.0228,1.5343,0,qLQKzihJFOmrQB_uj2eqYpD_aO22zMnmqHW8di4Co9w7XWBZhcD0M9RV7bCjQ6JuX8gzqUpz-efgfQ,BR1_3275710685,16.16,10.069,11.678,5.866,0
5.6429,0.6429,0.0714,0.1,0.1075,0,0.0,0.0714,0.7143,8.0,0.6364,0.1818,0.5,0.1706,0.0,0.1111,0.3636,0.7273,5.5225,0.4734,0.3945,0.1538,0.1412,0.0,0.1333,0.1578,1.0256,0,FVzXtHMAzQHXAr5XkEQ4SQn6aU_Wj9YVd-beF0fpebI5CtthGy9uvo1YyOZPPP-p702fED7BAnQ5VA,BR1_3275584246,16.16,14.0,11.0,12.675,0
5.4286,0.3571,0.1429,0.25,0.1835,0,0.0,0.0714,0.2857,6.0909,0.7273,0.2727,0.4444,0.2763,0.0,0.3,0.3636,0.8182,3.5328,0.8982,0.2395,0.6154,0.1539,0.0,0.1333,0.479,0.7784,0,FVzXtHMAzQHXAr5XkEQ4SQn6aU_Wj9YVd-beF0fpebI5CtthGy9uvo1YyOZPPP-p702fED7BAnQ5VA,BR1_3275560161,16.16,14.0,11.0,16.701,0
5.0714,0.4286,0.2857,0.4286,0.3116,1,0.0,0.2143,0.5,7.5455,0.4545,0.0909,0.3636,0.1994,0.0,0.1818,0.3636,1.0,4.1729,0.569,0.2845,0.2778,0.1612,0.0,0.25,0.4742,1.7071,0,FVzXtHMAzQHXAr5XkEQ4SQn6aU_Wj9YVd-beF0fpebI5CtthGy9uvo1YyOZPPP-p702fED7BAnQ5VA,BR1_3275438033,16.16,14.0,11.0,10.544,1
5.5714,0.3571,0.1429,0.5714,0.2553,2,0.0,0.2857,0.5,6.0909,0.7273,0.1818,0.6,0.3105,2.0,0.0,0.8182,1.3636,8.5911,0.6443,0.4296,0.0,0.1181,0.0,0.3333,0.0,0.8591,0,FVzXtHMAzQHXAr5XkEQ4SQn6aU_Wj9YVd-beF0fpebI5CtthGy9uvo1YyOZPPP-p702fED7BAnQ5VA,BR1_3275360761,16.16,14.0,11.0,4.656,0
5.4416,0.3401,0.1701,0.2143,0.0861,0,0.25,0.2551,1.1904,8.1505,0.5621,0.0,0.6,0.2206,0.0,0.3333,0.8432,1.4053,,,,,,,,,,0,tJ7xsgXHmfOIAVK1RLixkE3q6zGmPmjy8o_t0q3Alh1OlQMJGMpR5Vi6KGwbq1H0-QPkriN_QFQmJg,BR1_3275469758,16.16,11.761,3.558,0.0,1
6.7857,0.6429,0.2143,0.5385,0.2897,0,0.25,0.5,0.9286,6.0156,0.6266,0.376,0.45,0.2011,0.0,0.3333,1.1279,2.5065,6.0999,1.1237,0.1605,0.5,0.1385,1.0,0.2222,1.1237,2.2473,0,tJ7xsgXHmfOIAVK1RLixkE3q6zGmPmjy8o_t0q3Alh1OlQMJGMpR5Vi6KGwbq1H0-QPkriN_QFQmJg,BR1_3275452483,16.16,14.0,7.979,6.23,1
4.0666,0.3536,0.1768,0.1429,0.1217,1,0.0,0.0884,0.6188,4.8217,0.4383,0.2922,0.4167,0.1666,1.0,0.0833,0.3653,0.8767,4.9345,0.5483,0.5483,0.0,0.1398,0.0,0.3636,0.0,0.0,0,RdrA-596tGaMZvGbh30n_9LmFfCP-T-92lUcxNGGDnQV0SS8Jp5BMXrPsJ3LlAK6Aml_qTr2_i-T2g,BR1_3277312412,16.17,11.312,13.688,3.648,0
4.7777,0.0956,0.0,0.5,0.2805,0,0.0,0.1911,0.3822,7.5037,0.1191,0.0,1.0,0.3024,0.0,0.0,0.3573,0.3573,,,,,,,,,,0,Z8vikrQRJgNoogx_nwuXtl9VSYfHzzl_kFeQmKBNpu71nCnsEtbDfYSzJjytqBdPgpXZmIpukbE8ww,BR1_3273507117,16.16,10.465,8.396,0.0,0
7.4618,0.287,0.0,0.0909,0.1827,1,0.0,0.0957,1.0523,8.2437,0.8096,0.0736,0.5,0.2394,1.0,0.0,0.5888,1.1777,2.0855,0.4171,0.2086,0.5714,0.1493,0.0,0.2,1.6684,2.9197,0,Z8vikrQRJgNoogx_nwuXtl9VSYfHzzl_kFeQmKBNpu71nCnsEtbDfYSzJjytqBdPgpXZmIpukbE8ww,BR1_3273448839,16.16,10.453,13.586,4.795,1
6.312,0.5334,0.0,0.5,0.1925,1,0.0,0.5334,1.0668,6.3993,0.5818,0.0727,0.5,0.1658,0.0,0.1,0.509,1.0181,10.1529,0.0,0.0,1.0,0.6322,0.0,0.5,0.5972,0.5972,0,Z8vikrQRJgNoogx_nwuXtl9VSYfHzzl_kFeQmKBNpu71nCnsEtbDfYSzJjytqBdPgpXZmIpukbE8ww,BR1_3273438894,16.16,11.248,13.752,1.674,1
7.3553,0.3382,0.0,0.0,0.2568,0,0.0,0.0,0.5073,6.66,0.4215,0.2529,0.25,0.2189,0.0,0.0,0.1686,0.6744,6.0042,0.4003,0.0,0.0,0.0171,0.0,0.0,0.0,0.0,0,Z8vikrQRJgNoogx_nwuXtl9VSYfHzzl_kFeQmKBNpu71nCnsEtbDfYSzJjytqBdPgpXZmIpukbE8ww,BR1_3267091888,16.15,11.828,11.862,2.498,0
6.4074,0.4369,0.1456,0.6429,0.1947,0,0.4,0.6553,1.0194,5.2415,0.4032,0.2016,0.625,0.3012,1.0,0.1111,0.504,0.8064,7.6432,0.4668,0.1167,0.6,0.1985,0.0,0.0769,0.3501,0.5835,0,3RFtQNZI9R-EZ5nNoAyAJO2w21HdtKrH3AP1c5I2mXYDfXPoZSmApIamtyU33uaZ2k7HSBOCdi7pdw,BR1_3277075303,16.17,13.734,9.921,17.139,0
7.2143,0.5,0.0714,0.0714,0.2175,1,0.0,0.0714,1.0,7.9091,0.3636,0.1818,0.375,0.1826,0.0,0.0,0.5455,1.4545,4.2789,0.3803,0.2853,0.5238,0.182,0.0,0.3,1.046,1.9968,0,3RFtQNZI9R-EZ5nNoAyAJO2w21HdtKrH3AP1c5I2mXYDfXPoZSmApIamtyU33uaZ2k7HSBOCdi7pdw,BR1_3277058310,16.17,14.0,11.0,10.517,1
6.4085,0.4369,0.0728,0.4,0.1382,0,0.0,0.1456,0.3641,6.3896,0.4437,0.1775,0.5,0.2789,1.0,0.0,0.4437,0.8874,6.3439,0.1715,0.0,0.7143,0.4514,0.0,0.1818,1.7146,2.4004,0,3RFtQNZI9R-EZ5nNoAyAJO2w21HdtKrH3AP1c5I2mXYDfXPoZSmApIamtyU33uaZ2k7HSBOCdi7pdw,BR1_3276655068,16.17,13.732,11.268,5.832,1
9.1729,0.5733,0.0717,0.15,0.1827,2,0.0,0.215,1.4333,11.0748,0.8772,0.5483,0.2308,0.2073,0.0,0.1818,0.329,1.4255,4.1441,0.6907,0.4605,0.6,0.1951,1.0,0.1111,1.3814,2.3023,0,9UjOXacgkXItEvG4jBLMQHv1_dwZzaJaklBm-WMs1LsFJN79wcAThAJJ8rKo2mY-Gjb1PX2ekMtx0Q,BR1_3277241920,16.17,13.954,9.12,4.344,1
6.4511,0.4359,0.3487,0.2,0.1828,1,0.0,0.0872,0.4359,7.9828,0.5913,0.4435,0.4706,0.3344,1.0,0.2308,0.5913,1.2565,5.2258,0.702,0.39,0.6667,0.2812,1.0,0.3,0.624,0.936,0,9UjOXacgkXItEvG4jBLMQHv1_dwZzaJaklBm-WMs1LsFJN79wcAThAJJ8rKo2mY-Gjb1PX2ekMtx0Q,BR1_3277224391,16.17,11.471,13.529,12.821,0
6.2024,0.3877,0.0775,0.0,0.2471,0,0.25,0.0,0.3877,5.4306,0.3682,0.2761,0.8182,0.3697,3.0,0.1111,0.8284,1.0125,5.7171,0.7457,0.4971,0.5,0.0539,0.0,0.3636,0.2486,0.4971,0,zQdTlk4xYUPEJHjCNN8AKSdQjSZh-73U9rqPJt52uyuJtqWZM3epnnakw1bSdTadHR7fQeRh7Xw-8Q,BR1_3274719642,16.16,12.898,10.864,4.023,0
5.3364,11.1891,0.0861,0.25,0.2418,1,0.0,0.1721,0.6886,6.8238,14.9945,0.2694,0.2857,0.1974,0.0,0.1,0.3591,1.257,7.1724,15.2196,0.1166,0.6,0.1171,0.0,0.087,0.8747,1.4578,0,NdEePRdFlgYfyqY6DyIRSoLFc8LOFo9tWHy-dbHd4wvAIKc0Y7Qf8tcrbWKeKqpatax5H5kpC8MLLQ,BR1_3277378567,16.17,11.618,11.137,17.149,1
3.6226,9.4356,0.2527,0.0,0.1799,0,0.25,0.0,0.5897,6.5943,14.418,0.2235,0.6,0.1802,0.0,0.2,0.3353,0.5588,,,,,,,,,,0,NdEePRdFlgYfyqY6DyIRSoLFc8LOFo9tWHy-dbHd4wvAIKc0Y7Qf8tcrbWKeKqpatax5H5kpC8MLLQ,BR1_3277370276,16.17,11.87,8.947,0.0,0
5.7857,12.0,0.0714,0.25,0.2012,1,0.75,0.1429,0.5714,7.1818,11.8182,0.3636,0.1429,0.1165,0.0,0.1111,0.1818,1.2727,6.3613,21.5029,0.2688,0.4545,0.1758,0.0,0.25,0.448,0.9855,0,NdEePRdFlgYfyqY6DyIRSoLFc8LOFo9tWHy-dbHd4wvAIKc0Y7Qf8tcrbWKeKqpatax5H5kpC8MLLQ,BR1_3277026876,16.17,14.0,11.0,11.161,0
8.2204,0.3017,0.0754,0.1429,0.1598,0,0.0,0.0754,0.5279,9.7101,0.4259,0.0852,0.3684,0.1802,2.0,0.1818,0.5962,1.6184,7.8412,0.2704,0.2704,0.3158,0.183,1.0,0.0909,0.8112,2.5687,0,haD37qgObYhbQRVxiU4XqUn8to6HTNnbGkQ21Idgr37CD1mJgrl5zRT6EPolO7CKeBT679NubBHsNw,BR1_3276965986,16.17,13.26,11.74,7.397,1
7.1429,0.4286,0.0714,0.2,0.2626,0,0.0,0.0714,0.3571,7.9091,0.3636,0.1818,0.5,0.1351,0.0,0.1818,0.5455,1.0909,5.3522,0.7136,0.4282,0.2308,0.1549,0.0,0.0,0.4282,1.8554,0,iOukCmTyPU-8HDFKtuIGLUmRx-3YDRrrXtDdkj-KVoRbb1t0LUZkOR-xLS4vXAr6MMZoRcWWHBwqcQ,BR1_3277013359,16.17,14.0,11.0,14.013,0
9.8875,0.3803,0.0,0.1111,0.1143,0,0.0,0.0761,0.6845,10.8933,0.2095,0.0,0.4762,0.1766,1.0,0.125,1.0474,2.1996,,,,,,,,,,0,iOukCmTyPU-8HDFKtuIGLUmRx-3YDRrrXtDdkj-KVoRbb1t0LUZkOR-xLS4vXAr6MMZoRcWWHBwqcQ,BR1_3276998848,16.17,13.148,9.547,0.0,1
5.7996,0.3919,0.1567,0.4545,0.2402,2,0.5,0.3919,0.8621,7.1892,0.0817,0.2451,0.2632,0.1605,1.0,0.1,0.4085,1.5522,3.0222,0.0,0.3181,0.3333,0.1914,0.0,0.125,0.3181,0.9544,1,F-kgGOqQzKCAhDR0NhNGAD84je8RQ5cZgsykIGQvVCaxaaUG_IPTkSwy_qZUhinlE8kVntunjw1tUw,BR1_3276836012,16.17,12.759,12.241,6.287,0
6.2072,0.4542,0.2271,0.1429,0.297,1,0.0,0.0757,0.5299,5.1916,0.1822,0.3643,0.6,0.2857,0.0,0.0,0.5465,0.9108,7.3169,0.0,0.2761,0.5714,0.2658,0.0,0.0833,0.5522,0.9664,1,F-kgGOqQzKCAhDR0NhNGAD84je8RQ5cZgsykIGQvVCaxaaUG_IPTkSwy_qZUhinlE8kVntunjw1tUw,BR1_3276485820,16.17,13.211,10.979,7.244,0
5.3169,0.2615,0.0872,0.375,0.1712,2,0.0,0.2615,0.6973,4.6097,0.2942,0.4904,0.1667,0.2537,1.0,0.2,0.0981,0.5885,12.5004,0.0,0.0,1.0,0.1886,0.0,0.0,0.625,0.625,0,HdMzW56GKefYu-ChKR1SNnkLNzkTdJkJONbjsW7DatYmfCBgV8_FZ4SFFRC182cLXbhhxB4NG4ElGw,BR1_3277055558,16.17,11.473,10.196,1.6,0
8.6947,0.4885,0.0,0.1,0.2013,1,0.0,0.0977,0.9769,9.0872,0.5048,0.0,0.2727,0.2061,2.0,0.4,0.7573,2.7766,,,,,,,,,,0,HdMzW56GKefYu-ChKR1SNnkLNzkTdJkJONbjsW7DatYmfCBgV8_FZ4SFFRC182cLXbhhxB4NG4ElGw,BR1_3277046598,16.17,10.236,3.962,0.0,1
6.0,0.3571,0.1429,0.3125,0.2516,3,0.0,0.3571,1.1429,7.1818,0.2727,0.1818,0.5,0.1823,0.0,0.1,0.5455,1.0909,7.9554,0.0,0.219,0.2857,0.2237,3.0,0.0556,0.4379,1.5327,0,5NjbN27AvfbwtqIAF8JdgQ1DIvU4mFErFyfRekz3UduAjYQIte433TXvMm2XfiDLWi7vpu9skRoj9A,BR1_3276247313,16.17,14.0,11.0,13.701,1
7.9,0.3098,0.0775,0.3158,0.2357,4,0.0,0.4647,1.4716,7.6429,0.0,0.1295,0.7273,0.3369,1.0,0.4444,1.0363,1.425,12.6495,0.0,0.0,1.0,0.6224,1.0,0.0,2.5299,2.5299,0,5NjbN27AvfbwtqIAF8JdgQ1DIvU4mFErFyfRekz3UduAjYQIte433TXvMm2XfiDLWi7vpu9skRoj9A,BR1_3276237818,16.17,12.911,7.72,1.186,1
8.5714,0.2857,0.0,0.3636,0.1349,0,0.25,0.2857,0.7857,7.4884,0.4992,0.2995,0.6,0.3704,0.0,0.0,0.5991,0.9984,6.2636,0.5113,0.2557,0.5714,0.3923,2.0,0.1,0.5113,0.8948,1,pSxDGwNXOdGCTGXIs6qnPTEtKWVrbw3QESe9n1uNNjz_wv6ikDhLVLAH_WMecTX7GHO_3QcD1H2Uqw,BR1_3276630737,16.17,14.0,10.016,7.823,0
6.4286,0.3571,0.1429,0.6364,0.2886,2,0.4,0.5,0.7857,6.0909,0.0,0.4545,0.4444,0.3285,1.0,0.1818,0.3636,0.8182,3.3879,0.2823,0.5646,0.0,0.2474,0.0,0.3333,0.0,0.2823,1,bowKyu2AuIhCqamcTvRAfd2mH38CRODEHnG2lu5BvDYNpqitTDljUgp1h6PrzUsF9wiouqYs-FO56Q,BR1_3277126555,16.17,14.0,11.0,3.542,0
8.7459,0.2364,0.0,0.1111,0.187,1,0.0,0.0788,0.7091,9.2445,0.4669,0.0934,0.4118,0.2346,0.0,0.2857,0.6536,1.5874,2.6813,0.2681,0.4022,0.5833,0.2996,0.0,0.1111,0.9384,1.6088,0,D43F9FTz8SnhZjjeU3x2NJA_o852u7XuFvMRIQziMNoPmAwNk-0yEo6j-hZM7F0Bss9IUnpIuGu80Q,BR1_3277202177,16.17,12.692,10.709,7.459,1
7.0,0.3571,0.2857,0.4,0.2691,2,0.0,0.4286,1.0714,5.2727,0.5455,0.2727,0.4,0.2394,1.0,0.1,0.5455,1.3636,6.1651,0.0,0.0,0.2857,0.1747,0.0,0.4,0.7706,2.6972,0,a239bgYnP8vB5Ls18R-yHCXJwHblKheHrTjj0onBecBIdKzjyR_zkYPb_ewF2oA_SsAxC6Jk_v8hcw,BR1_3277102272,16.17,14.0,11.0,2.595,1
5.7923,0.3862,0.1545,0.3333,0.1745,0,0.0,0.0772,0.2317,5.343,0.1113,0.4453,0.3077,0.1724,0.0,0.1,0.4453,1.4471,3.6329,0.2477,0.2477,0.5714,0.2521,1.0,0.1333,0.6605,1.1559,0,a239bgYnP8vB5Ls18R-yHCXJwHblKheHrTjj0onBecBIdKzjyR_zkYPb_ewF2oA_SsAxC6Jk_v8hcw,BR1_3277075932,16.17,12.948,8.984,12.112,0
8.1896,0.3033,0.0758,0.8571,0.4221,5,0.0,0.455,0.5308,7.2804,0.254,0.254,0.9,0.5285,5.0,0.2727,0.7619,0.8466,7.319,1.0843,0.2711,0.875,0.6042,3.0,0.4,0.9488,1.0843,0,tHLMykvYg57i9ZUlpmATUIV-3hpvUG-m_VJwHJRiMBRxFNzuvxRxlbKke_GSMc83ADlVF7x4dL5yHg,BR1_3277162194,16.17,13.187,11.813,7.378,0
7.8151,0.1461,0.2191,0.381,0.243,4,0.0,0.5843,1.5338,6.6322,0.2653,0.0884,0.7273,0.3349,0.0,0.2,1.4149,1.9454,7.3206,0.0,0.3754,0.7647,0.2615,0.0,0.5,2.4402,3.191,0,tHLMykvYg57i9ZUlpmATUIV-3hpvUG-m_VJwHJRiMBRxFNzuvxRxlbKke_GSMc83ADlVF7x4dL5yHg,BR1_3277143217,16.17,13.691,11.309,5.327,1
6.5,0.2143,0.2143,0.4375,0.3164,4,0.0,0.5,1.1429,6.5455,0.2727,0.3636,0.7059,0.3942,2.0,0.3636,1.0909,1.5455,4.4378,0.2818,0.3522,0.381,0.2377,0.0,0.0,0.5635,1.4793,0,tHLMykvYg57i9ZUlpmATUIV-3hpvUG-m_VJwHJRiMBRxFNzuvxRxlbKke_GSMc83ADlVF7x4dL5yHg,BR1_3277093866,16.17,14.0,11.0,14.196,0
4.3281,0.8445,0.2111,0.1818,0.1194,0,,0.2111,1.1612,4.7659,2.1253,0.2576,0.3529,0.2341,0.0,0.0667,0.3864,1.0949,3.8617,2.0325,0.3049,0.7895,0.1678,1.0,0.1818,1.5244,1.9309,0,TuVw7IQIOe4Am4DRKPXdtRh1KCNGGguYgclygFOTftxnDmzciAwMS-vgNwx-BkMe4LDbcdV7tLmxXw,BR1_3276765270,16.17,9.473,15.527,9.84,1
6.1726,0.4409,0.1764,0.3333,0.2947,2,0.6667,0.2645,0.7936,7.0109,0.5477,0.1095,0.4444,0.255,1.0,0.2143,0.4382,0.9859,9.3291,0.0,0.0,0.0,0.1795,0.0,0.0,0.0,3.4984,0,XIj6dgbf6XrwUZ_4PiYvfk4wqqbwn98wEQ8eLkz5bULkUfwC2MUoIofu7aSzN5gaRaYqgKIoj2NYBQ,BR1_3276912979,16.17,11.34,9.129,0.858,1
7.0,0.3571,0.2143,0.4,0.2482,2,0.6667,0.1429,0.3571,8.0,0.1818,0.2727,0.8182,0.4421,0.0,0.0769,0.8182,1.0,5.7946,0.0,0.3219,0.6364,0.4156,6.0,0.2,0.9014,1.4165,0,XIj6dgbf6XrwUZ_4PiYvfk4wqqbwn98wEQ8eLkz5bULkUfwC2MUoIofu7aSzN5gaRaYqgKIoj2NYBQ,BR1_3276835407,16.17,14.0,11.0,15.532,0
7.4286,0.4286,0.1429,0.4545,0.2715,2,0.0,0.3571,0.7857,7.5455,0.0909,0.3636,0.4231,0.3365,5.0,0.0909,1.0,2.3636,8.9361,0.0,0.5585,1.0,0.5516,1.0,1.0,3.351,3.351,0,XIj6dgbf6XrwUZ_4PiYvfk4wqqbwn98wEQ8eLkz5bULkUfwC2MUoIofu7aSzN5gaRaYqgKIoj2NYBQ,BR1_3276808731,16.17,14.0,11.0,1.79,1
4.5586,0.3999,0.3199,0.4118,0.2647,4,0.0,0.5598,1.3596,4.1613,0.4001,0.3201,0.5714,0.2824,0.0,0.2,0.9603,1.6805,2.5296,0.1331,0.5325,0.375,0.184,0.0,0.2308,0.7988,2.1302,0,tD3qc6617BTR5zJ4iuDnBPSTpGBkF5H8iNjzMn9GESSc9UCx1SkXLFmk76mAlNHBinwiAG95wkLaMA,BR1_3277113086,16.17,12.504,12.496,7.511,0
7.6429,0.3571,0.0,0.4706,0.264,4,0.0,0.5714,1.2143,4.0,0.2727,0.3636,0.381,0.3032,2.0,0.0,0.7273,1.9091,5.9711,0.0,0.3732,0.6364,0.2866,0.0,0.0909,1.3062,2.0526,0,tD3qc6617BTR5zJ4iuDnBPSTpGBkF5H8iNjzMn9GESSc9UCx1SkXLFmk76mAlNHBinwiAG95wkLaMA,BR1_3277094356,16.17,14.0,11.0,5.359,1
7.879,0.3249,0.1625,0.2222,0.2103,0,0.0,0.1625,0.731,6.6988,0.0788,0.2364,0.3571,0.1812,0.0,0.0909,0.394,1.1033,0.0,0.0,0.0,0.0,0.3059,0.0,0.0,0.0,4.9689,0,tD3qc6617BTR5zJ4iuDnBPSTpGBkF5H8iNjzMn9GESSc9UCx1SkXLFmk76mAlNHBinwiAG95wkLaMA,BR1_3277081271,16.17,12.311,12.689,0.403,1
8.7664,0.0985,0.0985,0.7,0.4806,4,0.0,0.6895,0.985,11.517,0.3368,0.2021,0.5625,0.4199,9.0,0.2308,0.6062,1.0776,8.1325,0.152,0.304,0.75,0.4223,1.0,0.0714,1.1401,1.5201,1,rg2XJuF6WULtJGG-Nl_n4KRmuybd2uymrE3K3etGhIHwVuiT7Rxa1xu8Nyv6cAS2xok_2ZFASgqWkw,BR1_3277406895,16.17,10.152,14.848,13.157,0
9.2913,0.2285,0.1523,0.2,0.1749,2,0.0,0.2285,1.1424,6.9471,0.3755,0.2816,0.3684,0.1341,0.0,0.1818,0.6572,1.7837,8.188,0.1436,0.2873,0.4,0.2206,0.0,0.1111,0.5746,1.4365,1,rg2XJuF6WULtJGG-Nl_n4KRmuybd2uymrE3K3etGhIHwVuiT7Rxa1xu8Nyv6cAS2xok_2ZFASgqWkw,BR1_3277393254,16.17,13.131,10.652,6.961,1
4.953,0.0935,0.6542,0.4,0.188,0,0.0,0.1869,0.4673,8.8647,0.0878,0.1755,0.2308,0.1017,0.0,0.2222,0.2633,1.141,6.1231,0.0,0.6803,0.5,0.3062,0.0,0.375,0.3402,0.6803,0,rg2XJuF6WULtJGG-Nl_n4KRmuybd2uymrE3K3etGhIHwVuiT7Rxa1xu8Nyv6cAS2xok_2ZFASgqWkw,BR1_3277358834,16.17,10.701,11.393,2.94,0
5.8571,0.3571,0.0,0.6667,0.3076,2,0.25,0.7143,1.0714,8.1536,0.3837,0.1918,0.4737,0.2431,0.0,0.1111,0.8633,1.8226,6.2454,0.4684,0.1561,0.3125,0.1681,1.0,0.1667,0.7807,2.4982,0,sX8DNVB2uKTkhPwO_hwt5cM145ciqiD3qrH_CBznxxgaUctFI-fjJnBoAnsOFgOYavU5QSdNQOr6uw,BR1_3276134193,16.16,14.0,10.425,6.405,1
6.3255,0.1506,0.0,0.5,0.211,1,0.0,0.3765,0.753,6.8257,0.256,0.3413,0.3125,0.2427,2.0,0.2222,0.4266,1.3651,6.2066,0.5032,0.3355,0.2727,0.1543,1.0,0.3,0.5032,1.8452,0,rEUSEddiNPLj7vjhZIQuKRgOf16UcCLFPm_XI2TCCfacFbNJx-mB2g9pzpb6hbTK0mGwxOOrGGPezA,BR1_3277064904,16.17,13.28,11.72,5.961,1
6.0416,0.1549,0.1549,0.4444,0.3267,0,0.0,0.3098,0.6971,7.279,0.2481,0.1654,0.3636,0.2848,2.0,0.0,0.3309,0.9099,5.1113,0.0913,0.1825,0.5625,0.3257,0.0,0.1111,0.8215,1.4604,0,rEUSEddiNPLj7vjhZIQuKRgOf16UcCLFPm_XI2TCCfacFbNJx-mB2g9pzpb6hbTK0mGwxOOrGGPezA,BR1_3277034690,16.17,12.91,12.09,10.956,1
6.3571,0.1429,0.0,0.3571,0.1728,2,0.0,0.3571,1.0,10.7749,0.0,0.0,0.4,0.4042,0.0,0.0,1.5393,3.8482,,,,,,,,,,0,rEUSEddiNPLj7vjhZIQuKRgOf16UcCLFPm_XI2TCCfacFbNJx-mB2g9pzpb6hbTK0mGwxOOrGGPezA,BR1_3277031048,16.17,14.0,1.299,0.0,1
4.7857,0.1429,0.2143,0.0,0.2605,0,0.0,0.0,0.2143,8.0909,0.5455,0.0,0.2,0.1917,0.0,0.2222,0.1818,0.9091,4.9917,0.3698,0.1849,0.8235,0.2908,0.0,0.2143,1.2941,1.5715,0,rEUSEddiNPLj7vjhZIQuKRgOf16UcCLFPm_XI2TCCfacFbNJx-mB2g9pzpb6hbTK0mGwxOOrGGPezA,BR1_3276765094,16.17,14.0,11.0,10.818,1
7.654,0.1501,0.075,0.2857,0.2476,0,0.0,0.1501,0.5253,7.624,0.4283,0.1713,0.5833,0.306,1.0,0.1111,0.5996,1.028,5.0817,0.4235,0.4235,0.8333,0.1821,0.0,0.0,0.7058,0.8469,0,rEUSEddiNPLj7vjhZIQuKRgOf16UcCLFPm_XI2TCCfacFbNJx-mB2g9pzpb6hbTK0mGwxOOrGGPezA,BR1_3276740876,16.17,13.326,11.674,7.084,0
5.0467,0.1628,0.1628,0.2857,0.2033,1,0.0,0.3256,1.1396,4.3257,0.3146,0.1573,0.25,0.131,0.0,0.1,0.3932,1.573,4.9106,0.0,0.4677,0.8,0.2602,2.0,0.1667,1.8707,2.3384,1,AsNSgGzmrsU-P-L8rQ4EbBVjjb7WjEcq-EGBp3P1vDzwm4XMWWE9SzNiB2g3wdoHP9G0JG8cG-yTJA,BR1_3276899815,16.17,12.285,12.715,4.276,1
5.8571,0.1429,0.2857,0.2857,0.2024,0,0.0,0.2857,1.0,1.9019,0.5283,0.7396,0.4444,0.2194,1.0,0.2,0.8453,1.9019,6.0517,0.3705,0.247,0.2667,0.1455,0.0,0.1538,0.494,1.8526,0,AsNSgGzmrsU-P-L8rQ4EbBVjjb7WjEcq-EGBp3P1vDzwm4XMWWE9SzNiB2g3wdoHP9G0JG8cG-yTJA,BR1_3276381678,16.17,14.0,9.464,8.097,1
6.5042,0.3025,0.0,0.3889,0.2735,4,0.0,0.5294,1.3614,6.283,0.4245,0.1698,0.5,0.287,2.0,0.2857,0.934,1.8679,4.9727,0.4973,0.0,0.7143,0.2054,0.0,0.4,2.4863,3.4809,0,AsNSgGzmrsU-P-L8rQ4EbBVjjb7WjEcq-EGBp3P1vDzwm4XMWWE9SzNiB2g3wdoHP9G0JG8cG-yTJA,BR1_3276086415,16.16,13.222,11.778,2.011,1
5.3973,0.1564,0.3911,1.0,0.2221,1,0.0,0.1564,0.1564,7.8753,0.0,0.7875,0.0,0.4924,0.0,0.0,0.0,1.1813,,,,,,,,,,0,AsNSgGzmrsU-P-L8rQ4EbBVjjb7WjEcq-EGBp3P1vDzwm4XMWWE9SzNiB2g3wdoHP9G0JG8cG-yTJA,BR1_3276044090,16.16,12.784,2.54,0.0,0
5.8259,0.2913,0.3884,0.2727,0.1709,1,0.25,0.2913,1.0681,5.6009,0.2546,0.2546,0.2692,0.1286,2.0,0.0714,0.594,2.2064,,,,,,,,,,0,AsNSgGzmrsU-P-L8rQ4EbBVjjb7WjEcq-EGBp3P1vDzwm4XMWWE9SzNiB2g3wdoHP9G0JG8cG-yTJA,BR1_3276032451,16.16,10.299,11.784,0.0,1
5.8571,0.3571,0.0714,0.3846,0.2052,2,0.0,0.3571,0.9286,3.8515,0.4127,0.1376,0.4615,0.219,1.0,0.0,0.8253,1.7882,4.7291,0.3783,0.1892,0.0,0.0431,0.0,0.0,0.0,2.0808,1,4-iatiTFv9tl2E8hlGGjX_fZdaN8F3OS2-D3nvmNQYdLncROAUivDdfV21JVfY3s1rz40RCqq8iIQA,BR1_3275398635,16.16,14.0,7.27,5.286,1
6.5293,0.3886,0.0777,0.2143,0.2196,1,0.0,0.2332,1.0882,9.9128,0.0,0.0,0.25,0.1489,0.0,0.0,0.3813,1.525,,,,,,,,,,0,4-iatiTFv9tl2E8hlGGjX_fZdaN8F3OS2-D3nvmNQYdLncROAUivDdfV21JVfY3s1rz40RCqq8iIQA,BR1_3275377530,16.16,12.865,2.623,0.0,1
6.775,0.3226,0.3226,0.0,0.1745,0,0.0,0.0,0.6452,4.2058,0.7936,0.3174,0.4375,0.1408,2.0,0.1429,0.5555,1.2697,5.4739,2.737,0.2488,0.5,0.1149,0.0,0.0,0.2488,0.4976,0,jz9d5A8upduDDXT3PGkL0Kk3BTvhEKHWf63sFTv-gNjAtDKgZ2YYgQQ2qJreNoVgIMwuDRHeosxs4Q,BR1_3275576376,16.16,12.398,12.602,4.019,0
7.0,0.3571,0.0714,0.5556,0.246,3,0.25,0.3571,0.6429,5.1818,0.5455,0.4545,0.4706,0.2962,2.0,0.3,0.7273,1.5455,5.2262,1.4103,0.4148,0.3,0.1761,0.0,0.0,0.2489,0.8296,0,jz9d5A8upduDDXT3PGkL0Kk3BTvhEKHWf63sFTv-gNjAtDKgZ2YYgQQ2qJreNoVgIMwuDRHeosxs4Q,BR1_3275441189,16.16,14.0,11.0,12.055,0
7.4706,0.3146,0.1573,0.1667,0.2117,2,0.0,0.2359,1.4155,5.2102,0.3256,0.4885,0.1538,0.2289,0.0,0.1538,0.1628,1.0583,8.26,0.2542,0.3812,0.2667,0.1861,0.0,0.4615,0.5083,1.9062,0,jz9d5A8upduDDXT3PGkL0Kk3BTvhEKHWf63sFTv-gNjAtDKgZ2YYgQQ2qJreNoVgIMwuDRHeosxs4Q,BR1_3275422212,16.16,12.716,12.284,7.869,1
8.7857,0.1429,0.0,0.3,0.1904,1,0.0,0.2143,0.7143,7.2727,0.2727,0.1818,0.6842,0.4217,4.0,0.375,1.1818,1.7273,4.8953,0.0,0.1813,0.4167,0.2051,1.0,0.2727,0.9065,2.1757,0,2JoCNxeqpRE5yJ_Fcl7lTguOzQR2ZvVv-Bb8zoMVA1WOq0euzV5Xbn8aQLJjyWG-WE4IsTs6aLO0Ew,BR1_3275772374,16.16,14.0,11.0,5.516,1
5.8571,0.6429,0.0,0.4286,0.2452,4,0.0,0.6429,1.5,12.1443,0.6392,0.0,0.2857,0.2356,3.0,0.25,0.8522,2.9828,,,,,,,,,,0,JXMuF2UdRAG05oG0fdwHrBQqvHjxFV0bovDpzU1myhDcTdQWHKuID9SW5HqlyJTXYYRg83sxYySBsg,BR1_3273991970,16.16,14.0,4.694,0.0,1
4.8596,0.627,0.3135,0.4667,0.2579,1,0.0,0.5487,1.1757,5.7998,0.6535,0.4084,0.3,0.185,2.0,0.0,0.4901,1.6337,10.641,0.3249,0.2437,0.0909,0.13,1.0,0.2222,0.1625,1.787,0,O_0QliANZyfmAQQOv4eJ_0Nb581TyrmgF5v9XujHEKJPqcE950w7V3HLkj0kYzRtv6FW9aq1pHqcLA,BR1_3277039153,16.17,12.758,12.242,12.311,1
6.7857,0.3571,0.2143,0.3913,0.2434,1,0.4,0.6429,1.6429,8.0,0.3636,0.1818,0.5294,0.2339,0.0,0.1111,0.8182,1.5455,9.3131,0.3249,0.1083,0.55,0.33,2.0,0.2222,1.1912,2.1658,0,q87SOO8YHOIVVj6kTtIPuvv44RUpDjy_K8kNcqszgXlBc-URdKYphuz3HpmlT5KpRnQ-2lSELlCKKQ,BR1_3277423074,16.17,14.0,11.0,9.234,1
8.6089,0.5333,0.0762,0.0,0.1718,0,0.0,0.0,0.6095,6.4181,0.3209,0.107,0.5882,0.2603,1.0,0.1111,1.0697,1.8185,6.0618,0.3031,0.1515,0.6154,0.4559,2.0,0.2222,1.2124,1.9701,0,q87SOO8YHOIVVj6kTtIPuvv44RUpDjy_K8kNcqszgXlBc-URdKYphuz3HpmlT5KpRnQ-2lSELlCKKQ,BR1_3277400764,16.17,13.126,9.349,6.599,1
5.0027,0.3392,0.0848,0.1111,0.2403,0,0.0,0.0848,0.7631,6.4363,0.3786,0.3029,0.2381,0.1103,0.0,0.1667,0.3786,1.5901,4.9426,0.4943,0.3295,0.4,0.1303,0.0,0.0,0.3295,0.8238,0,q87SOO8YHOIVVj6kTtIPuvv44RUpDjy_K8kNcqszgXlBc-URdKYphuz3HpmlT5KpRnQ-2lSELlCKKQ,BR1_3277389129,16.17,11.794,13.206,6.07,0
7.1429,0.4286,0.1429,0.5455,0.238,3,0.0,0.4286,0.7857,5.0909,0.3636,0.3636,0.2222,0.2022,0.0,0.0,0.1818,0.8182,9.1285,0.5589,0.0,0.5,0.1552,1.0,0.1,0.7452,1.4904,0,q87SOO8YHOIVVj6kTtIPuvv44RUpDjy_K8kNcqszgXlBc-URdKYphuz3HpmlT5KpRnQ-2lSELlCKKQ,BR1_3276809637,16.17,14.0,11.0,5.368,1
7.2031,0.441,0.0735,0.0,0.2654,0,0.0,0.0,0.735,6.1432,0.6143,0.1755,0.5294,0.4,1.0,0.4,0.7898,1.4919,7.4067,0.3152,0.0,0.7692,0.3515,1.0,0.4,1.5759,2.0487,0,q87SOO8YHOIVVj6kTtIPuvv44RUpDjy_K8kNcqszgXlBc-URdKYphuz3HpmlT5KpRnQ-2lSELlCKKQ,BR1_3276778183,16.17,13.605,11.395,6.346,1
4.9286,0.2857,0.2143,0.2222,0.1615,0,0.2,0.1429,0.6429,5.4545,0.2727,0.4545,0.1765,0.1176,0.0,0.0,0.2727,1.5455,5.0333,0.3051,0.3051,0.1667,0.096,0.0,0.2222,0.1525,0.9152,0,DocaBEfpmVCL36UFwiXSTibBQI8g7RYcBCZPgi5Lml9pe3R_rM9FsHcbQizSTtybjlWXOYME7yqiWg,BR1_3276937870,16.17,14.0,11.0,6.556,0
5.2585,0.4045,0.1618,0.3333,0.1821,1,0.75,0.2427,0.7281,6.2516,0.3624,0.0,0.4545,0.0562,0.0,0.0,0.453,0.9966,,,,,,,,,,1,DocaBEfpmVCL36UFwiXSTibBQI8g7RYcBCZPgi5Lml9pe3R_rM9FsHcbQizSTtybjlWXOYME7yqiWg,BR1_3276590012,16.17,12.361,11.037,0.0,1
5.4286,0.2857,0.0714,0.4,0.0981,0,0.0,0.1429,0.3571,4.7685,0.2805,0.1403,0.625,0.2893,0.0,0.0,0.7013,1.122,4.8547,0.5394,0.2697,0.2683,0.136,2.0,0.1034,0.4238,1.5797,0,DocaBEfpmVCL36UFwiXSTibBQI8g7RYcBCZPgi5Lml9pe3R_rM9FsHcbQizSTtybjlWXOYME7yqiWg,BR1_3275276025,16.16,14.0,7.13,25.954,0
5.8553,0.1541,0.5393,0.5,0.2676,0,0.0,0.3082,0.6163,6.6554,0.416,0.3328,0.375,0.2262,0.0,0.1,0.2496,0.6655,8.9692,0.0,0.6407,0.0,0.3632,0.0,,0.0,0.0,0,N7yq_dVVBCUk0MfIn0PgkycL4mWHefifXjvHYgJG2gVfEK51jdfalDSsPxq61jdCtoMIub8uKHNqRQ,BR1_3276704742,16.17,12.98,12.02,1.561,0
6.6495,0.2293,0.3057,1.0,0.4145,1,0.25,0.3822,0.3822,6.885,0.1377,0.5508,0.5,0.3786,1.0,0.3333,0.4131,0.8262,,,,,,,,,,0,Ejedp6pmZTcl-pn763mPOuAcnVreJmMAYaNFzDCCo1LzCtpV1umuiCm1-Zm4VQ1VzSnm00Z4QxX-hA,BR1_3275920287,16.16,13.084,7.262,0.0,0
6.1467,0.3073,0.5122,0.6923,0.4706,4,0.0,0.922,1.3318,6.4966,0.1969,0.3937,0.619,0.4341,2.0,0.1667,0.8531,1.3781,2.6177,0.2014,0.2014,0.8333,0.3478,0.0,0.25,1.0068,1.2082,1,Ejedp6pmZTcl-pn763mPOuAcnVreJmMAYaNFzDCCo1LzCtpV1umuiCm1-Zm4VQ1VzSnm00Z4QxX-hA,BR1_3275917322,16.16,9.761,15.239,4.966,0
5.5714,0.3571,0.2857,0.5833,0.1798,0,0.4,0.5,0.8571,3.5455,0.1818,0.3636,0.2857,0.182,1.0,0.125,0.5455,1.9091,1.9184,0.3289,0.4385,0.5385,0.1973,3.0,0.0909,0.7674,1.4251,0,Ejedp6pmZTcl-pn763mPOuAcnVreJmMAYaNFzDCCo1LzCtpV1umuiCm1-Zm4VQ1VzSnm00Z4QxX-hA,BR1_3275907522,16.16,14.0,11.0,18.244,1
4.3917,0.3852,0.4623,0.2667,0.1674,1,0.0,0.3082,1.1557,3.3446,0.3521,0.4401,0.3684,0.1838,1.0,0.1818,0.6161,1.6723,0.8943,0.2981,0.8943,0.5,0.1654,0.0,0.0,0.8943,1.7885,0,Ejedp6pmZTcl-pn763mPOuAcnVreJmMAYaNFzDCCo1LzCtpV1umuiCm1-Zm4VQ1VzSnm00Z4QxX-hA,BR1_3275898640,16.16,12.979,11.362,3.355,0
5.0714,0.2857,0.3571,0.7143,0.4528,8,0.2,0.7143,1.0,6.8182,0.3636,0.1818,0.5333,0.3938,3.0,0.0833,0.7273,1.3636,2.8081,0.1404,0.2808,0.5833,0.3261,1.0,0.0769,0.9828,1.6848,0,Ejedp6pmZTcl-pn763mPOuAcnVreJmMAYaNFzDCCo1LzCtpV1umuiCm1-Zm4VQ1VzSnm00Z4QxX-hA,BR1_3275893213,16.16,14.0,11.0,7.122,1
5.6181,0.3809,0.0,0.3333,0.2577,2,0.0,0.1904,0.5713,8.047,0.649,0.2596,0.4,0.2314,0.0,0.0,0.2596,0.649,,,,,,,,,,0,3DlglUkwi0tBbFYfVwWQRbYtpPkc1xquvoe_vala559PVrqblFP5erSFmptgUyh9SyHKxPiJUa9NvQ,BR1_3276376890,16.17,10.502,7.705,0.0,0
7.2143,0.4286,0.0714,0.1667,0.1158,0,0.2,0.1429,0.8571,5.8182,0.1818,0.0909,0.2667,0.1885,0.0,0.1818,0.3636,1.3636,6.3985,0.2734,0.0547,0.5,0.1837,1.0,0.1875,0.8203,1.6406,0,yzEdKX7GimXFh-6n0EGrhReRFOkYF3hShzmXSHrzVSQOUbg7P3VplX0uy9HwUJYVBRcDAvpEfS41Uw,BR1_3277388957,16.17,14.0,11.0,18.286,1
7.8571,0.5,0.0714,0.3636,0.3191,2,0.0,0.2857,0.7857,8.2727,0.4545,0.0,0.4118,0.2366,3.0,0.0,0.6364,1.5455,4.3547,0.5167,0.2214,0.3333,0.2766,1.0,0.1333,0.4428,1.3285,0,yzEdKX7GimXFh-6n0EGrhReRFOkYF3hShzmXSHrzVSQOUbg7P3VplX0uy9HwUJYVBRcDAvpEfS41Uw,BR1_3277302988,16.17,14.0,11.0,13.549,1
4.8571,0.4286,0.1429,0.1429,0.2051,0,0.0,0.1429,1.0,7.5455,0.4545,0.1818,0.5,0.142,0.0,0.1,0.3636,0.7273,5.3097,0.708,0.0708,0.8,0.243,2.0,0.0,0.5664,0.708,0,yzEdKX7GimXFh-6n0EGrhReRFOkYF3hShzmXSHrzVSQOUbg7P3VplX0uy9HwUJYVBRcDAvpEfS41Uw,BR1_3277141758,16.17,14.0,11.0,14.125,0
5.6015,0.1494,0.0747,0.1818,0.146,1,0.0,0.1494,0.8216,5.426,0.4306,0.4306,0.375,0.1453,0.0,0.0,0.5168,1.378,4.0895,0.7435,0.0929,0.6667,0.1436,0.0,0.1,0.9294,1.3941,0,UxD8luXD1p3wVIJaDkpcPEjVdm3hDn5sR_fHErbF0ngkYaQmvwLQrVRh3jbSGdCW7TrXP-sPhBkfkQ,BR1_3276921761,16.17,13.389,11.611,10.759,1
3.6917,0.1507,0.3014,0.3,0.2341,2,0.0,0.226,0.7534,3.9226,0.3411,0.1705,0.1875,0.1686,0.0,0.0,0.2558,1.3644,6.9314,0.5212,0.2606,0.2857,0.0825,0.0,0.0,0.4169,1.4592,0,YH2eEse-msf77X2cd2UUFhycZK94HCweIrWreHnLuLIh6fWDdF4WPpZFjCw0xsmASs5cVPuxySUIow,BR1_3277402823,16.17,13.273,11.727,19.188,0
6.4859,0.3284,0.0821,0.6,0.1915,2,0.0,0.2463,0.4105,6.5275,0.4719,0.1573,0.6923,0.3456,2.0,0.0625,0.7078,1.0224,,,,,,,,,,0,YH2eEse-msf77X2cd2UUFhycZK94HCweIrWreHnLuLIh6fWDdF4WPpZFjCw0xsmASs5cVPuxySUIow,BR1_3277392301,16.17,12.18,12.715,0.0,0
5.3427,0.1696,0.3392,0.0,0.1887,0,0.0,0.0,0.1696,8.5981,0.5374,0.5374,0.0,0.2061,0.0,0.0667,0.0,0.6449,,,,,,,,,,0,YH2eEse-msf77X2cd2UUFhycZK94HCweIrWreHnLuLIh6fWDdF4WPpZFjCw0xsmASs5cVPuxySUIow,BR1_3277380499,16.17,11.792,9.304,0.0,0
6.6629,0.3743,0.1497,0.6364,0.4128,2,0.0,0.524,0.8235,6.3561,0.6871,0.0859,0.4706,0.2422,2.0,0.1111,0.6871,1.4602,3.7342,0.3734,0.0934,0.4,0.2826,1.0,0.125,0.3734,0.9335,0,YH2eEse-msf77X2cd2UUFhycZK94HCweIrWreHnLuLIh6fWDdF4WPpZFjCw0xsmASs5cVPuxySUIow,BR1_3276802037,16.17,13.358,11.642,10.712,0
8.0,0.2143,0.0714,0.0,0.238,0,0.0,0.0,0.2857,8.8178,0.4465,0.2232,0.25,0.3308,0.0,0.25,0.1116,0.4465,4.8652,0.0,0.5406,1.0,0.4961,0.0,0.0,1.0811,1.0811,0,gIWx6WPzZQ3ATEDsh1KdFzrviMqGFn9hp6nVahNXHy5puVTZeUgu0MTUHuOyw_8O9-GCxL_-keGBTQ,BR1_3277349675,16.17,14.0,8.959,1.85,0
7.2857,0.2857,0.0,0.1111,0.2543,0,0.0,0.0714,0.6429,6.175,0.098,0.3921,0.4286,0.2544,0.0,0.1818,0.294,0.6861,4.9073,0.1818,0.5453,0.8,0.3241,0.0,0.0,0.727,0.9088,0,ZNoYX-7zswFhszsG1U6WASxH6MxBvCF0WCX0f0383zR3A7fZ7x79Ymx6LLwsY2WOZVjGIDSGcdcbRg,BR1_3277283790,16.17,14.0,10.202,5.502,0
8.9286,0.2143,0.2143,0.0714,0.1371,0,0.0,0.0714,1.0,6.8182,0.2727,0.4545,0.3077,0.2342,0.0,0.0625,0.3636,1.1818,7.3078,0.1624,0.4872,0.5714,0.3383,1.0,0.0,0.6496,1.1368,0,ZNoYX-7zswFhszsG1U6WASxH6MxBvCF0WCX0f0383zR3A7fZ7x79Ymx6LLwsY2WOZVjGIDSGcdcbRg,BR1_3277135777,16.17,14.0,11.0,6.158,0
5.1881,1.1833,0.182,0.4444,0.2564,0,0.0,0.3641,0.8192,4.9493,2.6809,0.3093,0.5455,0.3392,0.0,0.2,0.6187,1.1342,3.3529,1.4601,0.5408,0.3704,0.1859,0.0,0.0,0.5408,1.4601,0,ZNoYX-7zswFhszsG1U6WASxH6MxBvCF0WCX0f0383zR3A7fZ7x79Ymx6LLwsY2WOZVjGIDSGcdcbRg,BR1_3277112528,16.17,10.987,9.698,18.491,0
6.9286,0.5714,0.2143,0.5,0.28,0,0.0,0.2143,0.4286,8.7724,0.7546,0.3773,0.6364,0.4168,2.0,0.1,0.6603,1.0376,6.371,0.8745,0.4997,0.7222,0.3996,1.0,0.25,1.624,2.2486,0,RVoWKpLfxcpvzrX5jGOLM1bgkIquelrR34ka-mHv5Q9xO4r6m1C3LzEEv4iS0vyvnPjGgr9KpfuorA,BR1_3277111901,16.17,14.0,10.601,8.005,1
5.8044,0.6191,0.387,0.2857,0.2855,1,0.0,0.1548,0.5417,5.9609,0.6623,0.6623,0.4091,0.2607,4.0,0.0667,0.7451,1.8214,7.049,0.872,0.3633,0.6842,0.3495,1.0,0.0667,0.9447,1.3807,1,RVoWKpLfxcpvzrX5jGOLM1bgkIquelrR34ka-mHv5Q9xO4r6m1C3LzEEv4iS0vyvnPjGgr9KpfuorA,BR1_3277008827,16.17,12.921,12.079,13.761,1
8.1875,0.289,0.0963,0.4,0.2298,1,0.0,0.1926,0.4816,6.8407,0.4104,0.4104,0.4615,0.2893,3.0,0.0,0.4104,0.8893,9.4021,0.3663,0.3663,0.4286,0.2875,2.0,0.1667,0.7326,1.7095,0,RVoWKpLfxcpvzrX5jGOLM1bgkIquelrR34ka-mHv5Q9xO4r6m1C3LzEEv4iS0vyvnPjGgr9KpfuorA,BR1_3277003182,16.17,10.382,14.618,8.19,0
6.7455,0.5247,0.2998,0.1667,0.2335,0,0.0,0.075,0.4497,8.8394,0.539,0.2156,0.5,0.2599,1.0,0.0909,0.2156,0.4312,7.4327,0.6607,0.4955,0.5,0.2896,0.0,0.125,0.3303,0.6607,0,RVoWKpLfxcpvzrX5jGOLM1bgkIquelrR34ka-mHv5Q9xO4r6m1C3LzEEv4iS0vyvnPjGgr9KpfuorA,BR1_3276855123,16.17,13.342,9.277,6.054,0
5.5,0.2143,0.1429,0.375,0.2956,3,0.0,0.2143,0.5714,8.043,0.2872,0.2872,0.3158,0.2189,3.0,0.125,0.5745,1.8192,,,,,,,,,,1,UlWYK34QiYlyMBFl7LesTDyAo5UxErDJ7KpQLjG38OEx5wlhWTUMOSjVoOFUgDk9mZNO-Igy0VcWRA,BR1_3276082097,16.16,14.0,10.444,0.0,1
6.8279,0.1437,0.0719,0.2222,0.283,1,0.0,0.1437,0.6469,6.0433,0.1804,0.1804,0.25,0.2097,0.0,0.0909,0.2706,1.0824,5.7109,0.2954,0.1969,0.8235,0.1935,0.0,0.1,1.3785,1.6739,0,mgRC0n04hfxvZsxRERBTqL37BGibWe3o4AzEnjW8oil4Q62ILUrC0j2nhFOegLSRRhb_oGTUb8Vj-A,BR1_3276955354,16.17,13.913,11.087,10.156,1
6.5385,0.0,0.0,0.25,0.2318,2,0.0,0.1842,0.7367,7.213,0.2121,0.3536,0.6429,0.3539,2.0,0.0,1.2729,1.98,3.4857,0.205,0.205,0.75,0.3918,0.0,0.0,1.2302,1.6403,0,mgRC0n04hfxvZsxRERBTqL37BGibWe3o4AzEnjW8oil4Q62ILUrC0j2nhFOegLSRRhb_oGTUb8Vj-A,BR1_3276942828,16.17,10.859,14.141,4.877,1
8.3571,0.0714,0.0,0.1,0.1596,0,0.0,0.0714,0.7143,4.5455,0.0909,0.2727,0.55,0.2762,0.0,0.0909,1.0,1.8182,6.4662,0.1669,0.2086,0.5,0.1505,0.0,0.2857,0.7926,1.5853,0,mgRC0n04hfxvZsxRERBTqL37BGibWe3o4AzEnjW8oil4Q62ILUrC0j2nhFOegLSRRhb_oGTUb8Vj-A,BR1_3276822742,16.17,14.0,11.0,23.971,1
8.1867,0.1997,0.0998,0.1429,0.1843,0,0.0,0.0998,0.6989,5.6522,0.157,0.314,0.4444,0.1944,0.0,0.0,0.314,0.7065,5.1906,0.0,0.5611,0.5,0.1941,0.0,0.1111,0.7014,1.4029,0,mgRC0n04hfxvZsxRERBTqL37BGibWe3o4AzEnjW8oil4Q62ILUrC0j2nhFOegLSRRhb_oGTUb8Vj-A,BR1_3276769915,16.17,10.016,12.738,7.128,0
6.9286,0.2143,0.0714,0.5833,0.2682,0,0.0,0.5,0.8571,6.3636,0.2727,0.3636,0.5294,0.1967,0.0,0.0,0.8182,1.5455,3.2246,0.248,0.4961,0.4,0.1088,0.0,0.2,0.4961,1.2402,0,PyiepYJmFT-3W9EtZJRTtwTbR60FKisxfyPYnWHCmKy9TuCvKvt2o3M2Dt2jD4Ilj4zbrcTSKzJYOQ,BR1_3277039521,16.17,14.0,11.0,8.063,0
5.4327,0.3243,0.2433,0.4286,0.3389,3,0.0,0.4865,1.1352,6.8302,0.3105,0.414,0.2222,0.2972,1.0,0.1,0.207,0.9314,6.7316,0.408,0.408,0.5833,0.3524,0.0,0.0769,0.714,1.2239,0,PyiepYJmFT-3W9EtZJRTtwTbR60FKisxfyPYnWHCmKy9TuCvKvt2o3M2Dt2jD4Ilj4zbrcTSKzJYOQ,BR1_3277028750,16.17,12.333,9.663,9.804,0
4.2857,0.3571,0.4286,0.3846,0.268,3,0.0,0.3571,0.9286,4.0909,0.0,0.4545,0.4211,0.261,3.0,0.1111,0.7273,1.7273,6.3534,0.0,0.3737,0.3871,0.2501,5.0,0.0476,0.7475,1.9309,0,AXgosr1LWjyZde7NPQUAWzu5wHhqcjNPbmtEphH4f2Sy_qaWPjJzA7UwHbvnr1KOuun0D9Eso7YK1g,BR1_3276900057,16.17,14.0,11.0,16.054,1
6.939,0.2922,0.1461,0.125,0.1698,0,0.0,0.1461,1.1687,7.5708,0.4884,0.1221,0.1111,0.2254,1.0,0.0,0.1221,1.099,7.6318,0.4673,0.4673,0.4545,0.1722,0.0,0.2,0.7788,1.7133,0,AXgosr1LWjyZde7NPQUAWzu5wHhqcjNPbmtEphH4f2Sy_qaWPjJzA7UwHbvnr1KOuun0D9Eso7YK1g,BR1_3276888287,16.17,13.691,8.189,6.42,1
5.4727,0.3368,0.421,0.4706,0.3349,6,0.75,0.6736,1.4313,6.9059,0.4015,0.2409,0.5217,0.2523,4.0,0.1176,0.9636,1.8469,2.9018,0.6939,0.3785,0.5417,0.2431,8.0,0.1905,0.8201,1.514,0,AXgosr1LWjyZde7NPQUAWzu5wHhqcjNPbmtEphH4f2Sy_qaWPjJzA7UwHbvnr1KOuun0D9Eso7YK1g,BR1_3276869914,16.17,11.877,12.453,15.852,1
5.2045,0.244,0.3253,0.2222,0.2302,0,0.0,0.1626,0.7319,3.3456,0.3041,0.6083,0.6,0.2399,0.0,0.0,0.3041,0.5069,4.8733,0.5623,0.5623,0.3846,0.2242,0.0,0.1053,0.4686,1.2183,0,AXgosr1LWjyZde7NPQUAWzu5wHhqcjNPbmtEphH4f2Sy_qaWPjJzA7UwHbvnr1KOuun0D9Eso7YK1g,BR1_3276863076,16.17,12.297,9.864,10.67,0
5.8631,0.335,0.0838,0.5333,0.2093,2,0.25,0.6701,1.2564,6.5845,0.3828,0.2297,0.5676,0.4021,5.0,0.0,1.6078,2.8329,1.7876,0.8938,0.8938,0.6,0.3046,1.0,0.0,2.6814,4.469,0,AXgosr1LWjyZde7NPQUAWzu5wHhqcjNPbmtEphH4f2Sy_qaWPjJzA7UwHbvnr1KOuun0D9Eso7YK1g,BR1_3276848384,16.17,11.939,13.061,1.119,1
6.9777,0.1454,0.1454,0.5,0.251,2,0.0,0.2181,0.4361,10.0518,0.4448,0.2669,0.6154,0.3396,1.0,0.0,0.7116,1.1564,5.3316,0.1838,0.4596,0.5833,0.4588,0.0,0.0769,0.6435,1.1031,0,21JXpYGVHSau3135zhBNHEXrmFy3ne32TSbPeifT5MfPBsgJYUBoHMRHFZjyNhqw2CwbBcM0Ye3l0g,BR1_3277413502,16.17,13.758,11.242,10.879,0
8.1167,0.1623,0.1623,0.125,0.2469,1,0.0,0.1623,1.2987,6.5444,0.6544,0.2454,0.2,0.1562,0.0,0.2222,0.2454,1.2271,4.7497,0.6477,0.4318,0.2222,0.1684,2.0,0.2667,0.2159,0.9715,0,21JXpYGVHSau3135zhBNHEXrmFy3ne32TSbPeifT5MfPBsgJYUBoHMRHFZjyNhqw2CwbBcM0Ye3l0g,BR1_3277393750,16.17,12.32,12.224,9.264,0
6.1846,0.0754,0.0754,0.0833,0.1545,1,0.0,0.0754,0.9051,5.1197,0.0931,0.4654,0.1818,0.1551,1.0,0.1111,0.1862,1.0239,,,,,,,,,,0,21JXpYGVHSau3135zhBNHEXrmFy3ne32TSbPeifT5MfPBsgJYUBoHMRHFZjyNhqw2CwbBcM0Ye3l0g,BR1_3277387161,16.17,13.259,10.743,0.0,0
8.6129,0.2996,0.0,0.0909,0.2202,1,0.0,0.0749,0.8238,5.5804,0.4293,0.1717,0.7059,0.3921,1.0,0.2222,1.0302,1.4595,7.6775,0.2362,0.3543,0.5909,0.2309,0.0,0.16,0.7677,1.2993,0,9rxmlo3c7bwbU3DpW6WRg0NjpZ5chst9L6_PSOe-QTj6ySRhEp9cEQROuoJk7BDEKQO_EB8qvlYLJA,BR1_3277244643,16.17,13.352,11.648,16.933,1
7.0545,0.3359,0.084,0.2143,0.274,2,0.25,0.2519,1.1758,5.5181,0.3999,0.3199,0.25,0.1771,0.0,0.0625,0.3999,1.5994,11.4835,0.0,1.2759,0.6,0.075,0.0,0.5,3.8278,6.3797,0,9rxmlo3c7bwbU3DpW6WRg0NjpZ5chst9L6_PSOe-QTj6ySRhEp9cEQROuoJk7BDEKQO_EB8qvlYLJA,BR1_3277238308,16.17,11.907,12.504,0.784,1
6.7269,0.2957,0.1478,0.3571,0.3679,3,0.6667,0.3696,1.0349,8.4552,0.4358,0.0,0.3478,0.2123,5.0,0.0,0.6973,2.0048,5.9391,0.3712,0.0,1.0,0.3127,0.0,0.0,2.2272,2.2272,0,9rxmlo3c7bwbU3DpW6WRg0NjpZ5chst9L6_PSOe-QTj6ySRhEp9cEQROuoJk7BDEKQO_EB8qvlYLJA,BR1_3277228363,16.17,13.528,11.472,2.694,1
7.5911,0.2372,0.0,0.4,0.145,1,0.0,0.4744,1.1861,8.7559,0.3502,0.0876,0.4138,0.3023,3.0,0.2667,1.0507,2.5392,,,,,,,,,,0,9rxmlo3c7bwbU3DpW6WRg0NjpZ5chst9L6_PSOe-QTj6ySRhEp9cEQROuoJk7BDEKQO_EB8qvlYLJA,BR1_3277018040,16.17,12.646,11.421,0.0,1
6.0,0.4286,0.2857,0.3333,0.3036,1,0.0,0.2857,0.8571,4.3636,0.1818,0.5455,0.4286,0.342,2.0,0.0,0.5455,1.2727,6.7223,0.2988,0.4482,0.375,0.1487,0.0,0.1,0.4482,1.1951,1,3O2smllJz7YDMRTEtDEt4mL_GdiWKbfyDMIT3unxRXCtPobqqdSEWkChiu8V36d-tnNkXAsD0OWNtg,BR1_3276465585,16.17,14.0,11.0,6.694,0
5.5714,0.4286,0.1429,0.3077,0.2985,3,0.0,0.2857,0.9286,6.6364,0.2727,0.4545,0.0714,0.1642,1.0,0.1,0.0909,1.2727,5.6575,0.0,0.2782,0.2667,0.1356,1.0,0.0769,0.371,1.3912,1,3O2smllJz7YDMRTEtDEt4mL_GdiWKbfyDMIT3unxRXCtPobqqdSEWkChiu8V36d-tnNkXAsD0OWNtg,BR1_3276153209,16.16,14.0,11.0,10.782,1
6.4079,0.3088,0.2316,0.3125,0.3361,4,0.0,0.386,1.2352,6.5576,0.249,0.415,0.875,0.3065,2.0,0.1,0.5811,0.6641,8.3607,0.1467,0.22,0.4348,0.2069,1.0,0.0909,0.7334,1.6868,0,3O2smllJz7YDMRTEtDEt4mL_GdiWKbfyDMIT3unxRXCtPobqqdSEWkChiu8V36d-tnNkXAsD0OWNtg,BR1_3270582580,16.15,12.953,12.047,13.635,1
8.3841,0.353,0.353,0.5,0.2775,1,0.0,0.1765,0.353,3.2322,0.2229,0.1115,0.0,0.1064,0.0,0.1818,0.0,0.7802,,,,,,,,,,0,Ks_-9DDDETb6SrXsxHvrf6r17NFirC7CX8vSRZ-dQWeRFTOfB7bk-fkJQUdlIWua_d2OTTw58e9ztw,BR1_3277102114,16.17,11.331,8.972,0.0,0
8.0714,0.4286,0.0,0.1818,0.1395,2,0.0,0.1429,0.7857,7.042,0.2102,0.3153,0.8333,0.2915,2.0,0.0,0.5255,0.6306,,,,,,,,,,0,Ks_-9DDDETb6SrXsxHvrf6r17NFirC7CX8vSRZ-dQWeRFTOfB7bk-fkJQUdlIWua_d2OTTw58e9ztw,BR1_3277070956,16.17,14.0,9.514,0.0,0
7.454,0.3654,0.0731,0.6667,0.1718,0,0.0,0.2923,0.4385,7.5999,0.5302,0.1767,0.7,0.2528,1.0,0.3,0.6186,0.8837,4.6879,0.4294,0.3579,0.4865,0.188,1.0,0.0,0.6441,1.3241,0,Ks_-9DDDETb6SrXsxHvrf6r17NFirC7CX8vSRZ-dQWeRFTOfB7bk-fkJQUdlIWua_d2OTTw58e9ztw,BR1_3277041703,16.17,13.684,11.316,27.944,0
7.6701,0.376,0.1504,0.3,0.282,2,0.0,0.2256,0.752,8.1093,0.3578,0.477,0.3636,0.2722,0.0,0.1111,0.477,1.3118,3.7161,0.2123,0.4247,0.5,0.1604,0.0,0.1875,0.584,1.1679,1,Ks_-9DDDETb6SrXsxHvrf6r17NFirC7CX8vSRZ-dQWeRFTOfB7bk-fkJQUdlIWua_d2OTTw58e9ztw,BR1_3276690244,16.17,13.298,8.385,18.837,0
10.2912,0.4348,0.0,0.15,0.1787,2,0.0,0.2174,1.4495,7.4775,0.4079,0.2719,0.2857,0.2496,0.0,0.125,0.5438,1.9034,7.5241,0.3859,0.0643,0.5,0.2664,1.0,0.2632,0.9646,1.9293,0,q-DBfzf-MOrutsp0Fke2PnjhJXL8FoG16jmTH4y5GgWtzvdVfpzhp54k0-r08Xi-S7mLauunqaKkYQ,BR1_3277169838,16.17,13.798,7.355,15.55,1
8.4656,0.2396,0.2396,0.3571,0.3345,1,0.0,0.3993,1.1181,7.8272,0.8069,0.1614,0.5,0.2911,2.0,0.2857,0.7262,1.4525,2.7455,0.0,0.3922,0.625,0.3036,0.0,0.2,1.9611,3.1378,1,q-DBfzf-MOrutsp0Fke2PnjhJXL8FoG16jmTH4y5GgWtzvdVfpzhp54k0-r08Xi-S7mLauunqaKkYQ,BR1_3277136462,16.17,12.521,12.393,2.55,1
7.4286,0.2143,0.0714,0.3,0.4061,1,0.0,0.2143,0.7143,7.0,0.4545,0.2727,0.3846,0.3438,3.0,0.1111,0.4545,1.1818,5.7032,0.4682,0.2128,0.5588,0.2492,1.0,0.12,0.8087,1.4471,0,q-DBfzf-MOrutsp0Fke2PnjhJXL8FoG16jmTH4y5GgWtzvdVfpzhp54k0-r08Xi-S7mLauunqaKkYQ,BR1_3276413371,16.17,14.0,11.0,23.496,1
5.2857,0.3571,0.2143,0.2222,0.2404,1,0.0,0.1429,0.6429,8.6032,0.3536,0.1179,0.1429,0.123,1.0,0.0,0.1179,0.825,4.5613,0.311,0.5183,0.6667,0.1919,1.0,0.0667,0.622,0.933,0,sxpuXJ5duqV5EnKxcTzPEyOBQu9rm_LUzBj1fR4Xq1_7XvFE6qpxMSx4WgzkqPWXDKhcd6aXLl8AJw,BR1_3275896604,16.16,14.0,8.485,9.646,0
6.8571,0.3571,0.2857,0.4286,0.2721,1,0.0,0.2143,0.5,6.1818,0.3636,0.3636,0.75,0.3287,2.0,0.0,0.5455,0.7273,6.6643,0.3508,0.3508,0.0,0.1791,0.0,0.4,0.0,0.0,0,sxpuXJ5duqV5EnKxcTzPEyOBQu9rm_LUzBj1fR4Xq1_7XvFE6qpxMSx4WgzkqPWXDKhcd6aXLl8AJw,BR1_3275890037,16.16,14.0,11.0,2.851,0
7.2852,0.3875,0.0775,0.2308,0.2361,0,0.0,0.2325,1.0075,9.8378,0.3226,0.0,0.1667,0.2159,0.0,0.0,0.1613,0.9677,,,,,,,,,,0,sxpuXJ5duqV5EnKxcTzPEyOBQu9rm_LUzBj1fR4Xq1_7XvFE6qpxMSx4WgzkqPWXDKhcd6aXLl8AJw,BR1_3275881275,16.16,12.903,6.201,0.0,1
6.441,0.4392,0.0732,0.2941,0.1875,2,0.0,0.366,1.2443,5.4497,0.3758,0.4698,0.1667,0.1751,2.0,0.3333,0.1879,1.1275,5.8316,0.5301,0.2121,0.125,0.1213,0.0,0.25,0.106,0.8482,0,sxpuXJ5duqV5EnKxcTzPEyOBQu9rm_LUzBj1fR4Xq1_7XvFE6qpxMSx4WgzkqPWXDKhcd6aXLl8AJw,BR1_3275865235,16.16,13.663,10.643,9.431,0
6.7857,0.2857,0.2143,0.0,0.1922,0,0.0,0.0,0.4286,9.0,0.4545,0.2727,0.3,0.1672,0.0,0.1111,0.2727,0.9091,6.9995,0.3962,0.2641,0.0,0.1478,0.0,0.5,0.0,0.3962,0,ny0NKswEV3k7iNhkLV47ODN7l5IwnA_R59QW1G0TzsVJa5gv8kGYNSO4_uvhZDy04pFjF-KrItvqpQ,BR1_3274494695,16.16,14.0,11.0,7.572,0
5.353,0.434,0.217,0.3333,0.2444,2,0.0,0.1447,0.434,7.4067,0.4516,0.1807,0.4615,0.1574,0.0,0.2308,0.542,1.1742,6.5239,0.0,0.2416,0.2,0.1363,0.0,0.0,0.4833,2.4163,0,ny0NKswEV3k7iNhkLV47ODN7l5IwnA_R59QW1G0TzsVJa5gv8kGYNSO4_uvhZDy04pFjF-KrItvqpQ,BR1_3274212000,16.16,13.824,11.071,4.139,1
7.1429,0.2143,0.1429,0.2857,0.2302,1,0.0,0.1429,0.5,6.0909,0.5455,0.3636,0.2143,0.1977,0.0,0.1,0.2727,1.2727,6.7081,0.4707,0.1177,0.6667,0.2747,0.0,0.0,0.4707,0.7061,0,ny0NKswEV3k7iNhkLV47ODN7l5IwnA_R59QW1G0TzsVJa5gv8kGYNSO4_uvhZDy04pFjF-KrItvqpQ,BR1_3274185743,16.16,14.0,11.0,8.497,0
4.0043,0.4711,0.4711,0.5556,0.3299,2,0.0,0.3926,0.7066,7.0126,0.2446,0.1631,0.2778,0.225,1.0,0.0714,0.4077,1.4677,4.9295,0.0,0.7042,0.3333,0.1577,0.0,0.0,0.7042,2.1126,0,Aovul5rIFrs2yWMXAkOW3mw5AusV2YzbuNzAlVy8aaOJQqxFTUOyiA5MTT-LuiSZUz6So50MiJkVCg,BR1_3276129323,16.16,12.736,12.264,2.84,1
8.2169,0.3354,0.1677,0.2308,0.2544,2,0.0,0.2515,1.09,6.1193,0.7649,0.3825,0.6389,0.3866,6.0,0.3125,1.7593,2.7537,9.234,0.8395,0.0,0.25,0.2195,0.0,0.25,0.5596,2.2386,0,Aovul5rIFrs2yWMXAkOW3mw5AusV2YzbuNzAlVy8aaOJQqxFTUOyiA5MTT-LuiSZUz6So50MiJkVCg,BR1_3275546532,16.16,11.927,13.073,3.574,1
6.196,0.295,0.295,0.4118,0.2253,1,0.0,0.5163,1.2539,6.3796,0.5243,0.1748,0.6364,0.3483,2.0,0.375,0.6117,0.9613,7.548,0.4193,0.3355,0.3158,0.1532,0.0,0.0769,0.5032,1.5935,0,Aovul5rIFrs2yWMXAkOW3mw5AusV2YzbuNzAlVy8aaOJQqxFTUOyiA5MTT-LuiSZUz6So50MiJkVCg,BR1_3275003157,16.16,13.557,11.443,11.924,1
4.7857,0.4286,0.1429,0.3333,0.1703,1,0.0,0.1429,0.4286,7.3636,0.0,0.2727,0.4615,0.1829,0.0,0.1,0.5455,1.1818,2.8216,0.0,0.5643,0.6667,0.2669,0.0,0.25,0.5643,0.8465,1,U2lzd0WgSdiT6BI09CVA7djC7VyXF5ju9hFxpqLIArxlOAxfYDXlkngu3MH18_o4ICvJ4TTDq4-oOg,BR1_3277409441,16.17,14.0,11.0,3.544,0
7.7123,0.2788,0.1858,0.5,0.2493,4,0.25,0.4646,0.9292,7.9769,0.4155,0.1662,0.5,0.3298,1.0,0.1818,0.4986,0.9971,7.0903,0.4807,0.3605,0.0,0.233,0.0,0.0909,0.0,0.3605,1,U2lzd0WgSdiT6BI09CVA7djC7VyXF5ju9hFxpqLIArxlOAxfYDXlkngu3MH18_o4ICvJ4TTDq4-oOg,BR1_3277395468,16.17,10.762,12.035,8.321,0
5.9304,0.3015,0.201,0.1,0.1972,0,0.0,0.1005,1.0051,4.1193,0.3986,0.1329,0.4857,0.2151,2.0,0.1579,1.1295,2.3254,105.5156,0.0,0.0,0.0,0.1971,0.0,,0.0,9.5923,0,6bPqfPkkFuhs-ZDG6ne6BZh-K3-G-frUop-0Tsw-NHukijN1JI9JFDjqgLDZYB-6V1dU2lIJQhBYZQ,BR1_3276768108,16.17,9.949,15.051,0.104,1
6.9097,0.294,0.2205,0.75,0.2808,2,0.0,0.2205,0.294,5.3165,0.3604,0.3604,0.4167,0.2141,0.0,0.1579,0.4505,1.0813,,,,,,,,,,0,6bPqfPkkFuhs-ZDG6ne6BZh-K3-G-frUop-0Tsw-NHukijN1JI9JFDjqgLDZYB-6V1dU2lIJQhBYZQ,BR1_3276617948,16.17,13.604,11.098,0.0,0
6.0378,0.4365,0.2182,0.5455,0.2813,2,0.0,0.4365,0.8002,6.6557,0.8452,0.4226,0.4167,0.2688,0.0,0.0,0.5282,1.2677,11.0675,0.0,0.5825,1.0,0.2005,0.0,0.0,0.5825,0.5825,0,6bPqfPkkFuhs-ZDG6ne6BZh-K3-G-frUop-0Tsw-NHukijN1JI9JFDjqgLDZYB-6V1dU2lIJQhBYZQ,BR1_3276470879,16.17,13.747,9.466,1.717,0
6.0339,0.0838,0.0838,0.75,0.4342,5,0.0,0.5028,0.6704,6.6578,0.0,0.0765,0.7273,0.32,1.0,0.0769,1.2244,1.6836,5.875,0.0,0.1382,0.6667,0.237,2.0,0.1667,1.1059,1.6588,1,Gwfv7YmegBTAi07RNmARAxPREXBgIsY42kxoSfSHwP9yCc3GkKdSi1MPjBtkAA3CyFSrRJ5gWHCbGQ,BR1_3274485009,16.16,11.933,13.067,14.468,1
5.5501,0.2775,0.0925,0.6,0.365,5,0.0,0.8325,1.3875,3.7352,0.0,0.141,0.6071,0.2507,2.0,0.0769,1.1981,1.9733,9.309,0.0,0.0,0.7143,0.4807,2.0,0.0,2.738,3.8331,0,Gwfv7YmegBTAi07RNmARAxPREXBgIsY42kxoSfSHwP9yCc3GkKdSi1MPjBtkAA3CyFSrRJ5gWHCbGQ,BR1_3274441280,16.16,10.811,14.189,1.826,1
8.2655,0.3657,0.0,0.3846,0.2,2,0.0,0.3657,0.9509,5.0784,0.0,0.0,0.6,0.276,3.0,0.1,0.8019,1.3364,2.3494,0.0,0.3356,0.6471,0.228,2.0,0.0,0.923,1.4264,0,Gwfv7YmegBTAi07RNmARAxPREXBgIsY42kxoSfSHwP9yCc3GkKdSi1MPjBtkAA3CyFSrRJ5gWHCbGQ,BR1_3274211442,16.16,13.671,11.224,11.918,0
5.2054,0.3413,0.0853,0.75,0.3892,1,0.0,0.768,1.024,9.5576,0.5792,0.1931,0.4,0.3156,0.0,0.1818,0.1931,0.4827,10.0729,0.0,0.0,0.0,0.0,0.0,0.25,0.0,0.5596,0,Gwfv7YmegBTAi07RNmARAxPREXBgIsY42kxoSfSHwP9yCc3GkKdSi1MPjBtkAA3CyFSrRJ5gWHCbGQ,BR1_3274152790,16.16,11.719,10.358,1.787,0
5.298,0.2943,0.1472,0.6667,0.2783,3,0.0,0.4415,0.6623,5.3462,0.2629,0.3506,0.4167,0.1271,0.0,0.1111,0.4382,1.0517,5.48,0.6089,0.0,0.4706,0.1599,1.0,0.2727,1.2178,2.5878,1,5DFjFb8y5ykS3LnTeiP1P2aHqtAuGQqLVDqaR4Eg6JQ4JCzpk2O5SPgKhWRNPDqVFclxQe9QO3ohDQ,BR1_3275305463,16.16,13.59,11.41,6.569,1
6.0,0.2143,0.1429,0.2727,0.3426,2,0.0,0.2143,0.7857,8.1966,0.5464,0.1366,0.1429,0.1157,0.0,0.25,0.1366,0.9563,7.8885,0.4869,0.0,0.6,0.1978,3.0,0.1538,1.1687,1.9478,0,5DFjFb8y5ykS3LnTeiP1P2aHqtAuGQqLVDqaR4Eg6JQ4JCzpk2O5SPgKhWRNPDqVFclxQe9QO3ohDQ,BR1_3275296199,16.16,14.0,7.32,10.268,1
6.2143,0.2857,0.0714,0.25,0.2075,1,0.25,0.1429,0.5714,3.1818,0.4545,0.2727,0.25,0.1548,0.0,0.0,0.3636,1.4545,4.9007,0.5214,0.1043,0.3889,0.0894,0.0,0.125,0.7299,1.8769,0,5DFjFb8y5ykS3LnTeiP1P2aHqtAuGQqLVDqaR4Eg6JQ4JCzpk2O5SPgKhWRNPDqVFclxQe9QO3ohDQ,BR1_3274749926,16.16,14.0,11.0,9.59,1
5.6474,0.5792,0.0724,0.2857,0.2243,0,0.0,0.2896,1.0136,4.0221,0.715,0.4469,0.3333,0.2103,0.0,0.0,0.6257,1.877,0.0,0.0,0.0,0.75,0.1728,0.0,1.0,2.9874,3.9832,0,5DFjFb8y5ykS3LnTeiP1P2aHqtAuGQqLVDqaR4Eg6JQ4JCzpk2O5SPgKhWRNPDqVFclxQe9QO3ohDQ,BR1_3274742052,16.16,13.812,11.188,1.004,1
8.1652,0.3266,0.0817,0.4,0.3214,4,0.0,0.3266,0.8165,8.0071,0.3859,0.1929,0.2727,0.1805,1.0,0.0,0.2894,1.0612,4.6449,0.5806,0.8709,1.0,0.4432,0.0,0.2,0.2903,0.2903,1,23njpyIViqHtLcSPYSR6My9znD8BhmJNAGkQl1zRBMP_2J-AOT97MsHKbUpxZ1QOXRK_3Fy2lE_Rnw,BR1_3277420439,16.17,12.247,10.366,3.445,0
9.7638,0.3228,0.1614,0.4167,0.2868,4,0.0,0.4035,0.9683,8.6525,0.3286,0.0,0.6429,0.3734,1.0,0.0833,0.9857,1.5334,5.8839,0.0,0.6304,0.7143,0.3764,0.0,0.1667,0.5253,0.7355,0,O6fc4_K9X6ASBBusfzfOpBnvbfseiOmneu3n2-_SJclxyP3UjZl7QBHrmK1LUVxexUKnMGVl6g0shw,BR1_3277321478,16.17,12.393,9.13,9.518,0
7.5342,0.2659,0.2659,0.6,0.4022,3,0.0,0.2659,0.4432,10.547,0.5071,0.0,0.4211,0.2114,1.0,0.2,0.8113,1.9269,10.0166,0.0,0.3231,0.3,0.1494,0.0,0.25,0.9694,3.2312,0,O6fc4_K9X6ASBBusfzfOpBnvbfseiOmneu3n2-_SJclxyP3UjZl7QBHrmK1LUVxexUKnMGVl6g0shw,BR1_3277307610,16.17,11.282,9.861,3.095,1
7.5,0.5714,0.0,0.5,0.0949,1,0.25,0.3571,0.7143,5.5455,1.1818,0.0,0.6429,0.1881,0.0,0.0833,0.8182,1.2727,4.8499,3.6374,0.0,1.0,0.2239,0.0,1.0,1.2125,1.2125,0,O6fc4_K9X6ASBBusfzfOpBnvbfseiOmneu3n2-_SJclxyP3UjZl7QBHrmK1LUVxexUKnMGVl6g0shw,BR1_3277291803,16.17,14.0,11.0,0.825,1
4.4286,0.3571,0.2857,0.3333,0.2262,1,0.0,0.2143,0.6429,3.5455,0.6364,0.3636,0.5714,0.1976,2.0,0.1111,0.7273,1.2727,4.9147,0.7634,0.1909,0.5455,0.1557,0.0,0.0833,0.5726,1.0497,1,qizdt8uNwQ0gEM38ISso1eMwCVwbo2r_aO_sYY2qZI9omP7TVbtxZpmrdPSEuCBHqtXz8bLXaY-FAw,BR1_3276921894,16.17,14.0,11.0,20.958,0
5.9005,0.2241,0.2988,0.625,0.2494,1,0.0,0.3734,0.5975,5.0605,0.46,0.46,0.0,0.129,0.0,0.3333,0.0,0.0,,,,,,,,,,0,0_OuiWE0tSOwy98PnBB3hWk4E8BParMCMN5l1l8NrBguMjRaG8fY_Ndnn5moEz-Nw_jMdMf9WW-AIA,BR1_3277284820,16.17,13.389,6.521,0.0,0
3.9009,0.2167,0.4334,0.0,0.1301,0,0.0,0.0,0.3251,6.1201,0.4026,0.1611,0.5,0.2157,0.0,0.2727,0.4026,0.8053,4.4662,0.4701,0.2351,0.625,0.2612,0.0,0.0,0.5877,0.9403,0,0_OuiWE0tSOwy98PnBB3hWk4E8BParMCMN5l1l8NrBguMjRaG8fY_Ndnn5moEz-Nw_jMdMf9WW-AIA,BR1_3276045491,16.16,9.229,12.418,8.508,0
8.1429,0.4286,0.2857,0.4,0.3228,2,0.0,0.1429,0.3571,8.1818,0.4545,0.2727,0.7143,0.3296,2.0,0.0909,0.4545,0.6364,8.8376,0.2762,0.4143,0.1429,0.115,0.0,0.5556,0.1381,0.9666,0,2LmyhaqDphu47q2EnFSAJPLQZkAwAAcxx0-CI3tS9IGklZCm8DCz77el8A06uqAR2DfgPRGTh48SHQ,BR1_3275743079,16.16,14.0,11.0,7.242,0
3.3571,0.3571,0.3571,0.3636,0.1797,1,0.2,0.2857,0.7857,4.0,0.2727,0.5455,0.3889,0.1878,0.0,0.0909,0.6364,1.6364,2.1822,0.6365,0.3637,0.4,0.1691,1.0,0.1429,0.5456,1.3639,0,J5o7jB-PzPTPBdyWE38n8D7PQdeCpfsrSq6iBxgmadGtDhMxtZdFuXCG97V2YubTJGqMs1Q7TEak6A,BR1_3277328471,16.17,14.0,11.0,10.998,0
4.6506,0.3,0.225,0.1667,0.2977,1,0.0,0.075,0.4501,4.7358,0.4736,0.0,0.0,0.3079,0.0,0.0,0.0,0.4736,,,,,,,,,,0,K2xl8CAzWQsxCmnOibvlkU545fRTM4v3GlVwu1Fln_DIPMxJOxjv6hTAdmt0rwuYO_vY3U1UeKaT_w,BR1_3277380855,16.17,13.332,2.112,0.0,0
4.4589,0.0719,0.2877,0.4,0.2604,2,0.0,0.2877,0.7192,5.7683,0.4507,0.0901,0.5,0.265,0.0,0.3,0.721,1.4421,5.7295,0.1736,0.1736,0.5,0.13,0.0,0.5,1.0417,2.0835,0,nVlunSf1Xr06egInTBIPUaFizNrWcmhAPR7LuTP7syIjPFuanOrefPFG1Kn5owUMp85ykuHMfZhm4A,BR1_3277103706,16.17,13.905,11.095,5.76,1
5.4286,0.2143,0.0714,0.6,0.21,1,0.0,0.2143,0.3571,11.1613,0.6565,0.0,0.0,0.0481,0.0,0.0,0.0,0.0,,,,,,,,,,0,nVlunSf1Xr06egInTBIPUaFizNrWcmhAPR7LuTP7syIjPFuanOrefPFG1Kn5owUMp85ykuHMfZhm4A,BR1_3277085578,16.17,14.0,1.523,0.0,0
9.0714,0.2857,0.0,0.3333,0.1748,0,0.0,0.2143,0.6429,10.2512,0.0,0.338,0.6667,0.2706,1.0,0.0833,0.9012,1.3518,8.9051,0.0,0.2544,0.5714,0.2925,0.0,0.2,1.0177,1.781,0,hhJrITmCiYgxe9KXjrRoVMyWG-bcMeapScPGZDfxNppPhdXdBWlyq7zDQoroPBPskXcUVkhm_XML7Q,BR1_3277410851,16.17,14.0,8.877,3.93,1
6.7143,0.2857,0.0,0.1538,0.1855,1,0.0,0.1429,0.9286,7.137,0.5008,0.1252,0.6154,0.1348,0.0,0.1667,1.0017,1.6277,6.9819,0.0,0.0,0.4,0.2462,0.0,0.2222,1.0741,2.6853,0,0YU70veFDAWVe2JPhWlOxBjP8FH-jaNU0s8AjRxvT05RLtKkrEAi-aXPImODSvLgybiA09QAGoE2zA,BR1_3277417260,16.17,14.0,7.987,1.862,1
5.6429,0.2143,0.2857,0.1333,0.288,1,0.0,0.1429,1.0714,7.5628,0.1891,0.2836,0.5,0.2279,0.0,0.1667,0.5672,1.1344,4.5646,0.2282,0.2282,0.5238,0.2164,0.0,0.3,0.8368,1.5976,0,0YU70veFDAWVe2JPhWlOxBjP8FH-jaNU0s8AjRxvT05RLtKkrEAi-aXPImODSvLgybiA09QAGoE2zA,BR1_3277393913,16.17,14.0,10.578,13.145,1
7.0714,0.3571,0.0714,0.3333,0.2067,2,0.75,0.2857,0.8571,9.2663,0.3232,0.1077,0.5385,0.3394,2.0,0.2,0.7542,1.4007,7.3008,0.2844,0.0,0.4286,0.3017,1.0,0.0909,0.8533,1.9911,1,W6Wh-7Y3vUsQXHHQQNCtw68oqaUZgYO66Kn4X9BF0NMWpCr2eKsC33iJYl2q_AOUI9HXPm08w7dHuA,BR1_3277412578,16.17,14.0,9.281,10.547,1
6.0714,0.3571,0.2857,0.3636,0.1806,0,0.0,0.2857,0.7857,7.9091,0.2727,0.2727,0.6667,0.342,1.0,0.0,0.7273,1.0909,8.5397,0.0,0.2588,0.0,0.308,0.0,0.5556,0.0,0.0,0,OczZrJKbuGJ2_3yqb4kxhYdJw6CupKoqju_Ge5bpmE7OtXEnaHVglKdObLLE3rObC8mqT-NWWV2lrA,BR1_3277286809,16.17,14.0,11.0,3.864,0
6.0795,0.0881,0.2643,0.4615,0.2169,2,0.0,0.5287,1.1454,4.0292,0.5128,0.293,0.3636,0.1577,2.0,0.0,0.5861,1.6117,3.6644,0.57,0.4072,0.4167,0.1688,2.0,0.0,0.8143,1.9544,0,h0grW7ZIRt669x9qabxbPlwpR7Nv30cxJYB4jUSrRQ6kTLKikwxAJVMNTWBzk10QXgdMK1QGS0L9Xw,BR1_3276837324,16.17,11.35,13.65,12.28,1
7.5,0.3571,0.0714,0.4167,0.3539,3,0.2,0.3571,0.8571,10.0,0.3636,0.1818,0.5789,0.245,1.0,0.0769,1.0,1.7273,4.8668,0.0,0.0,1.0,0.5954,2.0,0.2,2.004,2.004,0,PQeOyqhJ7Fm7X509cOAlwwIuLElMpdPUuyZeAc_ZeD5EX6vG9kYZ9fzHgwZnAvIc9_rZf6El5Ml6tQ,BR1_3277221656,16.17,14.0,11.0,3.493,1
6.1429,0.2857,0.2143,0.25,0.2281,2,0.0,0.2143,0.8571,8.0,0.7273,0.0,0.5714,0.1756,1.0,0.1818,1.0909,1.9091,6.0824,0.0,0.3201,0.6667,0.2053,0.0,0.1429,1.9207,2.8811,0,PQeOyqhJ7Fm7X509cOAlwwIuLElMpdPUuyZeAc_ZeD5EX6vG9kYZ9fzHgwZnAvIc9_rZf6El5Ml6tQ,BR1_3277211270,16.17,14.0,11.0,3.124,1
7.0714,0.2143,0.1429,0.2105,0.245,2,0.0,0.2857,1.3571,9.3972,0.1119,0.2237,0.5556,0.4399,5.0,0.0909,1.1187,2.0137,,,,,,,,,,0,PQeOyqhJ7Fm7X509cOAlwwIuLElMpdPUuyZeAc_ZeD5EX6vG9kYZ9fzHgwZnAvIc9_rZf6El5Ml6tQ,BR1_3277194815,16.17,14.0,8.939,0.0,1
6.8426,0.1504,0.4512,0.1429,0.1677,0,0.0,0.0752,0.5264,6.8371,0.2564,0.5982,0.3043,0.172,0.0,0.0,0.5982,1.9657,14.2621,0.31,0.6201,0.0,0.1444,0.0,0.0,0.0,0.31,0,PQeOyqhJ7Fm7X509cOAlwwIuLElMpdPUuyZeAc_ZeD5EX6vG9kYZ9fzHgwZnAvIc9_rZf6El5Ml6tQ,BR1_3272186539,16.16,13.299,11.701,3.225,0
5.9236,0.2194,0.3657,0.4667,0.2937,3,0.0,0.5119,1.097,4.2381,0.2649,0.3532,0.7333,0.2834,1.0,0.0,0.9712,1.3244,7.0328,0.1379,0.2758,0.5,0.2879,0.0,0.3333,0.5516,1.1032,0,E-3Q4cJvtN1OeHrHywjaeGHcm7W_6OR6jvyNTVvIwlw-FROkhfrCakBYOcGxivsv5Oy5502Rf5NAgw,BR1_3275752751,16.16,13.674,11.326,7.252,0
7.0714,0.3571,0.2143,0.2308,0.1779,1,0.2,0.2143,0.9286,8.0909,0.4545,0.2727,0.5625,0.208,1.0,0.3,0.8182,1.4545,5.895,0.655,0.0,0.25,0.2784,0.0,0.125,0.655,2.62,0,E-3Q4cJvtN1OeHrHywjaeGHcm7W_6OR6jvyNTVvIwlw-FROkhfrCakBYOcGxivsv5Oy5502Rf5NAgw,BR1_3275718545,16.16,14.0,11.0,3.053,1
7.6309,0.3354,0.0,0.6364,0.1829,0,0.0,0.587,0.9224,5.2773,0.153,0.4589,0.75,0.235,2.0,0.1,0.6883,0.9178,9.3961,0.0,0.5079,1.0,0.3378,0.0,0.25,0.5079,0.5079,0,E-3Q4cJvtN1OeHrHywjaeGHcm7W_6OR6jvyNTVvIwlw-FROkhfrCakBYOcGxivsv5Oy5502Rf5NAgw,BR1_3275711374,16.16,11.925,13.075,3.938,0
7.7945,0.1973,0.1973,0.2727,0.1741,1,0.0,0.296,1.0853,6.5255,0.3364,0.2691,0.5833,0.2997,2.0,0.1429,0.9418,1.6146,6.0032,0.1668,0.2501,0.3913,0.2247,1.0,0.1429,0.7504,1.9177,0,E-3Q4cJvtN1OeHrHywjaeGHcm7W_6OR6jvyNTVvIwlw-FROkhfrCakBYOcGxivsv5Oy5502Rf5NAgw,BR1_3274687087,16.16,10.135,14.865,11.994,1
6.2095,0.278,0.1854,0.0,0.2254,0,0.0,0.0,1.0195,6.4743,0.4222,0.1407,0.5,0.1506,1.0,0.125,0.563,1.126,5.0002,0.7377,0.2459,0.3529,0.2555,1.0,0.2,0.4918,1.3935,0,nzGfxe99FDrj00ZyCwKmA7eLy9cuE0rQ9S-UtGQ8NnzYUUqBRRuSbbPaNE7Ts3-sPY9WO0S-ohsoHw,BR1_3276311955,16.17,10.79,14.21,12.2,1
7.122,0.3634,0.218,0.25,0.2543,1,0.0,0.218,0.8721,7.58,0.2953,0.1969,0.5,0.2204,0.0,0.2308,0.9844,1.9688,,,,,,,,,,0,zCw_SdnNIZefmcJkKgR0tyTOXKocV4pTfAOmbCEboCLgQ6shbtFfT3qi8Jsd6Ms2nTqrpx83iFQ5mQ,BR1_3276827801,16.17,13.76,10.158,0.0,1
5.5714,0.5,0.2143,0.3,0.209,1,0.0,0.4286,1.4286,11.5562,0.4669,0.1167,0.75,0.2626,1.0,0.0,0.7004,0.9338,6.4023,0.1016,0.4065,0.5714,0.2918,2.0,0.0667,0.813,1.4227,0,YEM5F5jPMmrgqzmTjKZWO_DpF4kZZd6atgYUPSz3Rta5Um2l2pMXhJnhuBj5For3B0syqVPltoF0AA,BR1_3276328685,16.17,14.0,8.567,9.84,0
6.7143,0.1429,0.0,0.2308,0.2609,1,0.0,0.2143,0.9286,7.2727,0.3636,0.0909,0.6,0.2172,2.0,0.0,0.8182,1.3636,4.4125,0.0,0.2101,0.7273,0.1622,1.0,0.4286,1.681,2.3113,0,YEM5F5jPMmrgqzmTjKZWO_DpF4kZZd6atgYUPSz3Rta5Um2l2pMXhJnhuBj5For3B0syqVPltoF0AA,BR1_3276314372,16.17,14.0,11.0,4.759,1
6.4966,0.2987,0.224,0.5,0.2982,1,0.0,0.2987,0.5974,9.804,0.3565,0.3565,1.0,0.3601,1.0,0.0,0.3565,0.3565,,,,,,,,,,1,YEM5F5jPMmrgqzmTjKZWO_DpF4kZZd6atgYUPSz3Rta5Um2l2pMXhJnhuBj5For3B0syqVPltoF0AA,BR1_3276293723,16.17,13.392,5.61,0.0,0
4.7328,0.1721,0.1721,0.4286,0.2207,0,0.25,0.2582,0.6024,8.5471,0.4793,0.2396,0.7,0.4061,1.0,0.1765,0.5592,0.7988,,,,,,,,,,0,U_Uqp6_oWmcDj5YKCsqubZg_Eou1BaB63F1nqYOUNipNlXcE9vYiMF0A33yh-ARS3VZywSPNXedt6A,BR1_3277397247,16.17,11.621,12.519,0.0,0
7.0371,0.3391,0.0,0.0,0.3024,0,0.0,0.0,0.3391,6.7397,0.4544,0.1515,0.7143,0.3378,2.0,0.2222,0.7573,1.0602,6.2532,0.5685,0.1705,0.8,0.2137,1.0,0.1364,0.6822,0.8527,0,U_Uqp6_oWmcDj5YKCsqubZg_Eou1BaB63F1nqYOUNipNlXcE9vYiMF0A33yh-ARS3VZywSPNXedt6A,BR1_3277206677,16.17,11.795,13.205,17.591,0
7.0738,0.4065,0.0813,0.2,0.3508,0,0.0,0.0813,0.4065,7.401,0.6299,0.2362,0.4762,0.3909,4.0,0.1111,0.7873,1.6534,13.0135,0.3718,0.3718,0.5,0.1852,0.0,0.0,0.3718,0.7436,0,U_Uqp6_oWmcDj5YKCsqubZg_Eou1BaB63F1nqYOUNipNlXcE9vYiMF0A33yh-ARS3VZywSPNXedt6A,BR1_3276056486,16.16,12.299,12.701,2.69,0
8.0714,0.2857,0.0714,0.3077,0.1543,1,0.0,0.2857,0.9286,8.2727,0.4545,0.2727,0.1667,0.1723,0.0,0.1111,0.1818,1.0909,6.8213,0.379,0.379,0.0,0.1049,0.0,0.0,0.0,0.379,0,N1D-M4ImS2SBSmS9m023inW49woKRJNk9Ry0cYvQ0loDmgOVu4YztCmnObw5yK_ADgpnyd3DkDziqg,BR1_3276052468,16.16,14.0,11.0,2.639,0
6.4286,0.3571,0.1429,0.4,0.3148,2,0.0,0.1429,0.3571,7.7273,0.2727,0.1818,0.5714,0.3149,0.0,0.125,0.3636,0.6364,4.7195,0.0,0.4604,0.5,0.2431,0.0,0.0,0.3453,0.6907,0,nNVupTPhfkBReVnWP6MEu9letvuy_WB4-ILjpb16_DYS0wIY4qsH5uMQi7zAF7Sc5vzES8xN4M9P4A,BR1_3276851264,16.17,14.0,11.0,8.687,0
5.9286,0.2143,0.1429,0.3636,0.2029,1,0.0,0.2857,0.7857,8.7273,0.3636,0.3636,0.3077,0.1144,1.0,0.1111,0.3636,1.1818,9.4342,0.4288,0.1715,0.3571,0.1361,0.0,0.0909,0.4288,1.2007,0,t0QIGh3EOfURq4_A_8z9MlTtPcJwVtrIu3BurXAAK0-vVTBCMKnCrgJ5a2ZQQcerYy4tGCwyQysjMg,BR1_3276390796,16.17,14.0,11.0,11.66,0
6.3128,0.2036,0.0,0.75,0.3436,0,0.5,0.3055,0.4073,3.3063,0.0,1.1021,0.0,0.4648,0.0,0.0,0.0,0.0,,,,,,,,,,0,t0QIGh3EOfURq4_A_8z9MlTtPcJwVtrIu3BurXAAK0-vVTBCMKnCrgJ5a2ZQQcerYy4tGCwyQysjMg,BR1_3276383908,16.17,9.821,0.907,0.0,0
7.0,0.3571,0.0,0.4375,0.269,3,0.0,0.5,1.1429,8.1818,0.4545,0.1818,0.4,0.2661,0.0,0.1,0.3636,0.9091,7.2945,0.3172,0.3172,0.4615,0.3503,0.0,0.0714,0.4757,1.0308,0,IfkxFAU_YI18PlKmh5oKn0cj--VysCLaLp-Skc5I1MsRVteK6zSlbla94feJvAVMVYzJSZBrxVd9LQ,BR1_3276920583,16.17,14.0,11.0,12.612,1
6.5714,0.4286,0.2857,0.6667,0.258,1,0.0,0.2857,0.4286,7.0,0.7273,0.1818,0.4,0.246,1.0,0.0,0.5455,1.3636,9.1625,0.9102,0.2427,0.6875,0.3093,1.0,0.1364,0.6675,0.9709,0,IfkxFAU_YI18PlKmh5oKn0cj--VysCLaLp-Skc5I1MsRVteK6zSlbla94feJvAVMVYzJSZBrxVd9LQ,BR1_3276507177,16.17,14.0,11.0,16.48,0
4.9828,0.2768,0.3691,0.3077,0.1824,0,0.0,0.3691,1.1996,6.496,0.4943,0.0706,0.3077,0.1283,0.0,0.0909,0.5649,1.8358,3.3634,0.4036,0.5381,0.4286,0.2548,1.0,0.3333,0.8072,1.8835,0,QEdZZ18YSvvD74HIpGVmnnNrcjTuVVRsiwTRc2ySYKi9yVlVdQIJKIAkchEwMKUFl9aIj68EP3AjPw,BR1_3277421467,16.17,10.837,14.163,7.433,0
7.2506,0.2339,0.078,0.2857,0.2558,2,0.0,0.3119,1.0915,7.9682,0.575,0.1643,0.2143,0.295,2.0,0.0,0.2464,1.15,5.7653,0.5913,0.2957,0.4167,0.1825,2.0,0.0,0.7391,1.7739,0,QEdZZ18YSvvD74HIpGVmnnNrcjTuVVRsiwTRc2ySYKi9yVlVdQIJKIAkchEwMKUFl9aIj68EP3AjPw,BR1_3277374319,16.17,12.827,12.173,6.765,1
7.5861,0.3528,0.1764,0.75,0.2813,0,0.0,0.2646,0.3528,6.3674,0.4391,0.0732,0.75,0.2969,0.0,0.2,0.4391,0.5855,0.4406,0.4406,0.8811,0.0,0.2527,0.0,0.1429,0.0,0.0,0,GJOb0CM8Eic7Upi6dLgJuz-Fc_b4OIln_oj9ugXwbxLXZVzzKZQlhCfTZqsTmkvU44YC_thheqCZOA,BR1_3276902577,16.17,11.337,13.663,2.27,0
6.97,0.2998,0.0749,0.1429,0.1215,1,0.0,0.0749,0.5246,6.8628,0.5147,0.1716,0.2667,0.1649,0.0,0.1,0.3431,1.2868,7.2337,0.1507,0.1507,0.4444,0.1102,0.0,0.1875,0.6028,1.3563,0,JCBkFfzxax5I88fX-9hmWy0wgp_x_j36hb2swKWHfn8C5Kzouz2L6zreKN6444GX80LP9EREvkwckQ,BR1_3277357906,16.17,13.343,11.657,13.271,1
6.4673,0.436,0.218,0.3889,0.2214,0,0.0,0.5087,1.308,5.1262,0.0,0.3728,0.6111,0.2041,0.0,0.0833,1.0252,1.6777,7.6232,0.0,0.0,0.4,0.2261,0.0,0.4286,1.1728,2.932,0,JCBkFfzxax5I88fX-9hmWy0wgp_x_j36hb2swKWHfn8C5Kzouz2L6zreKN6444GX80LP9EREvkwckQ,BR1_3277200136,16.17,13.762,10.729,1.705,1
7.0,0.4286,0.2143,0.5,0.2711,1,0.0,0.1429,0.2857,8.0909,0.4545,0.3636,0.5455,0.2543,0.0,0.2308,0.5455,1.0,6.4283,0.4592,0.3061,0.8333,0.3467,1.0,0.25,0.7653,0.9183,1,JCBkFfzxax5I88fX-9hmWy0wgp_x_j36hb2swKWHfn8C5Kzouz2L6zreKN6444GX80LP9EREvkwckQ,BR1_3277182195,16.17,14.0,11.0,6.534,0
4.7857,0.2143,0.2143,0.25,0.2013,1,0.0,0.2143,0.8571,5.7778,0.0,0.3852,0.1818,0.2017,2.0,0.3,0.3852,2.1185,4.0731,0.0,0.5657,0.2857,0.2,0.0,0.0909,0.2263,0.792,1,BfpxPuxiVnj1MHFjWV5AxgYVWp27t2M5ScVXL6IY2O_MyQDpguRKqcb2SKuVcjApToL_-M0IyHjA4A,BR1_3277349682,16.17,14.0,10.385,8.838,0
4.6725,0.2157,0.1438,0.3333,0.1829,1,0.0,0.2157,0.647,7.4851,0.0902,0.3607,0.4444,0.1721,0.0,0.0833,0.3607,0.8116,5.5141,0.0,0.6127,0.75,0.2753,0.0,0.0,0.919,1.2254,0,BfpxPuxiVnj1MHFjWV5AxgYVWp27t2M5ScVXL6IY2O_MyQDpguRKqcb2SKuVcjApToL_-M0IyHjA4A,BR1_3277049146,16.17,13.911,11.089,3.264,0
5.4286,0.1429,0.2143,0.5,0.2935,1,0.0,0.2857,0.5714,6.4545,0.4545,0.2727,0.4444,0.191,0.0,0.1111,0.7273,1.6364,5.7142,0.4286,0.1429,0.9231,0.4334,0.0,0.25,1.7142,1.8571,0,aG-XVCknQYVxVjuAoy4Q6dNiwjST51Qih-blkuKnNZpgLKpcQVUamkhX6NqLqbg8guVxO8JofZSnjA,BR1_3277439385,16.17,14.0,11.0,7.0,1
6.2239,0.2334,0.1556,0.1667,0.1026,0,0.0,0.0778,0.4668,8.7269,0.494,0.247,0.4,0.2564,0.0,0.0833,0.3293,0.8233,5.3877,0.0,0.6735,0.0,0.1404,0.0,0.0,0.0,0.3367,0,aG-XVCknQYVxVjuAoy4Q6dNiwjST51Qih-blkuKnNZpgLKpcQVUamkhX6NqLqbg8guVxO8JofZSnjA,BR1_3277422459,16.17,12.854,12.146,2.97,0
6.1423,0.3656,0.2925,0.5,0.2276,5,0.25,0.585,1.17,3.8854,0.3532,0.4415,0.2857,0.1938,0.0,0.1538,0.5298,1.8544,2.8802,0.256,0.512,0.5217,0.1534,0.0,0.0,0.7681,1.4721,0,aG-XVCknQYVxVjuAoy4Q6dNiwjST51Qih-blkuKnNZpgLKpcQVUamkhX6NqLqbg8guVxO8JofZSnjA,BR1_3277346223,16.17,13.676,11.324,15.624,0
6.5679,0.2189,0.2919,0.4545,0.2321,1,0.0,0.3649,0.8027,4.2665,0.4414,0.1471,0.4,0.2412,0.0,0.2,0.8827,2.2068,4.6921,0.408,0.204,0.375,0.2648,0.0,0.0,0.306,0.816,0,aG-XVCknQYVxVjuAoy4Q6dNiwjST51Qih-blkuKnNZpgLKpcQVUamkhX6NqLqbg8guVxO8JofZSnjA,BR1_3276965761,16.17,13.703,6.797,9.804,0
6.0851,0.4295,0.2148,0.4444,0.1709,2,0.0,0.5727,1.2886,5.8016,0.4532,0.1813,0.125,0.1923,0.0,0.25,0.0906,0.7252,4.4395,0.185,0.5549,0.5,0.1418,0.0,0.0,0.37,0.7399,0,rbAKTj2IknrsFj624zn4uMYp0dkJZWi1mWeELXuEE1q_hFUB214khOoHcgbdAu948MmT1JvNYEXl_Q,BR1_3272332258,16.16,13.969,11.031,5.406,0
5.7533,0.5034,0.1438,0.5833,0.2812,1,0.0,0.5034,0.863,8.3982,0.4799,0.3599,0.4286,0.2806,1.0,0.2,0.3599,0.8398,3.4811,0.3223,0.4513,0.5,0.2599,2.0,0.1429,0.4513,0.9025,0,rbAKTj2IknrsFj624zn4uMYp0dkJZWi1mWeELXuEE1q_hFUB214khOoHcgbdAu948MmT1JvNYEXl_Q,BR1_3272073616,16.16,13.905,8.335,15.512,0
5.3715,0.0767,0.3069,0.4615,0.3304,2,0.0,0.4604,0.9976,5.0541,0.0,0.3744,0.6875,0.3523,2.0,0.0,1.0295,1.4975,3.5577,0.4591,0.4591,0.5714,0.3648,0.0,0.0,0.4591,0.8034,0,Dy25HkuTx78YMrtDpZFXhYY20HR2944czm6vGWQXctP7iQ9nWaW1g5IgfGsN8XIItWuV3USDK0tzLQ,BR1_3277089898,16.17,13.032,10.684,8.713,0
6.1659,0.2761,0.1841,0.375,0.382,2,0.0,0.2761,0.7362,8.9703,0.4077,0.0,0.0,0.2619,0.0,0.0,0.0,0.4077,,,,,,,,,,0,Dy25HkuTx78YMrtDpZFXhYY20HR2944czm6vGWQXctP7iQ9nWaW1g5IgfGsN8XIItWuV3USDK0tzLQ,BR1_3277048881,16.17,10.866,2.453,0.0,0
5.8571,0.2857,0.2143,0.45,0.2224,2,0.0,0.6429,1.4286,3.1818,0.4545,0.2727,0.5,0.2513,0.0,0.5,1.2727,2.5455,1.8283,0.0,0.2285,0.4167,0.1652,0.0,0.1429,1.1427,2.7424,0,Dy25HkuTx78YMrtDpZFXhYY20HR2944czm6vGWQXctP7iQ9nWaW1g5IgfGsN8XIItWuV3USDK0tzLQ,BR1_3277022815,16.17,14.0,11.0,4.376,1
8.6948,0.2662,0.3549,0.25,0.267,2,0.75,0.1774,0.7098,7.2979,0.6842,0.6082,0.3333,0.2579,2.0,0.0909,0.3801,1.1403,,,,,,,,,,0,9FNnSzO9ePcUmI4nKZKiATL2GiOyPZTOdgNf55WqTFtj4bKzWIDLPEfkkqgnXAgSdHegvQOueZZBwA,BR1_3277030903,16.17,11.271,13.155,0.0,0
6.0714,0.2857,0.0714,0.4375,0.3279,1,0.0,0.5,1.1429,5.0254,0.3046,0.3046,0.7273,0.4857,2.0,0.3333,1.2183,1.6751,7.6955,0.4323,0.5188,0.4167,0.3005,0.0,0.1333,0.4323,1.0376,0,9FNnSzO9ePcUmI4nKZKiATL2GiOyPZTOdgNf55WqTFtj4bKzWIDLPEfkkqgnXAgSdHegvQOueZZBwA,BR1_3277020654,16.17,14.0,6.567,11.565,0
6.0535,0.3737,0.1495,0.6,0.3252,3,0.0,0.6726,1.121,8.2418,0.6868,0.1145,0.3684,0.3152,2.0,0.0,0.8013,2.1749,4.2718,0.712,0.356,0.6,0.1296,0.0,0.2857,1.068,1.7799,0,9FNnSzO9ePcUmI4nKZKiATL2GiOyPZTOdgNf55WqTFtj4bKzWIDLPEfkkqgnXAgSdHegvQOueZZBwA,BR1_3277001202,16.17,13.381,8.736,2.809,1
7.1345,0.3877,0.0775,0.0588,0.1712,0,0.0,0.0775,1.3183,9.6691,0.4346,0.0,0.3333,0.1508,2.0,0.0,0.5432,1.6296,,,,,,,,,,0,r_o3OJhn6GceSbh7-5TV65p4AZGKmGEz2wGWGlHLV41Oco_HY8GUETO_LF-HQrrqvqZmh5xhfZAM1A,BR1_3277267937,16.17,12.895,9.205,0.0,1
6.5215,0.163,0.3261,0.3529,0.213,1,0.0,0.4891,1.3858,6.2044,0.3927,0.3141,0.1429,0.0951,0.0,0.0,0.1571,1.0995,4.448,0.3336,0.1112,0.65,0.2267,1.0,0.3333,1.4456,2.224,0,BNC2bPmXTy_BwKM0oo7_wwqz0wrdbVmpR68mFf6-9Euc2HxwWtmpgiM3zJUf3N6uF7gEVPxRI9uScw,BR1_3277438083,16.17,12.267,12.733,8.993,1
6.4007,0.3637,0.2182,0.4444,0.2161,0,0.25,0.2909,0.6546,6.3103,0.4444,0.3555,0.5,0.27,0.0,0.0909,0.4444,0.8888,4.7452,0.2125,0.4249,0.375,0.1661,1.0,0.1176,0.6374,1.6998,0,BNC2bPmXTy_BwKM0oo7_wwqz0wrdbVmpR68mFf6-9Euc2HxwWtmpgiM3zJUf3N6uF7gEVPxRI9uScw,BR1_3277384471,16.17,13.749,11.251,14.119,0
4.3571,0.2857,0.5,0.75,0.296,4,0.0,0.6429,0.8571,6.6364,0.2727,0.1818,0.4783,0.3318,5.0,0.0909,1.0,2.0909,2.9504,0.0,0.3471,0.1429,0.1206,0.0,0.25,0.3471,2.4298,1,BNC2bPmXTy_BwKM0oo7_wwqz0wrdbVmpR68mFf6-9Euc2HxwWtmpgiM3zJUf3N6uF7gEVPxRI9uScw,BR1_3277267535,16.17,14.0,11.0,5.762,1
7.3421,0.2908,0.1454,0.2,0.195,3,0.0,0.2181,1.0904,8.3602,0.1779,0.1779,0.5556,0.2202,1.0,0.2727,0.8894,1.6009,4.9413,0.0,0.2556,0.5556,0.2311,1.0,0.0,0.8519,1.5335,0,5y4FBdCkwobrZXDV6SfK0WreYjxlEUGRhVWKcAns39E8MYjGVQmBec-_mL8JXJRw4S_Nmnze65iSqg,BR1_3277372070,16.17,13.756,11.244,11.738,1
7.6429,0.1429,0.0,0.4545,0.2208,2,0.0,0.3571,0.7857,8.0,0.0909,0.0,0.2308,0.2052,1.0,0.2727,0.2727,1.1818,6.8866,0.0,0.074,0.3684,0.2355,2.0,0.2941,0.5183,1.4069,1,5y4FBdCkwobrZXDV6SfK0WreYjxlEUGRhVWKcAns39E8MYjGVQmBec-_mL8JXJRw4S_Nmnze65iSqg,BR1_3277349924,16.17,14.0,11.0,13.505,1
5.1954,0.2642,0.2642,0.3,0.232,3,0.0,0.2642,0.8806,7.7543,0.1034,0.1034,0.1818,0.0761,1.0,0.0,0.2068,1.1373,2.5828,0.0,0.574,0.6667,0.1625,0.0,0.1111,0.574,0.8609,0,5y4FBdCkwobrZXDV6SfK0WreYjxlEUGRhVWKcAns39E8MYjGVQmBec-_mL8JXJRw4S_Nmnze65iSqg,BR1_3277153586,16.17,11.356,9.672,3.485,0
8.7857,0.2857,0.1429,0.1667,0.1791,1,0.0,0.1429,0.8571,8.2322,0.49,0.49,0.0,0.2221,0.0,0.0,0.0,0.588,0.0,0.0,0.0,0.0,0.0,0.0,0.0,0.0,0.0,0,GfQ_WoGfBAkusrN8hEcr4wzFrWHmi-4yHP6ZFVssZg8DdKwMg6UXBe5JJMzvUH86Co0cd1Khe2BOEA,BR1_3277122113,16.17,14.0,10.204,0.161,0
7.0714,0.5714,0.0,0.0714,0.1267,0,0.0,0.0714,1.0,8.4545,0.5455,0.1818,0.2143,0.1242,1.0,0.1111,0.2727,1.2727,3.4228,0.6223,0.6223,0.75,0.2668,0.0,0.4286,1.867,2.4893,0,GfQ_WoGfBAkusrN8hEcr4wzFrWHmi-4yHP6ZFVssZg8DdKwMg6UXBe5JJMzvUH86Co0cd1Khe2BOEA,BR1_3276481694,16.17,14.0,11.0,3.214,1
6.1082,0.4363,0.1745,0.5,0.2372,1,0.0,0.6108,1.2216,5.5599,0.7582,0.0,0.3333,0.1696,1.0,0.0,0.7582,2.2745,,,,,,,,,,0,GfQ_WoGfBAkusrN8hEcr4wzFrWHmi-4yHP6ZFVssZg8DdKwMg6UXBe5JJMzvUH86Co0cd1Khe2BOEA,BR1_3276351455,16.17,11.46,3.957,0.0,1
8.1484,0.3104,0.388,0.375,0.3017,3,0.0,0.2328,0.6208,10.3187,0.2476,0.3302,0.3158,0.2573,2.0,0.1818,0.4953,1.5684,7.194,0.0,0.4232,0.2,0.2035,0.0,0.5556,0.2116,1.0579,0,GfQ_WoGfBAkusrN8hEcr4wzFrWHmi-4yHP6ZFVssZg8DdKwMg6UXBe5JJMzvUH86Co0cd1Khe2BOEA,BR1_3275410807,16.16,12.886,12.114,4.726,0
6.5,0.3571,0.2143,0.0833,0.148,0,0.0,0.0714,0.8571,8.0909,0.2727,0.2727,0.2222,0.1292,0.0,0.0909,0.1818,0.8182,6.326,0.2041,0.0,0.4545,0.1469,0.0,0.1818,1.0203,2.2447,0,4E84CW0MBYlQSOU8Sk3ZJFmTJbo2SZGcKw3JrPsL4lLtBv3vp17RSOsEbvdogR7rCpXjAE5YLU6A1w,BR1_3277430916,16.17,14.0,11.0,4.9,1
6.6128,0.1718,0.2576,0.3889,0.2323,1,0.0,0.6012,1.5458,7.6074,0.3842,0.1537,0.0909,0.1214,0.0,0.1667,0.1537,1.6905,3.5093,0.1847,0.3694,0.2857,0.1092,0.0,0.1429,0.7388,2.5858,0,4E84CW0MBYlQSOU8Sk3ZJFmTJbo2SZGcKw3JrPsL4lLtBv3vp17RSOsEbvdogR7rCpXjAE5YLU6A1w,BR1_3277377599,16.17,11.644,13.014,5.414,1
6.576,0.1963,0.0981,0.6667,0.2863,2,0.0,0.5889,0.8833,6.0093,0.1646,0.3293,0.5556,0.2865,1.0,0.0714,0.8232,1.4818,,,,,,,,,,0,4E84CW0MBYlQSOU8Sk3ZJFmTJbo2SZGcKw3JrPsL4lLtBv3vp17RSOsEbvdogR7rCpXjAE5YLU6A1w,BR1_3277365881,16.17,10.189,12.148,0.0,0
8.3571,0.2143,0.1429,0.0,0.1882,0,0.0,0.0,0.5,5.8182,0.4545,0.1818,0.4167,0.1758,0.0,0.2,0.4545,1.0909,8.5273,0.3876,0.3876,0.4286,0.1999,1.0,0.0,0.3876,0.9044,0,4E84CW0MBYlQSOU8Sk3ZJFmTJbo2SZGcKw3JrPsL4lLtBv3vp17RSOsEbvdogR7rCpXjAE5YLU6A1w,BR1_3277354373,16.17,14.0,11.0,7.74,0
6.7028,0.0,0.1836,0.2143,0.1965,1,0.0,0.2755,1.2855,5.28,0.358,0.179,0.4167,0.1671,1.0,0.0588,0.8949,2.1478,,,,,,,,,,0,4E84CW0MBYlQSOU8Sk3ZJFmTJbo2SZGcKw3JrPsL4lLtBv3vp17RSOsEbvdogR7rCpXjAE5YLU6A1w,BR1_3277238383,16.17,10.891,11.174,0.0,1
5.2143,0.2857,0.2857,0.4615,0.1785,2,0.0,0.4286,0.9286,7.0,0.2727,0.1818,0.4118,0.1749,1.0,0.0,0.6364,1.5455,6.7347,0.3424,0.3424,0.5333,0.1675,0.0,0.0,0.9132,1.7122,0,wr1zmbxh-lHfFvsJh5ozjtdEABmPo8Bm6hM6PGXj2W-UtPESmu1cUxictqPCVLkAF6_NH9ueBNaD-A,BR1_3276694038,16.17,14.0,11.0,8.761,1
6.0675,0.2528,0.2528,0.35,0.2157,2,0.0,0.5899,1.6854,5.3075,0.5308,0.0,0.4615,0.2097,2.0,0.0,1.5923,3.4499,,,,,,,,,,0,wr1zmbxh-lHfFvsJh5ozjtdEABmPo8Bm6hM6PGXj2W-UtPESmu1cUxictqPCVLkAF6_NH9ueBNaD-A,BR1_3276680893,16.17,11.867,3.768,0.0,1
6.7749,0.271,0.0903,0.25,0.2624,1,0.0,0.271,1.084,5.5995,0.3589,0.4307,0.3,0.2057,1.0,0.0714,0.4307,1.4358,7.358,0.545,0.1363,0.6667,0.1272,0.0,0.1429,0.8176,1.2263,0,wr1zmbxh-lHfFvsJh5ozjtdEABmPo8Bm6hM6PGXj2W-UtPESmu1cUxictqPCVLkAF6_NH9ueBNaD-A,BR1_3276670659,16.17,11.07,13.93,7.339,1
8.6429,0.4286,0.0714,0.2,0.2196,0,0.0,0.1429,0.7143,8.7273,0.2727,0.1818,0.3636,0.1429,0.0,0.2222,0.3636,1.0,12.0328,0.2175,0.2175,0.5333,0.3394,1.0,0.0714,0.5799,1.0873,0,8nzxmUCcIEvYdixqZ0QfKz5rY8k6sktvchLRUTMeTku3NLbH3nGym1_5LR_bwlgD9G-7D9Y0wocsnA,BR1_3277042258,16.17,14.0,11.0,13.796,0
8.7857,0.3571,0.1429,0.2,0.2002,2,0.0,0.2143,1.0714,6.5726,0.5056,0.2528,0.2222,0.1429,0.0,0.0,0.2528,1.1376,7.766,0.5547,0.1849,0.5263,0.1945,0.0,0.2308,0.6164,1.1711,0,AI8Gl_yCsRZVrGV1UqcViCSJfDw3KtE911eFXebozCWRx0DaYBwjTEXcEcTzpGEPIc-AIQPNcI93wg,BR1_3277109412,16.17,14.0,7.912,16.224,0
7.1429,0.2143,0.0,0.1429,0.1615,0,0.0,0.0714,0.5,5.4545,0.6364,0.4545,0.75,0.3467,2.0,0.0,1.3636,1.8182,4.5759,1.0333,0.2214,0.7059,0.2762,0.0,0.2308,0.8857,1.2547,0,AI8Gl_yCsRZVrGV1UqcViCSJfDw3KtE911eFXebozCWRx0DaYBwjTEXcEcTzpGEPIc-AIQPNcI93wg,BR1_3276830836,16.17,14.0,11.0,13.549,0
6.5,0.4286,0.0714,0.5,0.3071,3,0.2,0.4286,0.8571,8.5455,0.4545,0.0909,0.4286,0.2536,1.0,0.2,0.5455,1.2727,2.3992,0.7634,0.5453,0.5,0.245,2.0,0.1429,0.7634,1.5268,0,AI8Gl_yCsRZVrGV1UqcViCSJfDw3KtE911eFXebozCWRx0DaYBwjTEXcEcTzpGEPIc-AIQPNcI93wg,BR1_3276813139,16.17,14.0,11.0,9.17,0
5.3571,0.6429,0.2857,0.5,0.3074,2,0.0,0.6429,1.2857,7.5225,0.6357,0.5298,0.5,0.1963,2.0,0.3077,0.7417,1.4833,6.5242,0.7564,0.4728,0.7,0.3294,2.0,0.2,0.6619,0.9455,0,wKXmCpjtW3VsloKmmCFDDYkTS_-3GTTfNyJIJEu32BZ9xiJ5tXwJ_t5n7nql4X_4PSptKnk9fwb8hA,BR1_3277240603,16.17,14.0,9.438,10.576,0
6.6973,0.4465,0.2232,0.2667,0.1925,1,0.0,0.2977,1.1162,7.2654,0.9514,0.346,0.4286,0.2028,4.0,0.0909,0.7784,1.8163,11.8323,0.696,0.2784,0.3333,0.3175,2.0,0.2,0.4176,1.2528,0,wKXmCpjtW3VsloKmmCFDDYkTS_-3GTTfNyJIJEu32BZ9xiJ5tXwJ_t5n7nql4X_4PSptKnk9fwb8hA,BR1_3276971494,16.17,13.438,11.562,7.184,1
8.0714,0.5714,0.2143,0.2727,0.2099,1,0.4,0.2143,0.7857,6.8182,0.5455,0.3636,0.5385,0.3099,1.0,0.0,0.6364,1.1818,6.3404,0.6854,0.4284,0.5,0.3673,4.0,0.1818,0.6854,1.3709,0,3lWloWUjaUmLwQUtvjeSEBayTBBWiSLCHwMDyVeeXnPxFDPA0b31fBSH1ZfYZFe1s64-prkngCJN5w,BR1_3276547685,16.17,14.0,11.0,11.671,1
7.8087,0.3062,0.1531,0.3333,0.2688,3,0.5,0.3062,0.9187,4.8586,0.4188,0.4188,0.5789,0.3947,2.0,0.1818,0.9215,1.5916,2.6328,0.4157,0.5543,0.7368,0.3332,1.0,0.0833,1.9399,2.6328,1,Zk-8bXgQBG83YTiOBo3aW3njPpi9llDimmUVJMBCfKbsyXCuhp_sCpUr2VuNEz7He-40uHmcWSmoBg,BR1_3277257497,16.17,13.062,11.938,7.217,1
4.2005,0.6223,0.2334,0.4545,0.2209,1,0.0,0.3889,0.8557,6.8345,0.9058,0.4117,0.6429,0.3477,1.0,0.0909,0.7411,1.1528,6.828,0.9344,0.2875,0.6667,0.2822,4.0,0.1429,1.15,1.725,0,dgkovtZ_9sbmwWVTfnjM6BaQ54fvCCrNoyjunWBF3_7G2fv8p-qvRB1gEDlzXPIs2nEsi-G7fS0v0g,BR1_3277436107,16.17,12.856,12.144,13.913,1
3.4983,0.2186,0.3644,0.2143,0.2056,2,0.25,0.2186,1.0203,4.421,0.0,0.6029,0.3529,0.2265,0.0,0.0833,0.6029,1.7081,5.5205,0.1052,0.368,0.375,0.1622,1.0,0.0,0.6309,1.6824,0,dgkovtZ_9sbmwWVTfnjM6BaQ54fvCCrNoyjunWBF3_7G2fv8p-qvRB1gEDlzXPIs2nEsi-G7fS0v0g,BR1_3277346239,16.17,13.721,9.953,19.02,0
7.5,0.5,0.0714,0.2,0.2026,1,0.0,0.2143,1.0714,7.4545,0.8182,0.2727,0.56,0.3148,5.0,0.1538,1.2727,2.2727,6.939,0.0,0.4956,0.2857,0.1867,0.0,0.0,0.9913,3.4695,0,dgkovtZ_9sbmwWVTfnjM6BaQ54fvCCrNoyjunWBF3_7G2fv8p-qvRB1gEDlzXPIs2nEsi-G7fS0v0g,BR1_3277329955,16.17,14.0,11.0,2.018,1
6.1319,0.3066,0.3066,0.1429,0.2008,1,0.0,0.1022,0.7154,5.2579,0.8544,0.5258,0.5294,0.2538,1.0,0.0,0.5915,1.1173,2.553,1.0212,0.5106,0.0,0.4669,0.0,0.0,0.0,0.0,1,dgkovtZ_9sbmwWVTfnjM6BaQ54fvCCrNoyjunWBF3_7G2fv8p-qvRB1gEDlzXPIs2nEsi-G7fS0v0g,BR1_3277251449,16.17,9.785,15.215,1.958,0
6.0735,0.7008,0.0779,0.2222,0.2896,1,0.0,0.1557,0.7008,6.0868,0.329,0.4113,0.3529,0.2236,1.0,0.0,0.4935,1.3983,6.6186,0.6525,0.3263,0.3235,0.235,0.0,0.1304,0.5127,1.5847,0,dgkovtZ_9sbmwWVTfnjM6BaQ54fvCCrNoyjunWBF3_7G2fv8p-qvRB1gEDlzXPIs2nEsi-G7fS0v0g,BR1_3277235942,16.17,12.843,12.157,21.455,1
6.4635,0.3232,0.1616,0.7273,0.242,1,0.0,0.6463,0.8887,3.2481,0.3961,0.3961,0.4,0.1951,1.0,0.25,0.3169,0.7922,6.7517,0.2446,0.1957,0.36,0.2103,5.0,0.0385,0.4403,1.2231,1,Wj-CpS8lvSEKPsg8mKW9f0vAv_8Tl49JJEwnegujMeqbU5NeARBDk9qRpOEyYqQOfNPAajs9BuM5og,BR1_3277406300,16.17,12.377,12.623,20.439,1
5.9673,0.3777,0.0755,0.3846,0.2028,2,0.25,0.3777,0.982,5.8467,0.3543,0.0886,0.4545,0.1844,0.0,0.0833,0.4429,0.9744,3.6282,0.123,0.492,0.625,0.1311,1.0,0.2381,0.6149,0.9839,0,Wj-CpS8lvSEKPsg8mKW9f0vAv_8Tl49JJEwnegujMeqbU5NeARBDk9qRpOEyYqQOfNPAajs9BuM5og,BR1_3277386497,16.17,13.239,11.288,16.262,1
5.0714,0.2857,0.0714,0.4737,0.1745,1,0.0,0.6429,1.3571,6.0909,0.1818,0.4545,0.7222,0.2843,3.0,0.1667,1.1818,1.6364,5.3916,0.1526,0.5086,0.4643,0.1343,3.0,0.1333,0.6612,1.4242,0,Wj-CpS8lvSEKPsg8mKW9f0vAv_8Tl49JJEwnegujMeqbU5NeARBDk9qRpOEyYqQOfNPAajs9BuM5og,BR1_3277355251,16.17,14.0,11.0,19.66,0
5.5714,0.2857,0.1429,0.5,0.1653,5,0.0,0.6429,1.2857,9.8699,0.4029,0.1007,0.5714,0.2988,0.0,0.2222,0.4029,0.705,8.3635,0.1521,0.4562,0.6,0.3755,1.0,0.25,0.4562,0.7603,0,-_l4l8liKJ7ustAzjRcW7dxUlF_IM8MBO_Jp-q7onNryRXoM9MX8Z67n37wJPDXPw4n1niShBjxG6A,BR1_3277179612,16.17,14.0,9.929,6.576,0
7.1429,0.2857,0.2143,0.5385,0.3626,2,0.25,0.5,0.9286,8.5455,0.2727,0.0909,0.5294,0.264,2.0,0.1111,0.8182,1.5455,7.8833,0.3032,0.1516,0.3,0.1475,1.0,0.1,0.9096,3.0321,0,-_l4l8liKJ7ustAzjRcW7dxUlF_IM8MBO_Jp-q7onNryRXoM9MX8Z67n37wJPDXPw4n1niShBjxG6A,BR1_3276859657,16.17,14.0,11.0,6.596,1
4.1679,0.3206,0.1603,0.3636,0.2157,0,0.0,0.3206,0.8817,5.4297,0.3194,0.0798,0.3125,0.1504,0.0,0.0,0.3992,1.2776,3.2422,0.5229,0.2092,0.5385,0.1218,1.0,0.32,0.3661,0.6798,0,eWP0Ine4aF1-tMFpqdBXtxJFDN7hupWO7GT1NZw2HJXu5LYGyF3dXbcU87gx-FMdThtvVGzm3eKxhg,BR1_3277300926,16.17,12.476,12.524,19.123,0
5.7814,0.2443,0.0814,0.125,0.1682,0,0.0,0.0814,0.6514,5.189,0.0786,0.3931,0.3571,0.2345,1.0,0.1818,0.3931,1.1007,3.9056,0.4687,0.1562,0.6,0.2592,0.0,0.0,0.9373,1.5622,0,BWDhOwNrea6wGQMlwM1OOSZUt0wpKUd1fheutEW8-rIiVsRna3ajFZG2k7bdLvOcViVrVYWhiI48Xw,BR1_3277225720,16.17,12.281,12.719,6.401,0
5.5541,0.3129,0.4694,0.25,0.2535,0,0.0,0.1565,0.6258,8.9223,0.4911,0.1637,0.125,0.0852,0.0,0.2,0.1637,1.3097,7.1207,0.8308,0.2374,0.2667,0.1336,0.0,0.25,0.4747,1.7802,0,jZ9xkhw10VZCFYi_XI8ZQJgyekVsjjV_OSCKwau6zFza3kJLk5rzVVN7aKxB627NMq6Y-DPBlR5rRQ,BR1_3277139538,16.17,12.783,12.217,8.426,1
6.7143,0.2857,0.0,0.3571,0.2233,0,0.0,0.3571,1.0,8.5455,0.4545,0.2727,0.625,0.3722,2.0,0.1,0.9091,1.4545,10.1691,0.3837,0.0,0.7273,0.3049,0.0,0.2222,1.535,2.1106,0,jZ9xkhw10VZCFYi_XI8ZQJgyekVsjjV_OSCKwau6zFza3kJLk5rzVVN7aKxB627NMq6Y-DPBlR5rRQ,BR1_3276173591,16.16,14.0,11.0,5.212,1
6.7242,0.4051,0.162,0.2,0.1696,1,0.25,0.243,1.2152,8.5331,0.3951,0.158,0.4762,0.2833,0.0,0.1667,0.7901,1.6592,4.5983,0.5933,0.2967,0.5385,0.3166,2.0,0.0,1.0383,1.9283,0,jZ9xkhw10VZCFYi_XI8ZQJgyekVsjjV_OSCKwau6zFza3kJLk5rzVVN7aKxB627NMq6Y-DPBlR5rRQ,BR1_3276156850,16.16,12.343,12.657,6.742,1
7.8256,0.2829,0.0,0.4167,0.2094,2,0.0,0.4714,1.1314,6.6679,0.3922,0.1961,0.4762,0.2086,3.0,0.1111,0.9806,2.0592,4.0906,0.3467,0.416,0.5455,0.2438,2.0,0.25,0.832,1.5253,1,fl9o1lq5M1tqx82Hr5dP9IvaCWxJU9wTl94-zJ1XMFsM3E_OAoxzkxIMIxx125ebNOH4HaJmvXZTWw,BR1_3277213765,16.17,10.606,10.198,14.423,1
9.1312,0.3682,0.0736,0.1667,0.1308,1,0.0,0.0736,0.4418,9.5445,0.4378,0.1751,0.6667,0.211,2.0,0.4444,0.3503,0.5254,6.4447,0.3392,0.3392,0.6364,0.2889,1.0,0.1667,0.7914,1.2437,0,fl9o1lq5M1tqx82Hr5dP9IvaCWxJU9wTl94-zJ1XMFsM3E_OAoxzkxIMIxx125ebNOH4HaJmvXZTWw,BR1_3277193857,16.17,13.58,11.42,8.845,0
5.6104,0.55,0.22,0.2222,0.2669,2,0.0,0.22,0.9901,,,,,,,,,,,,,,,,,,,1,0noPYdwgOI-LBRObUoDKMeYNxJ2CX2icd54k4y74yiJEX0GqFHTLT9vtZ4c2k1fe5mIgLHcVEgdPFg,BR1_3277435738,16.17,9.09,0.0,0.0,1
7.8571,1.5,0.0,0.5,0.2938,2,0.0,0.2857,0.5714,7.7273,1.7273,0.1818,0.3636,0.3085,3.0,0.0,0.3636,1.0,4.3649,1.4233,0.3796,0.75,0.234,0.0,0.1538,1.1387,1.5182,0,0noPYdwgOI-LBRObUoDKMeYNxJ2CX2icd54k4y74yiJEX0GqFHTLT9vtZ4c2k1fe5mIgLHcVEgdPFg,BR1_3277400433,16.17,14.0,11.0,10.539,0
5.5764,0.3768,0.3768,0.1667,0.204,0,0.2,0.0754,0.4521,5.6175,0.3121,0.5201,0.5,0.2286,0.0,0.3333,0.5201,1.0403,,,,,,,,,,0,0noPYdwgOI-LBRObUoDKMeYNxJ2CX2icd54k4y74yiJEX0GqFHTLT9vtZ4c2k1fe5mIgLHcVEgdPFg,BR1_3277367994,16.17,13.27,9.613,0.0,0
6.9515,0.4686,0.2343,0.4375,0.3568,5,0.0,0.5468,1.2497,8.5266,0.9019,0.3279,0.619,0.4595,6.0,0.1429,1.0658,1.7217,12.4122,0.0,0.2887,0.6667,0.5949,3.0,0.3333,1.7319,2.5979,1,2bQ1Eaym7WPoeWaT0o3o9dXxFaoCo1HF8JWqF9djmdrCITX0MHRwIB5v6Kzj5xdGwLsDW9dT16rZOw,BR1_3277420482,16.17,12.803,12.197,3.464,1
8.6378,0.09,0.0,0.6923,0.3781,7,0.0,0.8098,1.1697,10.6827,0.2257,0.3009,0.68,0.4728,10.0,0.1875,1.2789,1.8808,,,,,,,,,,1,2bQ1Eaym7WPoeWaT0o3o9dXxFaoCo1HF8JWqF9djmdrCITX0MHRwIB5v6Kzj5xdGwLsDW9dT16rZOw,BR1_3277367609,16.17,11.114,13.293,0.0,1
3.5714,0.2857,0.3571,0.1818,0.1811,1,0.0,0.1429,0.7857,5.8257,0.6595,0.5496,0.3889,0.1446,1.0,0.0625,0.7694,1.9786,,,,,,,,,,0,lbfJ-R1bB4H0DkaPY6LQQQGYhfopnhoqrWFBv2pKhr6A9teQW45sznvlQGAzmsU7zg_IgaiLSxhrZA,BR1_3277406543,16.17,14.0,9.098,0.0,1
7.3723,0.3579,0.0716,0.2727,0.272,1,0.0,0.2147,0.7873,8.3863,0.5083,0.0,0.6364,0.2285,2.0,0.1667,0.8895,1.3977,5.2879,0.4175,0.1392,0.7273,0.273,0.0,0.25,1.1132,1.5307,1,E_AziFt0fu40dn8qrFTqEN7xdT1p9n1gz75ed1VlsfXpMv32ATUfaeRe0fe7XmIUcI3WapmNBjzQcg,BR1_3276830145,16.17,13.971,7.87,7.186,1
7.0714,0.4286,0.2857,0.3333,0.2744,2,0.0,0.2143,0.6429,7.7273,0.4545,0.1818,0.5455,0.3036,1.0,0.2,0.5455,1.0,4.3158,0.3597,0.5395,0.1667,0.2124,1.0,0.5,0.1798,1.079,0,E_AziFt0fu40dn8qrFTqEN7xdT1p9n1gz75ed1VlsfXpMv32ATUfaeRe0fe7XmIUcI3WapmNBjzQcg,BR1_3275127553,16.16,14.0,11.0,5.561,0
7.0037,0.2259,0.0753,0.1176,0.2557,2,0.0,0.1506,1.2802,7.2863,0.3689,0.0922,0.3684,0.2367,3.0,0.1111,0.6456,1.7524,6.066,0.4986,0.3324,0.4286,0.2065,1.0,0.0667,0.4986,1.1633,1,E_AziFt0fu40dn8qrFTqEN7xdT1p9n1gz75ed1VlsfXpMv32ATUfaeRe0fe7XmIUcI3WapmNBjzQcg,BR1_3275105736,16.16,13.279,10.842,12.034,0
6.2857,0.5,0.3571,0.4167,0.2819,1,0.0,0.3571,0.8571,7.6364,0.3636,0.2727,0.4091,0.1721,2.0,0.1667,0.8182,2.0,4.2423,0.3788,0.1894,0.4,0.2634,1.0,0.3,0.5303,1.3257,0,E_AziFt0fu40dn8qrFTqEN7xdT1p9n1gz75ed1VlsfXpMv32ATUfaeRe0fe7XmIUcI3WapmNBjzQcg,BR1_3274702474,16.16,14.0,11.0,26.401,1
6.257,0.298,0.298,0.4286,0.2407,0,0.0,0.4469,1.0428,3.895,0.4582,0.4582,0.375,0.2009,1.0,0.1,0.3437,0.9165,1.7721,0.2363,0.7088,0.625,0.3142,1.0,0.0,0.5907,0.9451,0,M2vHCmPhYJK-zXrPvWA5qwr55HkZgZ_wiHpUUufjsXLuBaTPbx4rIgUl65Bz4v05kuEAIceBzk9Hqg,BR1_3277233429,16.17,13.425,8.729,8.465,0
5.8872,0.3019,0.151,0.4667,0.3063,4,0.0,0.5283,1.1322,11.0924,0.472,0.0,0.875,0.4558,3.0,0.5,1.6521,1.8881,,,,,,,,,,0,Pof4iLQD7ltZZtbtjkW40Ymhpv2GbrRsyV48MKtkOlRfwzvxZPRFZLTQn3O43yHBVUMD09phVjsw9A,BR1_3277382491,16.17,13.249,4.237,0.0,1
6.2672,0.1628,0.2442,0.3846,0.2342,5,0.0,0.407,1.0581,5.2699,0.3146,0.4719,0.2222,0.2154,2.0,0.1818,0.3146,1.4158,4.1235,0.3172,0.3965,0.2778,0.1744,2.0,0.0,0.3965,1.4274,0,Pof4iLQD7ltZZtbtjkW40Ymhpv2GbrRsyV48MKtkOlRfwzvxZPRFZLTQn3O43yHBVUMD09phVjsw9A,BR1_3277159795,16.17,12.286,12.714,12.611,0
4.7143,0.4286,0.1429,0.4,0.2768,3,0.0,0.4286,1.0714,7.7273,0.0909,0.0,0.6364,0.2485,1.0,0.0909,1.2727,2.0,6.24,0.0,0.0,0.6667,0.2312,0.0,0.1429,0.8914,1.3371,1,h6XQaWZCWe2meRuMyaSJo-2dTGcXPdMGcN_qhp8yN6alb8Xvdx6rqJyw9XE5FExVBt-mphgvFBR4DQ,BR1_3276616261,16.17,14.0,11.0,4.487,1
5.8001,0.3093,0.464,0.5,0.2326,0,0.0,0.1547,0.3093,5.8827,0.1657,0.2486,0.375,0.1629,0.0,0.0,0.2486,0.6628,2.3044,0.0,0.7681,0.0,0.194,0.0,0.0,0.0,0.3841,0,h6XQaWZCWe2meRuMyaSJo-2dTGcXPdMGcN_qhp8yN6alb8Xvdx6rqJyw9XE5FExVBt-mphgvFBR4DQ,BR1_3275953501,16.16,12.931,12.069,2.604,0
6.2857,0.2857,0.0714,0.4211,0.2921,3,0.0,0.5714,1.3571,6.7113,0.2314,0.0,0.45,0.1924,1.0,0.1,1.0414,2.3142,2.9659,0.0,0.0,0.8,0.3981,0.0,0.0,3.9545,4.9432,0,h6XQaWZCWe2meRuMyaSJo-2dTGcXPdMGcN_qhp8yN6alb8Xvdx6rqJyw9XE5FExVBt-mphgvFBR4DQ,BR1_3275946469,16.16,14.0,8.642,1.012,1
5.6205,0.1703,0.1703,0.1429,0.229,1,0.0,0.0852,0.5961,4.0992,0.488,0.6832,0.2222,0.2485,1.0,0.0769,0.1952,0.8784,1.976,0.0,0.988,0.0,0.1918,0.0,0.0,0.0,0.3293,0,LY2TBB3I4AppVxBHjlzm0m7ODgz_c5mbUfoN_ldR4z95qUkxUc-2JwiqkBT9-ZkBUZ4ThAizOgRprw,BR1_3276253739,16.17,11.743,10.246,3.036,0
5.2143,0.4286,0.2143,0.4118,0.2623,0,0.0,0.5,1.2143,5.4545,0.6364,0.2727,0.25,0.1538,2.0,0.0,0.4545,1.8182,4.6985,0.2043,0.6128,0.3077,0.1942,1.0,0.2857,0.8171,2.6557,0,8mIMYmvRffijhKCh8LsKSUZKbAhoZrm4nIoGnU46oXCRpS-mWkzG6v6vl314KZCMM0TtLjBXVEtnEA,BR1_3277142845,16.17,14.0,11.0,4.895,1
5.3122,0.3427,0.0,0.0,0.1366,0,0.0,0.0,1.0282,3.4591,0.2594,0.3459,0.3333,0.2014,3.0,0.25,0.6918,2.0755,6.1191,0.1974,0.0,0.3077,0.1372,1.0,0.3,0.7896,2.5661,0,RnilOGq6TXjx8Kq-OanVoocuIyzcygs4RFLejIBARTmIdJgTYzXtisJxylUL8hgNJgUfK9oYKhiTlw,BR1_3276686785,16.17,11.671,11.564,5.066,1
4.7143,0.2857,0.0714,0.6,0.3158,4,0.0,0.6429,1.0714,6.0,0.3636,0.3636,0.3333,0.1804,1.0,0.2727,0.6364,1.9091,3.2259,0.2933,0.2933,0.2727,0.1457,0.0,0.1538,0.4399,1.613,0,EWRTcQX07mmzhYfT0XXuoSkU79ZPqqg3UwyZc29hjV1JwrIhgSAiBkRCa32fcXrowa50DXgpl2ietg,BR1_3277337063,16.17,14.0,11.0,13.639,0
6.2622,0.0921,0.1842,0.1875,0.1407,2,0.0,0.2763,1.4735,5.6364,0.4777,0.1911,0.32,0.1797,2.0,0.1111,0.7643,2.3883,3.9652,0.3605,0.3605,0.4545,0.1646,0.0,0.375,1.8024,3.9652,0,EWRTcQX07mmzhYfT0XXuoSkU79ZPqqg3UwyZc29hjV1JwrIhgSAiBkRCa32fcXrowa50DXgpl2ietg,BR1_3277325570,16.17,10.859,10.468,2.774,1
7.9861,0.3132,0.1566,0.1429,0.1033,0,0.0,0.1566,1.0961,6.0693,0.562,0.2248,0.1818,0.0965,1.0,0.0,0.2248,1.2363,4.4227,0.5707,0.0,0.5,0.1126,0.0,0.1,0.856,1.712,0,EWRTcQX07mmzhYfT0XXuoSkU79ZPqqg3UwyZc29hjV1JwrIhgSAiBkRCa32fcXrowa50DXgpl2ietg,BR1_3277289826,16.17,12.772,8.897,7.009,1
5.8571,0.2143,0.1429,0.3571,0.248,2,0.0,0.3571,1.0,4.0,0.6364,0.3636,0.2222,0.1111,0.0,0.1,0.3636,1.6364,4.6488,0.2324,0.4649,0.3571,0.1229,1.0,0.1111,1.1622,3.2542,0,EWRTcQX07mmzhYfT0XXuoSkU79ZPqqg3UwyZc29hjV1JwrIhgSAiBkRCa32fcXrowa50DXgpl2ietg,BR1_3276753641,16.17,14.0,11.0,4.302,1
5.5789,0.2325,0.155,0.8,0.4268,4,0.0,0.6199,0.7748,7.6069,0.9922,0.0827,0.5833,0.4111,2.0,0.1,0.5788,0.9922,5.9083,0.7264,0.1453,0.5217,0.2083,2.0,0.1739,0.5811,1.1139,1,aweoPgKYOXJN3eYPA4ixy-QshYdX975T9_4sbPxv6DivSGsCqJoUMHN8KY8ZnkXW2rK9Wqel8uNXog,BR1_3277424828,16.17,12.906,12.094,20.649,1
5.0854,0.4238,0.0,0.4545,0.2668,1,0.0,0.4238,0.9323,6.4715,0.6471,0.2773,0.4615,0.3193,3.0,0.1111,0.5547,1.2018,4.5742,0.5544,0.4158,0.7778,0.3714,1.0,0.0,0.9703,1.2475,1,aweoPgKYOXJN3eYPA4ixy-QshYdX975T9_4sbPxv6DivSGsCqJoUMHN8KY8ZnkXW2rK9Wqel8uNXog,BR1_3277389166,16.17,11.798,10.817,7.214,0
5.6569,0.4041,0.1616,0.3889,0.1669,0,0.25,0.5657,1.4546,7.2854,0.335,0.1675,0.4286,0.2332,2.0,0.1111,1.0049,2.3447,,,,,,,,,,0,nLTwB26Bk0m2kd97Ig_LLEx6WWxV-0NNl78dL-vQ7enmwDNAm39EG25yKdiAyXMIUfVm6A9z2DHYMw,BR1_3277277643,16.17,12.374,11.942,0.0,1
5.957,0.3095,0.0774,0.6,0.2534,2,0.0,0.4642,0.7736,5.135,0.2485,0.4969,0.5,0.3225,1.0,0.0,0.6626,1.3252,13.0889,0.0,0.4222,0.0,0.3594,0.0,0.0,0.0,0.0,1,5OrfH_zS9Wx2qxo6oWHc43W2TXtQ-fNI6rl9EDBj0e46l6Zw-mdtsFZgaW0KDliLHFmC281rt-dlCw,BR1_3276369418,16.17,12.926,12.074,2.368,0
7.4766,0.2549,0.0,0.3,0.2869,3,0.0,0.2549,0.8496,8.6168,0.3023,0.3023,0.4167,0.3186,3.0,0.3077,0.3779,0.907,8.187,0.132,0.2641,0.8889,0.2621,1.0,0.4,1.0564,1.1884,0,GWajqvQCzaoMd4wOLdKHi2nSan0sLudTqp1uFKCxqxI929qLeokzp8UBhrz28mPbqBR3WB7wggXJfA,BR1_3277444595,16.17,11.77,13.23,7.573,0
6.3692,0.2617,0.4362,0.25,0.3089,1,0.25,0.1745,0.698,5.8352,0.2955,0.517,0.3889,0.1802,2.0,0.1818,0.517,1.3295,7.8845,0.4505,0.2253,0.2,0.1915,0.0,0.125,0.2253,1.1264,1,GWajqvQCzaoMd4wOLdKHi2nSan0sLudTqp1uFKCxqxI929qLeokzp8UBhrz28mPbqBR3WB7wggXJfA,BR1_3277427875,16.17,11.461,13.539,4.439,0
5.526,0.3028,0.2271,0.3571,0.2276,1,0.0,0.3785,1.0598,8.1427,0.5089,0.2545,0.3846,0.1555,1.0,0.1818,0.4241,1.1027,6.9118,0.3456,0.432,0.5,0.1756,2.0,0.0,0.7776,1.5551,1,GWajqvQCzaoMd4wOLdKHi2nSan0sLudTqp1uFKCxqxI929qLeokzp8UBhrz28mPbqBR3WB7wggXJfA,BR1_3277413262,16.17,13.21,11.79,11.574,0
6.1751,0.3037,0.1012,0.7,0.3608,1,0.0,0.7086,1.0123,9.6759,0.5005,0.3337,0.2222,0.2602,1.0,0.4,0.3337,1.5014,,,,,,,,,,1,GWajqvQCzaoMd4wOLdKHi2nSan0sLudTqp1uFKCxqxI929qLeokzp8UBhrz28mPbqBR3WB7wggXJfA,BR1_3277400446,16.17,9.878,5.994,0.0,1
7.3859,0.277,0.0923,0.4286,0.3088,4,0.0,0.5539,1.2925,6.4889,0.1564,0.3909,0.4211,0.3044,2.0,0.0909,0.6254,1.4854,2.3005,0.3834,0.3834,0.5,0.3472,2.0,0.0,1.1502,2.3005,1,GWajqvQCzaoMd4wOLdKHi2nSan0sLudTqp1uFKCxqxI929qLeokzp8UBhrz28mPbqBR3WB7wggXJfA,BR1_3277382149,16.17,10.832,12.791,5.216,1
5.1319,0.2444,0.3258,0.125,0.2247,0,0.5,0.0815,0.6517,6.2089,0.4716,0.3144,0.5,0.2766,0.0,0.2857,0.7859,1.5719,6.2337,0.2309,0.2886,0.5455,0.2738,5.0,0.1875,1.0389,1.9047,0,5kk7zpTadlisQRaN3IMKBhmpU6UkAPouUAS0c-eW3nKUPV3HA3QXjYeGwtqvBmus6HeUu_YtHv6OGg,BR1_3277276357,16.17,12.276,12.724,17.325,0
7.6872,2.771,0.0894,0.2308,0.2506,2,0.0,0.2682,1.162,6.009,3.6199,0.4344,0.5,0.3103,1.0,0.1538,0.6516,1.3032,7.1162,5.5349,0.0,0.3846,0.2118,0.0,0.3,1.3178,3.4263,0,UjtuoaMbOWih1uDKqUxMQWSd1CDT5qRc7hyC8aymKZzFlUxCbLt49XsCZ88-cJU7w65ajhxxSVxDYQ,BR1_3277390525,16.17,11.187,13.813,3.794,1
7.3508,3.0003,0.075,0.5,0.2441,2,0.0,0.225,0.45,7.9705,4.1138,0.5142,0.625,0.4859,0.0,0.2,0.4285,0.6856,0.0,0.0,0.0,0.0,0.4747,0.0,0.0,0.0,0.0,0,UjtuoaMbOWih1uDKqUxMQWSd1CDT5qRc7hyC8aymKZzFlUxCbLt49XsCZ88-cJU7w65ajhxxSVxDYQ,BR1_3277374926,16.17,13.332,11.668,0.648,0
6.5,3.5,0.0714,0.6923,0.308,0,0.2,0.6429,0.9286,5.9091,4.8182,0.2727,0.75,0.4315,0.0,0.0,1.0909,1.4545,9.3601,6.2401,0.0,1.0,0.593,0.0,0.4,3.12,3.12,0,UjtuoaMbOWih1uDKqUxMQWSd1CDT5qRc7hyC8aymKZzFlUxCbLt49XsCZ88-cJU7w65ajhxxSVxDYQ,BR1_3277360663,16.17,14.0,11.0,1.603,1
5.3571,0.4286,0.1429,0.3571,0.2464,1,0.0,0.3571,1.0,5.7273,0.3636,0.1818,0.4545,0.1809,1.0,0.0909,0.9091,2.0,5.6675,0.0,0.25,0.5909,0.2075,1.0,0.1875,1.0835,1.8336,0,s9DwG2JlyfrBgGyy-a0zoGXnkQtmv9mdVw_N4t1dhLG175_FQQ7pyj9ihaOjxlRijUYZuUGvm-dN4Q,BR1_3276552362,16.17,14.0,11.0,11.998,1
6.0714,1.7857,0.0714,0.4706,0.2872,3,0.2,0.5714,1.2143,5.5594,2.4709,0.2059,0.6471,0.2953,1.0,0.1429,1.1325,1.7502,1.4954,2.3329,0.2393,0.4762,0.3592,3.0,0.15,0.5982,1.2562,1,1bUVpJuPJxPuZNHrwZyoM2MD-yr0JhwDlD8ozKkg__PjzDy64OsjzMKTiutVB7SrwjswX2qUQbzrEg,BR1_3277431266,16.17,14.0,9.713,16.718,0
5.7483,0.8561,0.0,0.3333,0.1778,1,,0.4892,1.4676,,,,,,,,,,,,,,,,,,,0,1bUVpJuPJxPuZNHrwZyoM2MD-yr0JhwDlD8ozKkg__PjzDy64OsjzMKTiutVB7SrwjswX2qUQbzrEg,BR1_3277195812,16.17,8.176,0.0,0.0,1
5.0697,0.4345,0.2173,0.4762,0.2257,2,0.25,0.7242,1.5209,6.9709,0.382,0.191,0.35,0.2568,1.0,0.2727,0.6684,1.9098,3.3301,0.0,0.555,0.25,0.2027,0.0,0.1,0.74,2.9601,0,wXm7PP0G6SWQJaoEuto9A_pYs5jrRIrv6oAL_XVKjJGbkxuSaypEr-pnjtSoxPQP9BT7UMbh_c0GoA,BR1_3277201774,16.17,13.807,10.472,5.405,1
4.5667,0.3149,0.2362,0.4545,0.2816,2,0.0,0.3937,0.8661,6.6258,0.2137,0.2137,0.4667,0.201,1.0,0.0909,0.7481,1.603,3.0821,0.272,0.3626,0.4375,0.1934,1.0,0.2308,0.6346,1.4504,0,AenicgW9v9RlAijBpXXPjGqO6O7ghK7QaIQuwfMM4tiHHpSi7NntQ4uos09pUhXwYRHy6z1L9yZUXA,BR1_3277251069,16.17,12.701,9.357,11.031,1
5.4729,0.2606,0.3475,0.5,0.3476,4,0.0,0.6081,1.2162,6.4785,0.3738,0.2492,0.4615,0.2679,2.0,0.1429,0.7475,1.6196,,,,,,,,,,0,FUz_GXgjj1oKJDfIrEm-fSDxJB0ZyeZF3jY3e5vqB0c9Dg71MkyMakmAY1-xoHQvxPpK-kH23gjl_A,BR1_3277449000,16.17,11.511,8.027,0.0,1
6.2653,0.51,0.2186,0.2857,0.235,2,0.0,0.2914,1.0199,9.2272,0.6364,0.2121,0.0,0.1643,0.0,0.0,0.0,0.2121,,,,,,,,,,1,FUz_GXgjj1oKJDfIrEm-fSDxJB0ZyeZF3jY3e5vqB0c9Dg71MkyMakmAY1-xoHQvxPpK-kH23gjl_A,BR1_3277401304,16.17,13.726,9.429,0.0,0
6.5,0.3571,0.1429,0.4,0.3057,1,0.0,0.4286,1.0714,6.3636,0.6364,0.2727,0.4545,0.2527,0.0,0.1818,0.4545,1.0,6.4,0.9071,0.3024,0.3636,0.1598,0.0,0.15,0.6047,1.663,0,xBhcJJg4B27xH3UI19BTt5Cc5NNGrTHXX27_Zgb_nx24MjsHiV5T5KrgjLUzJvU5vUgTH8IrA9x7WQ,BR1_3277186130,16.17,14.0,11.0,19.844,1
3.7352,0.3396,0.2547,0.2222,0.242,2,0.0,0.1698,0.764,8.0938,0.3782,0.0756,0.45,0.191,1.0,0.2727,0.6808,1.5129,6.0809,0.4001,0.16,0.5714,0.1365,1.0,0.2,0.6401,1.1202,0,q4Up7cEUlB77m_DdCamcgiajPpPPz3DKuuifuuLLRjxNAeu99ORFHiQUeF2xsY2R1aUW2I-hv_LR-g,BR1_3277230008,16.17,11.78,13.22,12.498,0
8.2846,0.2301,0.1534,0.3,0.1947,1,0.0,0.2301,0.7671,6.3524,0.2575,0.0858,0.6087,0.3709,2.0,0.1875,1.2018,1.9744,,,,,,,,,,0,q4Up7cEUlB77m_DdCamcgiajPpPPz3DKuuifuuLLRjxNAeu99ORFHiQUeF2xsY2R1aUW2I-hv_LR-g,BR1_3277194549,16.17,13.036,11.649,0.0,1
6.125,0.3101,0.0775,0.3333,0.1497,1,0.0,0.1551,0.4652,5.7841,0.3305,0.3305,0.3846,0.2359,2.0,0.1818,0.4132,1.0742,8.2765,0.5067,0.2534,0.2778,0.1231,2.0,0.1538,0.4223,1.5202,0,q4Up7cEUlB77m_DdCamcgiajPpPPz3DKuuifuuLLRjxNAeu99ORFHiQUeF2xsY2R1aUW2I-hv_LR-g,BR1_3277104901,16.17,12.898,12.102,11.841,0
6.2528,0.2875,0.0,0.2222,0.1307,1,0.25,0.2875,1.2937,10.3733,0.451,0.1804,0.6667,0.3578,3.0,0.0,0.5412,0.8118,6.3117,0.214,0.3209,0.4737,0.3203,5.0,0.2222,0.9628,2.0326,0,q4Up7cEUlB77m_DdCamcgiajPpPPz3DKuuifuuLLRjxNAeu99ORFHiQUeF2xsY2R1aUW2I-hv_LR-g,BR1_3277089529,16.17,13.914,11.086,9.348,1
5.5714,0.4286,0.0714,0.5556,0.3406,4,0.0,0.7143,1.2857,6.8633,0.286,0.0953,0.6667,0.3296,3.0,0.2727,1.3345,2.0018,4.0519,0.0,0.0,0.5,0.3247,0.0,0.2857,1.2156,2.4312,0,aQzohlFUxTfU-5m3J17QP5ISIdJkm-erTN7_KhkJlfNrl8AWOLlVIlQ2u7lGXbYQGA4Ez35mzKXySQ,BR1_3276974241,16.17,14.0,10.491,2.468,1
9.5564,0.3572,0.0893,0.0833,0.2184,1,0.0,0.0893,1.0717,7.5344,0.5071,0.3622,0.619,0.2863,5.0,0.2143,0.9418,1.5214,12.7815,0.2905,0.0,0.6667,0.4089,1.0,0.2857,2.3239,3.4859,0,-fjWgjWd46H31Vw6GOI_sbG_IKiuO5cjqAMwv5w1O0j9LQchZPYcSIe22MF54kUbYWObQ0UfyxnCkg,BR1_3277253409,16.17,11.197,13.803,3.442,1
6.7143,0.2143,0.2143,0.2727,0.2707,0,0.0,0.2143,0.7857,4.9091,0.3636,0.2727,0.5,0.1793,0.0,0.0909,0.7273,1.4545,2.0168,0.363,0.2017,0.6154,0.2159,0.0,0.0,0.968,1.5731,1,-fjWgjWd46H31Vw6GOI_sbG_IKiuO5cjqAMwv5w1O0j9LQchZPYcSIe22MF54kUbYWObQ0UfyxnCkg,BR1_3277225600,16.17,14.0,11.0,24.792,1
5.9874,0.0758,0.1516,0.3571,0.2292,2,0.0,0.3789,1.0611,5.1671,0.5929,0.4235,0.5714,0.3119,1.0,0.0833,0.6776,1.1859,4.1809,0.5309,0.3318,0.65,0.324,0.0,0.1429,0.8627,1.3273,1,p_J1bnAFFXvr4l6aAdREk2pn1yT356cJkr15Zg3FYY9dF6Co0jO-DQcbJRRi3187aa09VGm2N9pSVA,BR1_3277420653,16.17,13.194,11.806,15.068,0
5.2658,0.4051,0.0,0.5,0.3245,1,0.25,0.4051,0.8101,4.1086,0.5603,0.0934,0.6667,0.383,2.0,0.1111,0.5603,0.8404,4.3564,0.9396,0.1708,0.6875,0.2741,1.0,0.1818,0.9396,1.3667,0,vG22Pjtk2dovRLRUr0JOrJzHiQZ8U4J3Ks2A2fvWpVRfVYzzm_8T9MGyDRpCA1l1UqcZyHBZW3JNWQ,BR1_3277450184,16.17,12.344,10.709,11.707,1
3.9132,0.3478,0.3478,0.4,0.2481,1,0.25,0.1739,0.4348,6.5229,0.6255,0.2681,0.75,0.3083,1.0,0.3333,0.8042,1.0723,5.0809,1.4312,0.0716,0.4828,0.2608,3.0,0.2941,1.0019,2.0753,1,vG22Pjtk2dovRLRUr0JOrJzHiQZ8U4J3Ks2A2fvWpVRfVYzzm_8T9MGyDRpCA1l1UqcZyHBZW3JNWQ,BR1_3274766481,16.16,11.499,11.191,13.974,1
6.7857,0.2143,0.2857,0.5,0.2162,0,0.2,0.5,1.0,5.6364,0.4545,0.3636,0.2609,0.1207,2.0,0.0909,0.5455,2.0909,18.9135,0.0,1.2609,1.0,0.1386,0.0,0.4,5.0436,5.0436,0,pVpaWwYL4845YXPdWsmZhEBPZfAkSOyHCod-dGpk1JmB3qwtSN_qRx86OdwVVVE_aOnJDzaupMzuxQ,BR1_3277440415,16.17,14.0,11.0,0.793,1
5.5195,0.3397,0.1698,0.3333,0.2207,0,0.0,0.1698,0.5095,7.3826,0.2637,0.3516,0.6667,0.2524,0.0,0.0,0.3516,0.5273,8.0527,0.0,0.8053,0.0,0.1161,0.0,0.0,0.0,0.8053,0,pVpaWwYL4845YXPdWsmZhEBPZfAkSOyHCod-dGpk1JmB3qwtSN_qRx86OdwVVVE_aOnJDzaupMzuxQ,BR1_3277337096,16.17,11.776,11.378,1.242,0
8.6869,0.2606,0.0869,0.5,0.169,0,0.0,0.1737,0.3475,7.4947,0.8949,0.3356,0.25,0.2025,0.0,0.1429,0.2237,0.8949,7.3403,1.001,0.6673,0.0,0.241,0.0,0.0,0.0,1.001,0,UuWfcoPgdSCBpjSYsXfl3I5pTOgf_wmHNusmb7b69Pn3tM3lNvv6cDxje16tWqx-b7oYAUVOtAFbGA,BR1_3276457612,16.17,11.512,8.94,2.997,0
6.7999,0.0,0.2194,0.0833,0.0448,0,0.0,0.0731,0.8774,8.1347,0.2428,0.4857,0.1667,0.185,0.0,0.0,0.1214,0.7285,,,,,,,,,,0,UuWfcoPgdSCBpjSYsXfl3I5pTOgf_wmHNusmb7b69Pn3tM3lNvv6cDxje16tWqx-b7oYAUVOtAFbGA,BR1_3275310242,16.16,13.677,8.236,0.0,0
5.7518,0.3784,0.3784,0.1429,0.1736,2,0.0,0.1514,1.0595,7.9751,0.7636,0.1697,0.3571,0.2086,1.0,0.0909,0.4242,1.1878,7.5597,0.8723,0.2908,0.3103,0.2068,3.0,0.1875,0.6542,2.108,0,k6PXs9zJPEwkz5ph5jyyufQ7vm11v5cwCsTXWVcUsIVGZKD2OSrpch4pLN90n9J1X9TEbvLdo2OKZw,BR1_3277110005,16.17,13.213,11.787,13.757,1
6.264,0.3915,0.1566,0.1429,0.2313,1,0.0,0.0783,0.5481,4.6612,0.3271,0.4089,0.6364,0.3476,0.0,0.1111,0.5724,0.8995,4.2463,0.3266,0.4355,0.25,0.1469,0.0,0.3077,0.1089,0.4355,0,MjQuC-AarvKH4sUrTOvetr33velY6mxSnOoC1Gu3sgVgBhacRhz7UV-4vZtuNJmTQMb9PFhN6KOshw,BR1_3277421481,16.17,12.771,12.229,9.184,0
5.1429,0.3571,0.2857,0.3333,0.245,3,0.0,0.3571,1.0714,5.1818,0.4545,0.0909,0.4545,0.2499,2.0,0.1,0.4545,1.0,2.6168,0.2908,0.2908,0.75,0.3406,0.0,0.5714,1.7445,2.3261,0,MjQuC-AarvKH4sUrTOvetr33velY6mxSnOoC1Gu3sgVgBhacRhz7UV-4vZtuNJmTQMb9PFhN6KOshw,BR1_3277403945,16.17,14.0,11.0,3.439,1
6.2702,0.5225,0.0871,0.2143,0.1002,0,0.0,0.2613,1.2192,4.1429,0.4439,0.2959,0.4667,0.2249,2.0,0.3,0.5179,1.1097,4.3674,0.4044,0.4044,0.3,0.1531,0.0,0.2,0.2426,0.8088,0,MjQuC-AarvKH4sUrTOvetr33velY6mxSnOoC1Gu3sgVgBhacRhz7UV-4vZtuNJmTQMb9PFhN6KOshw,BR1_3277389064,16.17,11.483,13.517,12.364,0
6.3571,0.5714,0.1429,0.1538,0.2436,2,0.5,0.1429,0.9286,8.0,0.4545,0.0909,0.0667,0.1057,0.0,0.0,0.0909,1.3636,3.694,0.4523,0.3769,0.4211,0.0983,1.0,0.2353,0.6031,1.4324,0,cdvkSY4yHDPvpAbirW-5bZskMSHJpBbWwaqdNF59jJngDrsfoNwVVdW-Gmf8kbt_rESgDz4G3DI4_A,BR1_3276836290,16.17,14.0,11.0,13.265,1
5.4286,0.4286,0.0714,0.4444,0.1765,0,0.4,0.2857,0.6429,5.4545,0.5455,0.3636,0.1333,0.1186,1.0,0.2,0.1818,1.3636,6.1738,0.1123,0.2245,0.25,0.0836,0.0,0.3333,0.449,1.796,0,Y3Tm0OAW89SJA-SJ3UG0dne2t-lpm55zJ6B33yOv2JgXnZI6dC3FoDzDyqOgn-NJ98pLd6YQroJ8SQ,BR1_3277275739,16.17,14.0,11.0,8.909,1
6.3571,0.2143,0.1429,0.1667,0.2315,1,0.0,0.0714,0.4286,7.0,0.4545,0.2727,0.5333,0.2602,0.0,0.0909,0.7273,1.3636,3.9433,0.1939,0.3879,0.4167,0.2151,1.0,0.1,0.6464,1.5515,0,IQcZGiziFx4a0vajBP-Xk4XkwIm22MOvvv1WgINaPhE0CoBkCv5BFcibi1sG4JwoFAsDrqWmx96Img,BR1_3277307595,16.17,14.0,11.0,15.469,0
6.5582,0.3279,0.164,0.6667,0.3351,2,0.0,0.164,0.2459,5.1556,0.3125,0.3125,0.4444,0.2901,0.0,0.0833,0.3125,0.703,5.3588,1.3397,0.6699,0.0,0.1147,0.0,0.0,0.0,0.0,0,IQcZGiziFx4a0vajBP-Xk4XkwIm22MOvvv1WgINaPhE0CoBkCv5BFcibi1sG4JwoFAsDrqWmx96Img,BR1_3277295823,16.17,12.198,12.802,1.493,0
6.3938,1.4462,0.0,0.7143,0.2789,1,0.0,0.3806,0.5328,5.4795,2.4447,0.2529,0.3529,0.2249,2.0,0.0667,0.5058,1.4331,6.0333,1.7706,0.1312,0.1905,0.2135,1.0,0.1,0.2623,1.3772,0,B_iIoIMNhF4EjMoWqE90-bl3m_tZYkxfk22hvxOr7YiSibBPHHUcwhT3e7WoXFLTGLXO_p6i60qAzA,BR1_3277169704,16.17,13.138,11.862,15.249,1
7.3404,0.4476,0.0,0.75,0.5203,6,0.0,0.8057,1.0742,8.1016,0.7079,0.3146,0.5833,0.4034,5.0,0.1538,0.5506,0.9439,7.955,1.0848,0.7232,1.0,0.4185,0.0,0.0,0.3616,0.3616,0,-oBMB1c4FOkU5n_tajq-z77yAuDjpct_t0Kx7Rz2rXbS0ZOO-sr-znLww8BvSzInMDSCUt1UOW47-Q,BR1_3277311280,16.17,11.171,12.714,2.766,0
7.6098,0.2927,0.0732,0.75,0.3447,6,0.6,0.6585,0.8781,7.4117,0.4412,0.1765,0.45,0.3775,6.0,0.25,0.7941,1.7647,12.0054,0.3118,0.0,0.5455,0.4915,4.0,0.1818,0.9355,1.7151,0,-oBMB1c4FOkU5n_tajq-z77yAuDjpct_t0Kx7Rz2rXbS0ZOO-sr-znLww8BvSzInMDSCUt1UOW47-Q,BR1_3277104046,16.17,13.666,11.334,6.414,1
6.7857,0.5,0.1429,0.3,0.2797,2,0.5,0.2143,0.7143,9.4592,0.5197,0.2079,0.6471,0.38,2.0,0.0,1.1434,1.7671,4.5404,0.4128,0.2752,0.1,0.1719,0.0,0.0,0.1376,1.3759,0,-oBMB1c4FOkU5n_tajq-z77yAuDjpct_t0Kx7Rz2rXbS0ZOO-sr-znLww8BvSzInMDSCUt1UOW47-Q,BR1_3276949275,16.17,14.0,9.62,7.268,1
6.2299,0.0,0.0751,0.0833,0.183,0,0.0,0.0751,0.9007,5.2055,0.4338,0.1084,0.4706,0.1763,1.0,0.0833,0.8676,1.8436,4.2791,0.2445,0.489,0.3333,0.1826,1.0,0.0,0.7336,2.2007,0,TfhxMptT0J4-y-GeNa44n4MBIAua2TEHAKKNxZnAC4Z77zoUy12nCn7xycWgvasRL6MIGj9JjrgHTg,BR1_3277231099,16.17,13.323,9.221,8.179,1
8.4429,0.0782,0.0782,0.6667,0.298,3,0.0,0.3127,0.4691,6.7987,0.0819,0.1638,0.6,0.3663,1.0,0.2,0.7372,1.2287,4.6592,0.2841,0.1705,0.5238,0.2384,0.0,0.125,0.625,1.1932,0,TfhxMptT0J4-y-GeNa44n4MBIAua2TEHAKKNxZnAC4Z77zoUy12nCn7xycWgvasRL6MIGj9JjrgHTg,BR1_3275851432,16.16,12.792,12.208,17.6,0
6.4508,0.0,0.1676,0.0,0.1151,0,0.0,0.0,0.8378,8.2085,0.0,0.0912,0.2222,0.1229,0.0,0.1,0.3648,1.6417,,,,,,,,,,0,TfhxMptT0J4-y-GeNa44n4MBIAua2TEHAKKNxZnAC4Z77zoUy12nCn7xycWgvasRL6MIGj9JjrgHTg,BR1_3275812450,16.16,11.937,10.964,0.0,1
6.5804,0.2991,0.1496,0.0,0.1977,0,0.0,0.0,0.4487,6.1065,0.43,0.43,0.2308,0.2058,0.0,0.1,0.258,1.1181,6.2182,0.5121,0.2195,0.0769,0.0485,0.0,0.2,0.0732,0.951,0,p1WOC53pzAHwrvwH8Di6lyJLvYkCWsl2puUpyNpPEcqwWdPJn_TLlaOX0qZ-NqbOElDVYCgRGpX9Ng,BR1_3276911290,16.17,13.373,11.627,13.669,0
8.2696,0.4352,0.1741,0.3333,0.1703,1,0.0,0.1741,0.5223,8.4621,0.6327,0.3954,0.7692,0.3965,2.0,0.0667,0.7908,1.0281,2.287,0.7623,0.7623,1.0,0.6384,1.0,0.25,1.5247,1.5247,0,BDamw7UNWZOahlb74yOJccD-f2jjrr5ZcaLG8FMzG8aACC1bbsdh02D9zW9Cz45IgKKeouDr2dZYSQ,BR1_3277262084,16.17,11.488,12.645,2.624,0
5.5853,0.2618,0.3491,0.125,0.1711,0,0.0,0.0873,0.6982,7.1632,0.3692,0.3692,0.0,0.1789,0.0,0.0833,0.0,0.7385,5.6288,0.2618,0.3927,0.0,0.0705,0.0,0.3077,0.0,0.6545,0,Q5PjpderLLJpeDi1It_PQ7qkdTvdcol5CKtxvxWhJtPIYeNvMUz4zWsgjPs6IJPS58eKWsk1YcwVKA,BR1_3277200545,16.17,11.459,13.541,7.639,0
6.7857,0.2857,0.0714,0.625,0.2362,4,0.0,0.3571,0.5714,4.8182,0.3636,0.4545,0.6,0.2582,3.0,0.1111,0.5455,0.9091,8.3303,0.6942,0.2314,0.6667,0.3103,0.0,0.2857,0.4628,0.6942,0,kesSFhwuQOZlxZHxVqJsetCAX-llmnSdBZKVadxHP0sDD_rXK83WL8IxyLlIsgifl_cLGjU9Ew8avw,BR1_3277254945,16.17,14.0,11.0,4.322,0
4.9286,0.5,0.2143,0.25,0.2301,2,0.0,0.1429,0.5714,4.2208,0.974,0.2165,0.25,0.1605,0.0,0.3333,0.3247,1.2987,4.626,0.8261,0.2478,0.3077,0.0951,0.0,0.1333,0.3304,1.0739,1,kesSFhwuQOZlxZHxVqJsetCAX-llmnSdBZKVadxHP0sDD_rXK83WL8IxyLlIsgifl_cLGjU9Ew8avw,BR1_3277244890,16.17,14.0,9.24,12.105,0
5.6159,0.432,0.2592,0.5,0.319,3,0.0,0.432,0.864,4.916,0.3724,0.4469,0.5217,0.3277,3.0,0.0833,0.8938,1.7131,8.3194,0.5282,0.3301,0.8,0.4355,3.0,0.25,1.0564,1.3205,0,wOBg2WnMcmPreJlKCzdJJcG44-njPOSojBjpIt0STbWBBU87MV2mjT1pimsE9EZ7iDdFIpBOargyvQ,BR1_3276887009,16.17,11.574,13.426,15.145,1
5.1429,0.4286,0.1429,0.1111,0.1494,0,0.2,0.0714,0.6429,6.1552,0.4397,0.0,0.5833,0.3417,2.0,0.25,1.0259,1.7586,7.1066,0.5137,0.1712,0.6364,0.3486,0.0,0.3333,1.1987,1.8837,0,wOBg2WnMcmPreJlKCzdJJcG44-njPOSojBjpIt0STbWBBU87MV2mjT1pimsE9EZ7iDdFIpBOargyvQ,BR1_3276658530,16.17,14.0,6.824,11.679,1
7.9169,0.3519,0.088,0.2222,0.2199,0,0.0,0.1759,0.7917,6.3954,0.41,0.246,0.25,0.2476,1.0,0.1818,0.246,0.9839,9.9206,0.496,0.1653,0.4286,0.3157,1.0,0.2105,0.496,1.1574,0,wOBg2WnMcmPreJlKCzdJJcG44-njPOSojBjpIt0STbWBBU87MV2mjT1pimsE9EZ7iDdFIpBOargyvQ,BR1_3276369827,16.17,11.368,12.196,12.096,1
6.5714,0.4286,0.0714,0.0,0.1555,0,0.0,0.0,0.4286,8.2231,0.4011,0.3008,0.8571,0.4372,3.0,0.0,0.6017,0.702,9.6401,0.4285,0.2142,0.6667,0.3909,0.0,0.1111,0.4285,0.6427,0,wOBg2WnMcmPreJlKCzdJJcG44-njPOSojBjpIt0STbWBBU87MV2mjT1pimsE9EZ7iDdFIpBOargyvQ,BR1_3276361366,16.17,14.0,9.972,4.668,0
4.959,0.3542,0.4428,0.25,0.1362,0,0.0,0.1771,0.7084,5.4401,0.2015,0.6045,0.4,0.1613,0.0,0.0909,0.403,1.0074,4.9029,0.5448,0.5448,0.5,0.1849,1.0,0.1818,0.6537,1.3074,0,HU_iVZfPgOcRZqtkEBDqwiDM0-s08TTMA0NWBaRWGXzZFgWfQNenHMJAFzLzQE_ZjhY4K3lp838IZQ,BR1_3276998267,16.17,11.293,9.926,9.178,0
5.6429,0.2857,0.2143,0.6429,0.3867,1,0.0,0.6429,1.0,6.8182,0.2727,0.2727,0.6667,0.4554,2.0,0.3,1.0909,1.6364,4.8492,0.3932,0.3932,0.3684,0.2934,1.0,0.0,0.9174,2.4901,0,HU_iVZfPgOcRZqtkEBDqwiDM0-s08TTMA0NWBaRWGXzZFgWfQNenHMJAFzLzQE_ZjhY4K3lp838IZQ,BR1_3276986654,16.17,14.0,11.0,7.63,1
7.0909,0.2532,0.0844,0.5556,0.3169,3,0.0,0.4221,0.7597,6.69,0.3041,0.076,0.5333,0.2863,2.0,0.0909,0.6082,1.1403,3.4969,0.5595,0.2798,0.6471,0.2938,3.0,0.0,1.5386,2.3779,0,HU_iVZfPgOcRZqtkEBDqwiDM0-s08TTMA0NWBaRWGXzZFgWfQNenHMJAFzLzQE_ZjhY4K3lp838IZQ,BR1_3276879695,16.17,11.846,13.154,7.149,1
9.1066,0.4592,0.1531,0.2941,0.3162,4,0.0,0.3826,1.3009,7.5888,1.054,0.4216,0.5,0.2823,2.0,0.1818,0.7378,1.4756,9.9548,0.6145,0.1229,0.25,0.1719,0.0,0.0909,0.3687,1.4748,1,NKRooqJNmJaL3IWobl22DvxA7rsmF_7EE_rBXzCOWUXts2znIXZFYwCEfBCOsP2hzJVdQ5kjS-utCw,BR1_3276984523,16.17,13.067,9.488,8.137,1
5.4183,0.2622,0.2622,0.3333,0.223,0,0.0,0.0874,0.2622,6.1378,0.4977,0.2488,0.5556,0.1632,0.0,0.3125,0.4147,0.7465,,,,,,,,,,0,NKRooqJNmJaL3IWobl22DvxA7rsmF_7EE_rBXzCOWUXts2znIXZFYwCEfBCOsP2hzJVdQ5kjS-utCw,BR1_3276967194,16.17,11.443,12.056,0.0,0
6.5,0.3571,0.0714,0.5,0.2442,3,0.2,0.6429,1.2857,7.1455,1.1136,0.0928,0.5833,0.351,4.0,0.0,0.6496,1.1136,3.1607,0.9149,0.4991,0.1818,0.1202,1.0,0.0769,0.3327,1.8299,0,NKRooqJNmJaL3IWobl22DvxA7rsmF_7EE_rBXzCOWUXts2znIXZFYwCEfBCOsP2hzJVdQ5kjS-utCw,BR1_3276682810,16.17,14.0,10.776,12.023,1
5.3285,0.3918,0.0784,0.4615,0.2154,1,0.0,0.4702,1.0187,7.0465,0.4336,0.1084,0.0667,0.205,0.0,0.2857,0.1084,1.6261,8.1111,0.6648,0.3989,0.6429,0.2284,1.0,0.0,1.1967,1.8616,0,j8zACa04qfYxEvx2QA2_nGJoHU_Fj5ERYHZxEF2AAx3pxb3yQ7Y9YxisVVlWARKv1uLXCGxWmQdeew,BR1_3276776928,16.17,12.762,9.224,7.521,0
4.9286,0.5,0.2143,0.375,0.251,1,0.0,0.4286,1.1429,7.9405,0.3114,0.0,0.75,0.2941,1.0,0.25,0.9342,1.2456,,,,,,,,,,0,j8zACa04qfYxEvx2QA2_nGJoHU_Fj5ERYHZxEF2AAx3pxb3yQ7Y9YxisVVlWARKv1uLXCGxWmQdeew,BR1_3276767419,16.17,14.0,6.423,0.0,1
6.4286,0.2857,0.0714,0.4167,0.2721,5,0.0,0.3571,0.8571,11.0909,0.2727,0.0909,0.2,0.1394,1.0,0.125,0.0909,0.4545,7.9409,0.1444,0.1444,0.3158,0.185,4.0,0.2059,0.4331,1.3716,1,j8zACa04qfYxEvx2QA2_nGJoHU_Fj5ERYHZxEF2AAx3pxb3yQ7Y9YxisVVlWARKv1uLXCGxWmQdeew,BR1_3276658694,16.17,14.0,11.0,27.705,1
6.7143,0.2143,0.0,0.5455,0.2391,4,0.0,0.4286,0.7857,7.2591,0.2847,0.427,0.3333,0.4334,0.0,0.1538,0.1423,0.427,,,,,,,,,,0,O2j1gZcUNX7zmsqHcr_N_7WOxhujAf2uuN1QWZrpjcTVZALkoJWeC-jkbnpCCKiFcdhtOf0rXndh9A,BR1_3276969595,16.17,14.0,7.026,0.0,0
7.2226,0.2928,0.0976,0.1667,0.3747,1,0.0,0.0976,0.5856,,,,,,,,,,,,,,,,,,,0,X65e8QwSxukjRdVTecVuv05r7JX7t3MggJ2m_dXQv8GSa6qkZ_BhO_kVpx0IJbzNw1ad2EQi1LfwbA,BR1_3277442985,16.17,10.246,0.0,0.0,1
7.3087,0.226,0.1507,0.0,0.1882,0,0.0,0.0,0.3014,7.6965,0.3665,0.1222,0.375,0.2466,1.0,0.3,0.3665,0.9773,5.3763,0.1955,0.1955,0.6429,0.2536,1.0,0.2727,0.8798,1.3685,0,rxC4a1iH4cAuE_FImws3mzEfgSgQedArvs4mS6Gsyy25qsDxZw_m0QGEf8Yamoj8pACTKCUXoldENQ,BR1_3277121662,16.17,13.272,8.186,10.23,0
6.5,0.4286,0.0714,0.5,0.2615,2,0.25,0.5714,1.1429,5.9091,0.7273,0.2727,0.375,0.2204,0.0,0.0833,0.5455,1.4545,15.4209,0.8567,0.0,0.5,0.4788,1.0,0.2,0.8567,1.7134,0,rxC4a1iH4cAuE_FImws3mzEfgSgQedArvs4mS6Gsyy25qsDxZw_m0QGEf8Yamoj8pACTKCUXoldENQ,BR1_3277063594,16.17,14.0,11.0,2.334,1
6.2143,0.2857,0.1429,0.4667,0.3115,4,0.0,0.5,1.0714,5.8715,0.1957,0.2936,0.5,0.277,1.0,0.0909,0.4893,0.9786,4.3065,0.2533,0.2533,0.8333,0.3294,0.0,0.375,1.2666,1.5199,0,rxC4a1iH4cAuE_FImws3mzEfgSgQedArvs4mS6Gsyy25qsDxZw_m0QGEf8Yamoj8pACTKCUXoldENQ,BR1_3276412234,16.17,14.0,10.219,3.948,0
8.4345,0.2032,0.0,0.0909,0.1485,1,0.0,0.1016,1.1178,6.9264,0.4618,0.2639,0.52,0.2604,1.0,0.1667,0.8575,1.6491,6.1225,0.2551,0.2551,0.5,0.2562,0.0,0.1111,1.0204,2.0408,0,GIYHT1GLUp5SZh5X5pEd24AASbWZ0UAnnevBSgNIdRDmus4vRo-Rt0SyvZNDPgDC59yDBjDN9yfHyg,BR1_3277094881,16.17,9.841,15.159,3.92,1
6.6024,0.3569,0.0,0.2308,0.1899,1,0.0,0.2677,1.1599,6.5472,0.0,0.485,0.2,0.2378,2.0,0.25,0.485,2.4249,,,,,,,,,,0,GIYHT1GLUp5SZh5X5pEd24AASbWZ0UAnnevBSgNIdRDmus4vRo-Rt0SyvZNDPgDC59yDBjDN9yfHyg,BR1_3277008540,16.17,11.208,4.124,0.0,1
6.3235,0.2564,0.1709,0.4444,0.1677,1,0.0,0.3418,0.7691,8.5729,0.376,0.2256,0.7647,0.486,7.0,0.0714,0.9776,1.2784,8.7077,0.5122,0.2561,0.3846,0.3058,0.0,0.1111,0.6403,1.6647,0,GIYHT1GLUp5SZh5X5pEd24AASbWZ0UAnnevBSgNIdRDmus4vRo-Rt0SyvZNDPgDC59yDBjDN9yfHyg,BR1_3276949116,16.17,11.702,13.298,7.809,1
6.7892,0.2859,0.0715,0.5,0.2812,2,0.2,0.5003,1.0005,5.0875,0.7268,0.2725,0.5556,0.3047,1.0,0.1667,0.9085,1.6353,8.4909,0.7719,0.0965,0.7143,0.2631,0.0,0.2353,1.4473,2.0262,0,J_AUA4BGWKa05plPcGUZSt12FdHkJlF06Qv3I4pA3oFlAbEBCPsbnkop7dQFWhooBOEiyuXuzy-Bkg,BR1_3276789867,16.17,13.993,11.007,10.364,1
5.5714,0.2857,0.2143,0.1667,0.1229,1,0.0,0.2143,1.2857,4.177,0.6498,0.3713,0.5238,0.1624,0.0,0.1111,1.0211,1.9493,,,,,,,,,,0,J_AUA4BGWKa05plPcGUZSt12FdHkJlF06Qv3I4pA3oFlAbEBCPsbnkop7dQFWhooBOEiyuXuzy-Bkg,BR1_3276242566,16.17,14.0,10.773,0.0,1
5.5847,0.1573,0.236,0.5,0.2195,1,0.0,0.3933,0.7866,8.1389,0.5697,0.3256,0.3529,0.3506,1.0,0.0833,0.4883,1.3836,5.3964,0.7709,0.1542,0.4375,0.2409,1.0,0.1111,1.0793,2.4669,0,Jt7Vfz5Ktk3spJAJXL1oUohduBZkhAKFgFZVq6ggpAWHANeK6SwQQF6LuQyq6AT7vbAfQ-lMWAxALg,BR1_3276783794,16.17,12.713,12.287,6.486,1
6.0,0.3571,0.3571,0.2,0.3202,2,0.6,0.1429,0.7143,9.2281,0.6152,0.123,0.4,0.2826,2.0,0.2857,0.7382,1.8456,5.633,0.4471,0.1788,0.1739,0.1345,0.0,0.2,0.3577,2.0565,0,Jt7Vfz5Ktk3spJAJXL1oUohduBZkhAKFgFZVq6ggpAWHANeK6SwQQF6LuQyq6AT7vbAfQ-lMWAxALg,BR1_3276768465,16.17,14.0,8.127,11.184,1
5.3946,0.3596,0.3596,0.2308,0.1594,1,0.25,0.2158,0.9351,5.0463,0.4506,0.2703,0.5385,0.2781,0.0,0.0,0.6308,1.1715,6.0155,0.376,0.376,0.0,0.2762,0.0,0.2222,0.0,0.188,0,PGg_U-JmzwaFxQGLq3aLceC-opZKaALymBe6VXuJWq9HpdK8G-eYdZYrh6vrOHCmmlP6cHr5oMX5pw,BR1_3277103293,16.17,13.903,11.097,5.32,0
5.8571,0.5,0.1429,0.3077,0.201,1,1.0,0.2857,0.9286,6.2727,0.6364,0.1818,0.7273,0.3574,0.0,0.1,0.7273,1.0,5.9412,0.4244,0.4244,0.5333,0.1873,1.0,0.0,0.679,1.2731,0,PGg_U-JmzwaFxQGLq3aLceC-opZKaALymBe6VXuJWq9HpdK8G-eYdZYrh6vrOHCmmlP6cHr5oMX5pw,BR1_3276871162,16.17,14.0,11.0,11.782,0
5.7454,0.4536,0.378,0.1579,0.1906,2,0.0,0.2268,1.4363,6.8597,0.2638,0.2638,0.3529,0.2652,2.0,0.1429,0.7915,2.2426,4.4265,0.5384,0.2991,0.6087,0.2428,1.0,0.2105,0.8374,1.3758,0,PGg_U-JmzwaFxQGLq3aLceC-opZKaALymBe6VXuJWq9HpdK8G-eYdZYrh6vrOHCmmlP6cHr5oMX5pw,BR1_3276629432,16.17,13.228,7.58,16.718,0
6.7857,0.5,0.2143,0.4286,0.2406,1,0.0,0.4286,1.0,4.8947,0.3671,0.2447,0.4286,0.2703,1.0,0.25,0.7342,1.7131,2.738,0.5215,0.0,0.8125,0.2034,1.0,0.1667,1.6949,2.0861,1,PGg_U-JmzwaFxQGLq3aLceC-opZKaALymBe6VXuJWq9HpdK8G-eYdZYrh6vrOHCmmlP6cHr5oMX5pw,BR1_3275902838,16.16,14.0,8.172,7.67,1
4.5785,0.3213,0.241,0.125,0.2204,0,0.0,0.1606,1.2852,4.9763,0.5972,0.1991,0.3,0.1812,1.0,0.0,0.5972,1.9905,,,,,,,,,,0,PMCAmrhnlSYi3u9rHhgub38t7GN8b8z0Z0z_n3mM8lKahjV85m_X_4MEhaRepMtex-fdNDOQ_5Y3CA,BR1_3277173918,16.17,12.45,5.024,0.0,1
4.0049,0.3851,0.3851,0.0667,0.0754,0,0.0,0.077,1.1553,8.0727,0.4161,0.2497,0.1111,0.0789,0.0,0.3636,0.0832,0.749,10.9838,0.435,0.2175,0.5,0.0423,0.0,0.1818,0.3263,0.6525,0,PMCAmrhnlSYi3u9rHhgub38t7GN8b8z0Z0z_n3mM8lKahjV85m_X_4MEhaRepMtex-fdNDOQ_5Y3CA,BR1_3277140220,16.17,12.984,12.016,9.195,0
5.8571,0.3571,0.1429,0.1,0.1723,0,0.0,0.0714,0.7143,8.0,0.5455,0.1818,0.0,0.0605,0.0,0.2727,0.0,1.2727,9.7096,0.2258,0.2258,0.125,0.0845,0.0,0.1,0.2258,1.8064,0,PMCAmrhnlSYi3u9rHhgub38t7GN8b8z0Z0z_n3mM8lKahjV85m_X_4MEhaRepMtex-fdNDOQ_5Y3CA,BR1_3277114351,16.17,14.0,11.0,4.429,1
6.8697,0.3948,0.2369,0.25,0.2166,1,0.0,0.1579,0.6317,7.342,0.4136,0.3102,0.3636,0.2358,0.0,0.1111,0.4136,1.1375,9.4502,0.3405,0.2554,0.6,0.1367,0.0,0.2778,0.7662,1.2771,0,PMCAmrhnlSYi3u9rHhgub38t7GN8b8z0Z0z_n3mM8lKahjV85m_X_4MEhaRepMtex-fdNDOQ_5Y3CA,BR1_3277091944,16.17,12.664,9.67,11.746,0
7.3659,0.4233,0.0,0.25,0.221,1,0.0,0.254,1.016,9.781,0.4549,0.3033,0.375,0.282,3.0,0.0714,0.4549,1.2132,7.9205,0.495,0.0,0.5,0.2558,2.0,0.2857,1.3201,2.6402,0,PMCAmrhnlSYi3u9rHhgub38t7GN8b8z0Z0z_n3mM8lKahjV85m_X_4MEhaRepMtex-fdNDOQ_5Y3CA,BR1_3276873766,16.17,11.811,13.189,6.06,1
6.1429,0.5,0.1429,0.5556,0.2394,0,0.0,0.3571,0.6429,5.358,0.5543,0.2771,0.3125,0.2172,3.0,0.25,0.4619,1.4781,8.5147,0.1407,0.2815,0.4667,0.1949,1.0,0.0714,0.4926,1.0555,0,9pPFJsDCNUhNMAcFAOSlfhZpllUlBXc69WJgxqrY3uBh2l8dwhr7i-iSqU9cHP4aTUx6xqhFFAAsng,BR1_3276478139,16.17,14.0,10.825,14.211,0
7.7857,0.2857,0.0714,0.5,0.3739,0,0.0,0.4286,0.8571,7.9091,0.4545,0.2727,0.7222,0.3358,2.0,0.3,1.1818,1.6364,6.6155,0.4511,0.1504,0.6,0.3027,1.0,0.1429,0.4511,0.7518,0,9pPFJsDCNUhNMAcFAOSlfhZpllUlBXc69WJgxqrY3uBh2l8dwhr7i-iSqU9cHP4aTUx6xqhFFAAsng,BR1_3276452865,16.17,14.0,11.0,6.651,0
7.1045,0.3158,0.0,0.5,0.2374,1,0.0,0.4736,0.9473,8.3523,0.4865,0.4055,0.5333,0.2394,4.0,0.0,0.6487,1.2164,8.0953,0.2313,0.1542,0.6667,0.2897,3.0,0.0667,0.6168,0.9252,0,9pPFJsDCNUhNMAcFAOSlfhZpllUlBXc69WJgxqrY3uBh2l8dwhr7i-iSqU9cHP4aTUx6xqhFFAAsng,BR1_3276134496,16.16,12.668,12.332,12.97,0
5.9286,0.2857,0.3571,0.1111,0.1383,0,0.25,0.0714,0.6429,10.8182,0.3636,0.0909,0.2727,0.2009,1.0,0.1111,0.2727,1.0,4.8769,0.1763,0.2938,0.65,0.3469,0.0,0.0,0.7638,1.1751,0,RcEnHDTRTzJODPV3q04Zh-3C2HIAx5INRv5ho8NBPNTD9oVoT_2-mPiByl2mvVFjyByCxovyhTxjeA,BR1_3276961969,16.17,14.0,11.0,17.019,0
6.0494,0.4373,0.5102,0.1667,0.2622,0,0.0,0.1458,0.8746,5.9399,0.3546,0.1773,0.6667,0.2399,1.0,0.3636,0.5319,0.7979,6.987,0.0,0.2329,0.5,0.236,0.0,0.25,1.1645,2.329,0,RcEnHDTRTzJODPV3q04Zh-3C2HIAx5INRv5ho8NBPNTD9oVoT_2-mPiByl2mvVFjyByCxovyhTxjeA,BR1_3276960067,16.17,13.72,11.28,4.294,1
5.7755,0.2888,0.2166,0.3571,0.2253,1,0.0,0.361,1.0107,7.2657,0.4485,0.2691,0.6471,0.4142,3.0,0.0,0.9867,1.5249,3.9009,0.4106,0.2053,0.9333,0.4419,0.0,0.2727,2.8743,3.0796,0,RcEnHDTRTzJODPV3q04Zh-3C2HIAx5INRv5ho8NBPNTD9oVoT_2-mPiByl2mvVFjyByCxovyhTxjeA,BR1_3276823992,16.17,13.852,11.148,4.871,1
7.0612,0.3005,0.1502,0.5714,0.2614,2,0.0,0.3005,0.5258,7.7799,0.3795,0.1898,0.3636,0.1664,0.0,0.0909,0.3795,1.0436,6.8867,0.2375,0.3562,0.4545,0.2063,0.0,0.0,0.5937,1.3061,0,s_Dd4-M0LEs4Ko7uSarfHXyGxH0fpCym0bny8HDqDLFJU13P8jrGOxrDIkebp8HWfPpm5IYfpZetrg,BR1_3277449460,16.17,13.312,10.54,8.422,0
7.7143,0.2857,0.0714,0.3333,0.2089,1,0.0,0.2857,0.8571,5.6364,0.2727,0.1818,0.4286,0.2454,0.0,0.0833,0.8182,1.9091,5.8594,0.1085,0.3255,0.2857,0.2802,0.0,0.1333,0.217,0.7596,0,s_Dd4-M0LEs4Ko7uSarfHXyGxH0fpCym0bny8HDqDLFJU13P8jrGOxrDIkebp8HWfPpm5IYfpZetrg,BR1_3277427959,16.17,14.0,11.0,9.216,0
5.3677,0.2206,0.1471,0.25,0.2562,1,0.0,0.1471,0.5882,5.1753,0.3509,0.0877,0.5,0.1866,0.0,0.1,0.5263,1.0526,4.5136,0.0,0.2149,0.75,0.268,0.0,0.125,0.6448,0.8597,0,s_Dd4-M0LEs4Ko7uSarfHXyGxH0fpCym0bny8HDqDLFJU13P8jrGOxrDIkebp8HWfPpm5IYfpZetrg,BR1_3277413083,16.17,13.6,11.4,4.653,0
7.2155,0.176,0.088,0.1429,0.18,1,0.0,0.088,0.616,6.7976,0.3694,0.2217,0.48,0.2688,1.0,0.2,0.8866,1.8472,7.707,0.2083,0.2083,0.6364,0.1549,0.0,0.2222,1.4581,2.2913,0,s_Dd4-M0LEs4Ko7uSarfHXyGxH0fpCym0bny8HDqDLFJU13P8jrGOxrDIkebp8HWfPpm5IYfpZetrg,BR1_3277394068,16.17,11.364,13.534,4.801,1
7.6613,0.2769,0.0,0.25,0.2289,2,0.0,0.2769,1.1077,6.3193,0.316,0.237,0.55,0.3002,1.0,0.2727,0.8689,1.5798,8.093,0.0,0.0,0.0,0.2646,0.0,0.0,0.0,0.0,0,QPu_7KhESloOzMZBm6cwD9z_3XaiXbzX3V-NnqGcU5KpbvO4j9GM5DN5NJsC1pib6WFO7tHAnEp0lg,BR1_3277237047,16.17,10.834,12.66,0.618,1
6.1429,0.3571,0.2857,0.2222,0.2351,3,0.2,0.2857,1.2857,6.8182,0.6364,0.2727,0.4444,0.3411,1.0,0.0,0.3636,0.8182,7.3127,0.4958,0.6197,0.7143,0.3611,1.0,0.0,1.2394,1.7352,0,QPu_7KhESloOzMZBm6cwD9z_3XaiXbzX3V-NnqGcU5KpbvO4j9GM5DN5NJsC1pib6WFO7tHAnEp0lg,BR1_3277217717,16.17,14.0,11.0,8.068,0
5.9286,0.2857,0.0714,0.2308,0.1514,0,0.2,0.2143,0.9286,7.2727,0.5455,0.0,0.6,0.2262,2.0,0.0,0.5455,0.9091,5.1494,0.6982,0.2618,0.7333,0.3507,1.0,0.1667,0.9601,1.3092,0,5eSMzRYfJRZjFrjoch19j-Lj6OkLG3w_yRiY_EuseaZG89Dt66G_fF71dgkLDMkse214z4k5ggxuIw,BR1_3276973385,16.17,14.0,11.0,11.458,0
4.1662,0.3144,0.1572,0.3158,0.1635,1,0.0,0.4716,1.4936,10.2917,0.5513,0.0,0.4,0.2335,1.0,0.0,0.7351,1.8378,,,,,,,,,,1,5eSMzRYfJRZjFrjoch19j-Lj6OkLG3w_yRiY_EuseaZG89Dt66G_fF71dgkLDMkse214z4k5ggxuIw,BR1_3276965658,16.17,12.721,5.441,0.0,1
6.0781,0.3117,0.1558,0.15,0.1558,0,0.0,0.2338,1.5585,4.0342,0.4803,0.2882,0.4,0.1517,0.0,0.0,0.5763,1.4408,3.76,0.7833,0.0,0.2308,0.0892,0.0,0.2222,0.47,2.0367,0,5eSMzRYfJRZjFrjoch19j-Lj6OkLG3w_yRiY_EuseaZG89Dt66G_fF71dgkLDMkse214z4k5ggxuIw,BR1_3276955770,16.17,12.833,10.411,6.383,1
5.6741,0.1957,0.0,0.6667,0.3614,2,,0.3913,0.587,,,,,,,,,,,,,,,,,,,0,5eSMzRYfJRZjFrjoch19j-Lj6OkLG3w_yRiY_EuseaZG89Dt66G_fF71dgkLDMkse214z4k5ggxuIw,BR1_3276956471,16.17,5.111,0.0,0.0,0
5.3571,0.2857,0.0714,0.6667,0.1741,1,0.0,0.1429,0.2143,7.9282,0.5766,0.2883,0.0,0.1433,0.0,0.0,0.0,0.2883,1.731,0.0,0.8655,0.0,0.3693,0.0,0.0,0.0,0.0,0,n6mSyQyuhYTg-rCGKeN0BZnXNDNqcGxiwFhdL3OzHhdjJl-JjaFgsJix2qOYxwOdzNczS4MIoG3imQ,BR1_3276945780,16.17,14.0,6.937,1.155,0
6.4846,0.1936,0.0968,0.4,0.1997,1,0.0,0.1936,0.4839,8.6584,0.7499,0.2045,0.4375,0.2743,2.0,0.0769,0.4772,1.0908,3.8425,0.7437,0.3719,0.6,0.2118,0.0,0.0,0.3719,0.6198,0,ieAODZTYV_dBT1G1OT8DdFaql4z651XMZ2_4r_S7JYIXwbh4vdcG4gcgigIfrXz9XqU47PV97wgIKg,BR1_3277124593,16.17,10.332,14.668,16.135,0
5.2807,0.3883,0.233,0.55,0.2555,3,0.25,0.8542,1.5531,3.9512,0.2634,0.2634,0.6471,0.195,0.0,0.2308,0.9659,1.4927,1.1299,0.0,0.3766,0.3333,0.231,1.0,0.0,0.3766,1.1299,1,pvpru-th2ViwysXsMiGz3xNS2viHYZYFnRm0ZgHGXhc3-SWMotJ0UCVFATrFuxLz3EbjGj8DSFxG3Q,BR1_3277089426,16.17,12.877,11.389,2.655,1
4.7857,0.0,0.2143,0.5556,0.2647,1,0.4,0.7143,1.2857,7.644,0.0,0.1626,0.3684,0.0861,0.0,0.1667,1.1385,3.0901,,,,,,,,,,0,pvpru-th2ViwysXsMiGz3xNS2viHYZYFnRm0ZgHGXhc3-SWMotJ0UCVFATrFuxLz3EbjGj8DSFxG3Q,BR1_3277073854,16.17,14.0,6.149,0.0,1
8.3571,0.4286,0.0,0.1667,0.2467,1,0.2,0.0714,0.4286,6.1818,0.5455,0.0,0.6923,0.2444,0.0,0.1667,0.8182,1.1818,9.43,0.9067,0.1813,0.1667,0.2491,0.0,0.1818,0.1813,1.0881,0,2EcnBz6C3wBfiEQcDiketylU2ottkWWc_hf9E00l4_R6c1AwjNbd__tMXuwrkXIyi-gPCs1A871eaA,BR1_3277281500,16.17,14.0,11.0,5.514,1
9.2143,0.2143,0.1429,0.1667,0.1923,0,0.25,0.0714,0.4286,6.2335,0.4583,0.275,0.6875,0.1876,1.0,0.1818,1.0084,1.4667,5.4048,0.193,0.4826,0.5556,0.2591,0.0,0.1538,0.4826,0.8686,0,o9ZbVo0KGWc02BLFaQDGXyhZ00wV_mBdl3uFN18li2rtKNtqNCWvMCMThZKYIg1QSchVS5MP3YZEnw,BR1_3276937006,16.17,14.0,10.909,10.361,0
8.9522,0.3087,0.0772,0.1667,0.2463,1,0.0,0.1543,0.9261,7.2286,0.1721,0.2582,0.3125,0.2045,1.0,0.1,0.4303,1.3769,3.0446,0.5536,0.6919,0.625,0.1979,0.0,0.1111,0.6919,1.1071,0,o9ZbVo0KGWc02BLFaQDGXyhZ00wV_mBdl3uFN18li2rtKNtqNCWvMCMThZKYIg1QSchVS5MP3YZEnw,BR1_3276922938,16.17,12.958,11.62,7.226,0
6.881,0.3128,0.3128,0.4,0.1714,0,0.0,0.4692,1.1729,4.586,0.3276,0.4095,0.2778,0.2135,1.0,0.1,0.4095,1.4741,4.3223,0.2401,0.4803,0.3333,0.1739,0.0,0.25,0.2401,0.7204,0,o9ZbVo0KGWc02BLFaQDGXyhZ00wV_mBdl3uFN18li2rtKNtqNCWvMCMThZKYIg1QSchVS5MP3YZEnw,BR1_3276895472,16.17,12.789,12.211,8.329,0
5.9018,0.454,0.1513,0.5833,0.3621,2,0.0,0.5296,0.908,7.2982,0.0849,0.2546,0.4545,0.3484,1.0,0.2,0.4243,0.9335,6.713,0.0,0.2486,0.8,0.3516,2.0,0.1538,0.9945,1.2431,0,HxwBgV6fjFYfO9wm8wX1nCffYeSGPYytXqIHFw9E5g8vS869CE3EWQlkr0LVgbhjJSgoOBq58v-lJA,BR1_3276956156,16.17,13.216,11.784,8.044,0
9.0714,0.2857,0.0714,0.0,0.1193,0,0.0,0.0,0.6429,9.6364,0.4545,0.0909,0.4545,0.1777,1.0,0.2,0.4545,1.0,9.1967,0.3066,0.3066,0.3333,0.3419,0.0,0.1818,0.6131,1.8393,0,9ieUVdrxLnGVBQ2TN7iEnJwm3yOm5M7z0MeOhGe1EfXjUQZnEh9rCSk7pP0IWn_26Knj_Dz4CZUwbw,BR1_3277261828,16.17,14.0,11.0,3.262,1
7.6687,0.3334,0.0,0.5,0.41,4,0.0,0.5001,1.0003,11.1496,0.3597,0.1798,0.4211,0.3602,5.0,0.3333,0.7193,1.7084,7.2607,0.3756,0.2504,0.6,0.3887,1.0,0.1667,0.7511,1.2518,1,9ieUVdrxLnGVBQ2TN7iEnJwm3yOm5M7z0MeOhGe1EfXjUQZnEh9rCSk7pP0IWn_26Knj_Dz4CZUwbw,BR1_3277261335,16.17,11.997,11.121,7.988,1
7.8571,0.2143,0.0714,0.3077,0.3031,1,0.0,0.2857,0.9286,9.2792,0.5016,0.2508,0.375,0.2716,1.0,0.25,0.3762,1.0032,6.9905,0.3495,0.233,0.7778,0.2872,2.0,0.25,0.8156,1.0486,0,9ieUVdrxLnGVBQ2TN7iEnJwm3yOm5M7z0MeOhGe1EfXjUQZnEh9rCSk7pP0IWn_26Knj_Dz4CZUwbw,BR1_3277246630,16.17,14.0,7.975,8.583,1
9.2441,0.3134,0.0,0.3333,0.3513,4,0.0,0.3917,1.1751,10.0351,0.4014,0.0,0.6,0.3334,0.0,0.0,1.2042,2.007,,,,,,,,,,0,AixVyEQqMBBDZ9i6UW2TcFyzmWEc0c-OkOSEtcOX989OFtXWmDcVVt6SONAC2oQ_FucP0bVJSNfb5A,BR1_3254253580,16.12,12.765,2.491,0.0,1
8.3921,0.378,0.0756,0.3077,0.2854,3,0.0,0.3024,0.9829,8.0691,0.2548,0.0849,0.5357,0.3652,3.0,0.1,1.2741,2.3783,15.5605,0.6224,0.0,0.5,0.4411,0.0,0.0,0.9336,1.8673,0,AixVyEQqMBBDZ9i6UW2TcFyzmWEc0c-OkOSEtcOX989OFtXWmDcVVt6SONAC2oQ_FucP0bVJSNfb5A,BR1_3254237346,16.12,13.227,11.773,3.213,1
3.4286,0.4286,0.3571,0.5,0.2617,2,0.0,0.5714,1.1429,5.6821,0.3216,0.4288,0.5455,0.311,2.0,0.0769,0.6433,1.1793,,,,,,,,,,1,-vUT7SAlH0HpV1yggz75C5QouwCW0NTcJ4ofiO82zy7dz2fZ7T_UGvlgmilgw8u4AbRLiIYCWkjQUg,BR1_3277248693,16.17,14.0,9.328,0.0,0
6.9286,0.3571,0.2143,0.4615,0.2351,3,0.0,0.4286,0.9286,6.8182,0.5455,0.3636,0.5833,0.3278,0.0,0.1111,0.6364,1.0909,4.2226,0.0,0.3016,0.0,0.3473,0.0,0.1667,0.0,0.6032,0,dh4aDxCQtYbedlMQ_ggxw3t2ovrOuLq3eJ68Kg1TwcTEDNRjklEoRxYfOUYiSNQ7NOeEWM3jZLdOFQ,BR1_3277340816,16.17,14.0,11.0,3.315,0
6.7143,0.4286,0.0714,0.5556,0.3038,2,0.0,0.3571,0.6429,8.0,0.2727,0.1818,0.6667,0.2419,0.0,0.0909,0.7273,1.0909,4.2252,0.4225,0.1056,0.875,0.3887,0.0,0.125,0.7394,0.845,0,dh4aDxCQtYbedlMQ_ggxw3t2ovrOuLq3eJ68Kg1TwcTEDNRjklEoRxYfOUYiSNQ7NOeEWM3jZLdOFQ,BR1_3277324145,16.17,14.0,11.0,9.467,0
7.1429,0.2857,0.0714,0.4167,0.1303,0,0.0,0.3571,0.8571,6.0,0.4545,0.1818,0.4091,0.1928,0.0,0.2222,0.8182,2.0,5.0954,0.3514,0.2636,0.4545,0.2016,1.0,0.1429,0.4393,0.9664,0,ypiKOSOHOgLxf47LULaPnyOXGaFdWW27NBGqcXZ2r9x6PsRU2gsKWnD2r9IHfCI8eYy3p--JtJxJ-Q,BR1_3274687881,16.16,14.0,11.0,11.383,0
5.1042,0.2917,0.1458,0.6,0.3294,0,0.0,0.4375,0.7292,5.4894,0.2167,0.0722,0.5833,0.2552,5.0,0.15,1.0112,1.7335,,,,,,,,,,0,M5XuJNIWBEap2CE2MuKhrkejg2SCtlz84B_7d5sOfGHVNVTu8XHvGib5HhoBbh0lS7NPtmGBK6b7TA,BR1_3277338461,16.17,6.857,13.845,0.0,1
5.6327,0.0751,0.3755,0.1667,0.2519,1,0.0,0.0751,0.4506,7.7022,0.4279,0.2567,0.5556,0.2398,3.0,0.0,0.4279,0.7702,6.7545,0.2937,0.4405,0.5455,0.3195,4.0,0.1818,0.881,1.6152,0,M5XuJNIWBEap2CE2MuKhrkejg2SCtlz84B_7d5sOfGHVNVTu8XHvGib5HhoBbh0lS7NPtmGBK6b7TA,BR1_3277247066,16.17,13.315,11.685,6.81,1
6.1429,0.1429,0.3571,0.2,0.2389,1,0.0,0.1429,0.7143,6.4861,0.2495,0.7484,0.2857,0.2233,0.0,0.2143,0.2495,0.8731,,,,,,,,,,1,M5XuJNIWBEap2CE2MuKhrkejg2SCtlz84B_7d5sOfGHVNVTu8XHvGib5HhoBbh0lS7NPtmGBK6b7TA,BR1_3277233906,16.17,14.0,8.017,0.0,0
6.5,0.5,0.1429,0.1111,0.242,1,0.0,0.0714,0.6429,6.2727,0.4545,0.5455,0.1429,0.1179,0.0,0.25,0.0909,0.6364,10.1201,0.1118,0.0559,0.6333,0.2001,0.0,0.1481,1.0623,1.6774,0,E3R0Kda_vwTIwjo5zcZk47umG-6UmKdjp7sfnij6cTii0onGHou3Z_dLOYfvyJmFO-HM3mrzObKU9w,BR1_3277308683,16.17,14.0,11.0,17.885,1
5.3242,0.2315,0.2315,0.375,0.2633,1,0.2,0.2315,0.6173,4.1434,0.3767,0.3767,0.0,0.2005,0.0,0.3333,0.0,0.7533,,,,,,,,,,1,MRKFVMgetfZx6n1qO99H2Mru2uYJOCL5vrldZDc5GXbW9yWMQH4IFYJhDyFJcbY79JjNTLJi7Bohbw,BR1_3277423295,16.17,12.96,2.655,0.0,0
7.6429,0.3571,0.1429,0.2857,0.2199,2,0.0,0.2857,1.0,3.3636,0.2727,0.3636,0.6429,0.3208,3.0,0.0909,0.8182,1.2727,2.321,0.1547,0.4642,0.4,0.1051,0.0,0.1,0.3095,0.7737,0,4swLn60VI3NW3TBpBc4AUcmlby2V54lrx7wPDAgE16YuW-AZFkluuJSgaXloUz7QunAiH0zqLrEV2g,BR1_3274616933,16.16,14.0,11.0,6.463,0
6.7302,0.3365,0.0841,0.3158,0.2166,1,0.0,0.5048,1.5984,,,,,,,,,,,,,,,,,,,0,4swLn60VI3NW3TBpBc4AUcmlby2V54lrx7wPDAgE16YuW-AZFkluuJSgaXloUz7QunAiH0zqLrEV2g,BR1_3274614616,16.16,11.887,0.0,0.0,1
5.6429,0.4286,0.1429,0.4286,0.2856,2,0.2,0.2143,0.5,9.3046,0.9899,0.0,0.8,0.3773,1.0,0.0,0.7919,0.9899,,,,,,,,,,0,fd2hgGeTO5Lms6oqDbZ7kMs8IUoYRgur5e4II-WmC9JzBHWRy5EzaY28Jzj_ThQBJBOEzGypEceYyQ,BR1_3277243749,16.17,14.0,5.051,0.0,0
3.3445,0.2573,0.1286,0.0,0.2378,0,,0.0,0.7718,,,,,,,,,,,,,,,,,,,0,RoaMv2WuO9FXE_53ZzZoTHdPMFsX2Wo381xS7iR6U98GaFOW6zBSpo0m-dgu3rqnnWub4qEG8cd4aQ,BR1_3277363045,16.17,7.774,0.0,0.0,0
5.5714,0.3571,0.0714,0.5714,0.1898,2,0.4,0.5714,1.0,6.3636,0.3636,0.4545,0.4,0.1987,0.0,0.1111,0.3636,0.9091,2.493,0.1847,0.6463,0.3571,0.189,1.0,0.2143,0.4617,1.2927,0,RoaMv2WuO9FXE_53ZzZoTHdPMFsX2Wo381xS7iR6U98GaFOW6zBSpo0m-dgu3rqnnWub4qEG8cd4aQ,BR1_3277313137,16.17,14.0,11.0,10.83,0
6.8571,0.3571,0.1429,0.5,0.2024,2,0.8,0.3571,0.7143,5.7273,1.1818,0.3636,0.4,0.2212,1.0,0.1667,0.7273,1.8182,4.9437,0.9269,0.618,1.0,0.2238,1.0,0.1111,0.309,0.309,0,RoaMv2WuO9FXE_53ZzZoTHdPMFsX2Wo381xS7iR6U98GaFOW6zBSpo0m-dgu3rqnnWub4qEG8cd4aQ,BR1_3277245279,16.17,14.0,11.0,3.236,0
7.0714,0.2857,0.0714,0.6667,0.4114,3,0.0,0.5714,0.8571,5.7643,0.2562,0.3843,0.4286,0.1761,1.0,0.1111,0.7686,1.7933,3.2736,0.2182,0.4365,0.6,0.3258,1.0,0.1667,1.3094,2.1824,0,RoaMv2WuO9FXE_53ZzZoTHdPMFsX2Wo381xS7iR6U98GaFOW6zBSpo0m-dgu3rqnnWub4qEG8cd4aQ,BR1_3277231418,16.17,14.0,7.807,4.582,1
7.616,0.3856,0.0,0.8,0.2406,1,0.0,0.3856,0.482,6.752,0.3554,0.0711,0.7059,0.2789,1.0,0.1538,0.8529,1.2083,6.2317,0.532,0.076,0.6,0.3422,1.0,0.2778,0.456,0.76,0,wpT9SPtDBaR0db8S9wb-EOIHhgMCJTRsxp_IEQSKpxOzDOgdgoXrnsAsyR3lpAUzjymZOCa1pfOIww,BR1_3277396718,16.17,10.373,14.07,13.159,1
6.0909,0.3531,0.0,0.25,0.1221,0,0.0,0.3531,1.4124,11.2397,0.4163,0.0,0.1667,0.0986,0.0,0.0,0.2081,1.2489,,,,,,,,,,0,wpT9SPtDBaR0db8S9wb-EOIHhgMCJTRsxp_IEQSKpxOzDOgdgoXrnsAsyR3lpAUzjymZOCa1pfOIww,BR1_3277386704,16.17,11.328,4.804,0.0,1
7.0,0.4286,0.1429,0.75,0.2847,2,0.25,0.2143,0.2857,6.6364,0.3636,0.3636,0.7143,0.2506,1.0,0.1818,0.4545,0.6364,7.4922,0.2827,0.2827,0.1429,0.1856,0.0,0.2,0.1414,0.9895,0,wpT9SPtDBaR0db8S9wb-EOIHhgMCJTRsxp_IEQSKpxOzDOgdgoXrnsAsyR3lpAUzjymZOCa1pfOIww,BR1_3277311794,16.17,14.0,11.0,7.074,0
6.7143,0.3571,0.0714,0.1429,0.234,1,0.0,0.0714,0.5,7.3636,0.1818,0.4545,0.375,0.2219,0.0,0.2143,0.2727,0.7273,6.3549,0.6125,0.3063,0.64,0.2119,0.0,0.1429,1.225,1.9141,0,xn41DrycuLtESbB9n24pxU_Mhyo_5DkpnqvrMMA1Ky8l3Mv833016P3X9xdi1J2SlMPdg-3MPM_gGA,BR1_3277463137,16.17,14.0,11.0,13.061,1
6.513,0.2442,0.0814,0.2727,0.2616,1,0.0,0.2442,0.8955,6.9986,0.4718,0.2359,0.5625,0.1459,2.0,0.1,0.7077,1.2582,4.371,0.2833,0.2428,0.6296,0.2876,1.0,0.2174,0.688,1.0928,0,xn41DrycuLtESbB9n24pxU_Mhyo_5DkpnqvrMMA1Ky8l3Mv833016P3X9xdi1J2SlMPdg-3MPM_gGA,BR1_3277434776,16.17,12.283,12.717,24.708,0
7.0714,0.2857,0.2857,0.3636,0.2527,2,0.0,0.2857,0.7857,6.7006,0.4394,0.4394,0.3846,0.2331,2.0,0.0833,0.5492,1.428,8.4471,0.3379,0.3379,0.5556,0.2213,1.0,0.125,0.8447,1.5205,0,xn41DrycuLtESbB9n24pxU_Mhyo_5DkpnqvrMMA1Ky8l3Mv833016P3X9xdi1J2SlMPdg-3MPM_gGA,BR1_3277423334,16.17,14.0,9.104,5.919,0
7.9235,0.1981,0.0,0.375,0.1403,1,0.25,0.2971,0.7923,6.2402,0.4697,0.1342,0.8125,0.3316,2.0,0.0625,0.8723,1.0736,6.6248,0.3081,0.1541,1.0,0.3646,0.0,0.25,1.2325,1.2325,1,xn41DrycuLtESbB9n24pxU_Mhyo_5DkpnqvrMMA1Ky8l3Mv833016P3X9xdi1J2SlMPdg-3MPM_gGA,BR1_3277404702,16.17,10.097,14.903,6.491,1
6.2143,0.3571,0.2143,0.25,0.2643,1,0.0,0.2143,0.8571,6.7587,0.5451,0.327,0.4118,0.2585,3.0,0.25,0.7631,1.8532,6.3108,0.6942,0.2524,0.3158,0.2,1.0,0.2174,0.3786,1.1991,0,xn41DrycuLtESbB9n24pxU_Mhyo_5DkpnqvrMMA1Ky8l3Mv833016P3X9xdi1J2SlMPdg-3MPM_gGA,BR1_3277387576,16.17,14.0,9.173,15.846,1
5.2289,0.2988,0.3735,0.4286,0.2559,3,0.0,0.4482,1.0458,4.1209,0.575,0.2875,0.9231,0.4339,0.0,0.2,1.15,1.2459,7.7516,0.1062,0.1062,1.0,0.4878,1.0,0.1875,1.2742,1.2742,1,J_CA479iOIbn4J9Y9Jcr-gkbyLMzX98EX6sjKpM9VPs4hRmALy9BjJo_SAwGQK70YbQj99zfJulARQ,BR1_3277326512,16.17,13.387,10.435,9.417,0
7.2143,0.2143,0.0714,0.3333,0.1789,0,0.0,0.1429,0.4286,5.1818,0.2727,0.1818,0.5385,0.1949,0.0,0.0769,0.6364,1.1818,3.3733,0.3833,0.3833,0.5,0.2018,1.0,0.1667,0.3833,0.7667,0,u-79fEgGhBstP1fejH38X3eLwZH4XTxqP65d3arLN48knnwiK8RmZo0CH0kbVDfUD84Vjxwvf_BXZw,BR1_3277104038,16.17,14.0,11.0,13.044,0
8.1407,0.3256,0.0814,0.0,0.172,0,0.0,0.0,0.2442,6.6989,0.3722,0.4962,0.4,0.1903,2.0,0.125,0.2481,0.6203,,,,,,,,,,0,CDg1KXnmcGcVK2mvN9ApzFnnmsbsi138jmNwtvWQduzfSTi6dR1Lf5mCXg40R2JTEOl5mvxDCCBl0Q,BR1_3277290616,16.17,12.284,8.061,0.0,0
6.731,0.2927,0.0,0.6,0.3181,4,0.0,0.6585,1.0974,5.4856,0.4669,0.1167,0.5714,0.3454,1.0,0.1667,0.9337,1.634,6.2118,0.2142,0.2142,0.3889,0.2511,0.0,0.2667,0.7497,1.9278,0,xq7coiTHC8G_u7_--_176OQx-bY-xv3RQzXA9TAYlCni-QY37QFZcp0idm71w69iXa0OjF5-dPKVQw,BR1_3277225815,16.17,13.668,8.568,9.337,1
5.7143,1.0714,0.2143,0.25,0.2391,1,0.0,0.1429,0.5714,3.4545,3.2727,0.5455,0.5,0.2104,1.0,0.0,0.5455,1.0909,4.4625,2.7625,0.2125,0.5312,0.2676,0.0,0.125,1.2042,2.2667,0,izFPCsBGS_9fXy8jQ7Rnc2RZ6lnMTJuXM2Tvg7PtZld8nOqeGrE7u3246_XYILm__OhP6ImJNc1XPw,BR1_3277382778,16.17,14.0,11.0,14.118,1
5.6893,0.3647,0.2188,0.1818,0.152,1,0.0,0.1459,0.8023,6.1115,0.3543,0.4429,0.3636,0.2213,1.0,0.1111,0.3543,0.9743,5.0775,0.626,0.1391,0.4643,0.1716,2.0,0.2,0.9042,1.9475,0,8T71pd5RMSa3Ms16fSTaSzyeV0pPM7YI-qB3QRbIaia_8rKWr9mZk4H6uQoaRuLgy-5lMObd42aBIg,BR1_3277157638,16.17,13.71,11.29,14.377,1
7.9225,0.3773,0.0755,0.0,0.1323,0,0.0,0.0,0.5282,7.9172,0.5108,0.1703,0.625,0.3074,2.0,0.0909,0.4257,0.6811,9.8866,0.5493,0.0,0.5714,0.5439,0.0,0.0,1.0985,1.9224,0,8T71pd5RMSa3Ms16fSTaSzyeV0pPM7YI-qB3QRbIaia_8rKWr9mZk4H6uQoaRuLgy-5lMObd42aBIg,BR1_3277110011,16.17,13.253,11.747,3.641,1
5.1545,0.0769,0.5385,0.5,0.3144,1,0.0,0.3077,0.6155,7.6657,0.3333,0.3333,0.3077,0.1557,0.0,0.1818,0.3333,1.0832,8.8429,0.4982,0.3736,0.1667,0.2092,0.0,0.1667,0.2491,1.4946,1,PGC9p-AVM8_OVzGL0xdIxtzdVsv5Af4YePnQDBgMLWmZe1wn0jgRsLzhmzZ96c1LMPe7FISmvtP19Q,BR1_3277463815,16.17,12.998,12.002,8.029,0
8.4286,0.4286,0.1429,0.25,0.2843,0,0.0,0.1429,0.5714,10.2627,0.6551,0.3275,0.3333,0.2824,3.0,0.1111,0.5459,1.6377,14.3907,0.7317,0.1626,0.25,0.2759,4.0,0.1667,0.4065,1.6261,0,PGC9p-AVM8_OVzGL0xdIxtzdVsv5Af4YePnQDBgMLWmZe1wn0jgRsLzhmzZ96c1LMPe7FISmvtP19Q,BR1_3277444964,16.17,14.0,9.159,12.3,1
6.0,0.3571,0.0,0.5,0.216,1,0.25,0.5,1.0,6.1818,0.3636,0.2727,0.7917,0.3834,0.0,0.2,1.7273,2.1818,5.5314,0.3815,0.0,0.6,0.2729,1.0,0.4444,1.1444,1.9074,0,PGC9p-AVM8_OVzGL0xdIxtzdVsv5Af4YePnQDBgMLWmZe1wn0jgRsLzhmzZ96c1LMPe7FISmvtP19Q,BR1_3277227492,16.17,14.0,11.0,5.243,1
7.6429,0.1429,0.0714,0.4444,0.2465,1,0.0,0.2857,0.6429,7.4545,0.4545,0.1818,0.6,0.289,2.0,0.1111,0.5455,0.9091,4.3557,0.3788,0.0,0.7059,0.3774,0.0,0.0909,2.2726,3.2195,0,PGC9p-AVM8_OVzGL0xdIxtzdVsv5Af4YePnQDBgMLWmZe1wn0jgRsLzhmzZ96c1LMPe7FISmvtP19Q,BR1_3276773714,16.17,14.0,11.0,5.28,1
6.1123,0.1455,0.1455,0.3333,0.1607,0,0.0,0.1455,0.4366,6.7512,0.4442,0.2665,0.0833,0.1411,0.0,0.0,0.0888,1.066,7.2412,0.4827,0.0,0.3684,0.1655,0.0,0.4167,0.6758,1.8344,0,d-6vTN6GVKu5SYltF8gzBFv4ThZMpBGaakRV-GjqHQRFWaxiQfsOyku36U-A64rKLBqIO47qPDyXBg,BR1_3277152037,16.17,13.743,11.257,10.357,1
5.2857,0.3571,0.2857,0.1818,0.166,0,0.0,0.1429,0.7857,5.6364,0.2727,0.3636,0.2308,0.132,0.0,0.125,0.2727,1.1818,5.1613,0.3097,0.4129,0.3333,0.1945,0.0,0.375,0.5161,1.5484,0,jixGoDC8JB9b2q6inQq8yp8Mum0Z_1K3p_Yy3OqZhmFIzzoK9W2gqEfVhmGFPTLfqKNuNtM0LoLQZg,BR1_3273516543,16.16,14.0,11.0,9.688,1
6.7787,0.2916,0.1458,0.4118,0.2839,5,0.25,0.5102,1.2391,8.2125,0.5264,0.1053,0.1429,0.1111,1.0,0.0,0.1053,0.737,3.4723,0.0,0.3858,0.1667,0.2528,1.0,0.0,0.3858,2.3148,0,jixGoDC8JB9b2q6inQq8yp8Mum0Z_1K3p_Yy3OqZhmFIzzoK9W2gqEfVhmGFPTLfqKNuNtM0LoLQZg,BR1_3273504506,16.16,13.719,9.498,2.592,1
7.3571,0.2857,0.2143,0.8,0.3049,3,0.0,0.5714,0.7143,8.5597,0.5771,0.0962,0.7037,0.3769,7.0,0.3846,1.8274,2.5968,,,,,,,,,,0,jixGoDC8JB9b2q6inQq8yp8Mum0Z_1K3p_Yy3OqZhmFIzzoK9W2gqEfVhmGFPTLfqKNuNtM0LoLQZg,BR1_3273494105,16.16,14.0,10.398,0.0,1
4.4421,0.2563,0.1709,0.3333,0.1855,0,0.0,0.0854,0.2563,7.7574,0.5059,0.253,0.125,0.1589,1.0,0.3333,0.0843,0.6746,5.7244,0.3435,0.229,0.7,0.414,2.0,0.2,0.8014,1.1449,0,jixGoDC8JB9b2q6inQq8yp8Mum0Z_1K3p_Yy3OqZhmFIzzoK9W2gqEfVhmGFPTLfqKNuNtM0LoLQZg,BR1_3273052565,16.16,11.706,11.86,8.735,0
8.7143,0.3571,0.0714,0.375,0.1846,2,0.0,0.2143,0.5714,7.4545,0.5455,0.0909,0.56,0.4832,7.0,0.3,1.2727,2.2727,8.4753,0.5527,0.1842,0.75,0.4826,4.0,0.3333,1.6582,2.2109,0,efQKTrX4q3jReGZlz7rXNwI1e8fqzJ4Ovmgy-vsisVgU8v2y6tkiKgB_EvODBhpuoTpEQhq1R2ghgQ,BR1_3277181868,16.17,14.0,11.0,5.428,1
6.6766,0.1935,0.2903,0.4,0.3665,2,0.0,0.1935,0.4838,5.455,0.3409,0.3409,0.375,0.239,0.0,0.1429,0.4091,1.091,5.3849,0.0,0.5668,0.75,0.2066,0.0,0.4286,0.8503,1.1337,0,efQKTrX4q3jReGZlz7rXNwI1e8fqzJ4Ovmgy-vsisVgU8v2y6tkiKgB_EvODBhpuoTpEQhq1R2ghgQ,BR1_3277129845,16.17,10.335,14.665,3.528,0
8.2143,0.3571,0.0,0.2,0.1734,1,0.2,0.1429,0.7143,8.4545,0.4545,0.3636,0.3,0.1707,0.0,0.1,0.2727,0.9091,7.544,0.5029,0.2515,0.8824,0.443,2.0,0.0625,1.2573,1.425,0,efQKTrX4q3jReGZlz7rXNwI1e8fqzJ4Ovmgy-vsisVgU8v2y6tkiKgB_EvODBhpuoTpEQhq1R2ghgQ,BR1_3277032759,16.17,14.0,11.0,11.93,0
6.7267,0.4484,0.1495,0.1111,0.1323,1,0.4,0.0747,0.6727,9.6747,0.5039,0.2016,0.3636,0.2332,0.0,0.1111,0.4031,1.1086,6.889,0.599,0.3994,0.3529,0.1674,1.0,0.0714,0.599,1.6973,0,mVyHf12OqiB2rZfXj_vQjdHNtWBBTJ8nwcwDOD19u_n33pnSpV8KQmbI9fIOe-jc-5D1C6hxnIbnkQ,BR1_3277133960,16.17,13.379,9.923,10.016,1
5.0893,0.4039,0.4039,0.5333,0.3537,6,0.0,0.6463,1.2117,7.1622,0.217,0.3256,0.2105,0.1347,0.0,0.0,0.4341,2.0618,4.164,0.3331,0.4164,0.3333,0.2314,1.0,0.3125,0.3331,0.9994,0,mVyHf12OqiB2rZfXj_vQjdHNtWBBTJ8nwcwDOD19u_n33pnSpV8KQmbI9fIOe-jc-5D1C6hxnIbnkQ,BR1_3277082181,16.17,12.379,9.215,12.008,0
4.5714,0.2857,0.2857,0.5,0.3248,0,0.0,0.2857,0.5714,6.1818,0.0,0.1818,0.6,0.1936,0.0,0.0,0.8182,1.3636,3.0804,0.0,0.4739,0.1818,0.217,0.0,0.25,0.158,0.8688,0,rVI4kBd7d6gnHrsUrgO132DKUdbwGud_Hi8Kgk7luX_4gYcGERaZjJJdJjYEk5hIn9Z-5yW2iJIjfA,BR1_3277235125,16.17,14.0,11.0,12.661,0
6.5256,0.145,0.2175,0.2941,0.1809,1,0.0,0.3625,1.2326,4.3337,0.5099,0.1275,0.4286,0.1813,0.0,0.4286,0.7648,1.7845,2.6559,0.5902,0.1967,0.5294,0.1556,0.0,0.3,0.8853,1.6722,0,2h0s0xX--_tcNrI9z5jJct2Thvx4KW_gb5o5oDHyQfryVnF9jH5RcceBuObRUdclkKn_Xq8F62Oflg,BR1_3277386248,16.17,13.792,7.845,10.166,1
5.1494,0.2985,0.2239,0.25,0.2985,2,0.0,0.3731,1.4926,6.7239,0.5172,0.1724,0.6818,0.3261,2.0,0.0,1.2931,1.8965,4.9737,0.4389,0.7314,0.3333,0.2178,0.0,0.0909,0.2926,0.8777,0,2h0s0xX--_tcNrI9z5jJct2Thvx4KW_gb5o5oDHyQfryVnF9jH5RcceBuObRUdclkKn_Xq8F62Oflg,BR1_3276994017,16.17,13.4,11.6,6.836,0
5.6469,0.3137,0.4706,0.3571,0.2485,1,0.25,0.3921,1.098,4.1865,0.6789,0.3394,0.6471,0.328,1.0,0.4286,1.2446,1.9235,6.2269,0.8303,0.1384,0.5789,0.2063,0.0,0.1875,1.5221,2.6291,0,82rv75hsFhJBR0FU1EMaM8zGuMsa1pIxLmiHqXYV2sR8cZpzviKETlWq0lDHcUzRnD58xf4ivWRDzQ,BR1_3277032606,16.17,12.75,8.838,7.227,1
5.1205,0.4339,0.3472,0.5455,0.2663,3,0.0,0.5207,0.9547,5.178,0.8776,0.5266,0.6,0.2362,0.0,0.0909,0.7899,1.3164,5.9868,0.5613,0.5613,0.8,0.2609,0.0,0.0769,0.3742,0.4677,0,82rv75hsFhJBR0FU1EMaM8zGuMsa1pIxLmiHqXYV2sR8cZpzviKETlWq0lDHcUzRnD58xf4ivWRDzQ,BR1_3276788069,16.17,11.522,11.394,10.69,0
5.8513,0.4388,0.1463,0.375,0.2561,0,0.0,0.2194,0.5851,8.6512,0.7945,0.2648,0.3125,0.2512,2.0,0.3333,0.4414,1.4124,8.1356,0.0,0.8136,0.0,0.2895,0.0,0.4,0.0,0.8136,0,82rv75hsFhJBR0FU1EMaM8zGuMsa1pIxLmiHqXYV2sR8cZpzviKETlWq0lDHcUzRnD58xf4ivWRDzQ,BR1_3276691272,16.17,13.672,11.328,2.458,0
7.0105,0.4802,0.3841,0.4,0.2813,2,0.0,0.3841,0.9603,8.2364,0.6656,0.3328,0.3846,0.2496,2.0,0.3,0.832,2.1631,11.3303,0.7554,0.0,0.7143,0.3286,0.0,0.1,0.9442,1.3219,0,82rv75hsFhJBR0FU1EMaM8zGuMsa1pIxLmiHqXYV2sR8cZpzviKETlWq0lDHcUzRnD58xf4ivWRDzQ,BR1_3276677499,16.17,10.413,12.02,5.296,1
8.0539,0.3628,0.0726,0.5,0.2181,0,0.0,0.2177,0.4353,8.4687,0.624,0.2674,0.5714,0.3034,0.0,0.1,0.7132,1.248,6.3866,0.7096,0.3226,0.7273,0.4209,3.0,0.1429,0.5161,0.7096,0,XBDs9IEC3Dq8UEhyhUEq9Edei707-259w2jrNGljL3RVYOY4RRHll0Ka_pNwcR-EaCgHbfX5tToKyg,BR1_3277420022,16.17,13.782,11.218,15.501,0
4.3528,0.1741,0.3482,0.0,0.194,0,,0.0,0.5223,,,,,,,,,,,,,,,,,,,0,XBDs9IEC3Dq8UEhyhUEq9Edei707-259w2jrNGljL3RVYOY4RRHll0Ka_pNwcR-EaCgHbfX5tToKyg,BR1_3277397962,16.17,5.743,0.0,0.0,0
7.0061,0.3687,0.1475,0.0,0.1027,0,0.0,0.0,0.4425,5.8565,0.437,0.2622,0.4286,0.2119,0.0,0.3333,0.5245,1.2237,8.5084,0.5157,0.1289,0.2857,0.1455,1.0,0.125,0.5157,1.8048,0,5DjVds1Y9-j80K0caIo476oUm343qsdkpbkjmyO9jBV9QDL5ygSvHwPLmvRFs3mnlDsagmhzrsNGyA,BR1_3277442578,16.17,13.56,11.44,7.757,1
6.0705,0.4497,0.2248,0.1,0.1558,1,0.0,0.0749,0.7494,6.9488,0.6863,0.2574,0.4167,0.1805,0.0,0.0909,0.4289,1.0295,12.3638,0.9761,0.1085,0.5882,0.2625,2.0,0.2,1.0845,1.8437,0,8vN7RLWPaaha_U70yxXya5LllMlpdKyHrOYw2ZOqeBskN05iecAnocB11kGxoyqUtWyXh65Uaf8ZJQ,BR1_3277400450,16.17,13.343,11.657,9.22,1
7.0241,0.6175,0.1544,0.5714,0.3179,4,0.0,0.6175,1.0806,9.2501,0.8222,0.3083,0.3684,0.2285,0.0,0.0909,0.7195,1.9528,6.5266,0.8702,0.3263,0.4667,0.237,0.0,0.0,0.7614,1.6317,0,8vN7RLWPaaha_U70yxXya5LllMlpdKyHrOYw2ZOqeBskN05iecAnocB11kGxoyqUtWyXh65Uaf8ZJQ,BR1_3277240766,16.17,12.955,9.73,9.193,1
8.114,0.4386,0.0,0.0714,0.0787,0,0.0,0.0731,1.0234,7.6855,0.0,0.1767,0.3043,0.1392,1.0,0.2143,0.6184,2.0318,2.5656,0.0,0.2332,0.75,0.2226,0.0,0.0,1.3994,1.8659,0,UPLbT2J294yNgUC3pC-ND7GKnK6SWtohY0pVOjdA9d9olc14MsMlpGVb4w8X2fEIpI8P72qLSnBMCQ,BR1_3277250612,16.17,13.68,11.32,4.288,1
5.9286,0.3571,0.1429,0.5833,0.3286,0,0.0,0.5,0.8571,8.2727,0.4545,0.1818,0.3333,0.2736,0.0,0.1,0.3636,1.0909,4.9641,0.0,0.2482,0.6429,0.2315,0.0,0.2308,1.1169,1.7374,0,UPLbT2J294yNgUC3pC-ND7GKnK6SWtohY0pVOjdA9d9olc14MsMlpGVb4w8X2fEIpI8P72qLSnBMCQ,BR1_3277217271,16.17,14.0,11.0,8.058,1
6.3635,0.388,0.2328,0.25,0.2088,1,0.25,0.2328,0.9312,7.1818,0.4127,0.1651,0.375,0.1729,0.0,0.3333,0.4953,1.3208,7.22,0.4466,0.0744,0.2941,0.1011,0.0,0.2353,0.3722,1.2654,1,UPLbT2J294yNgUC3pC-ND7GKnK6SWtohY0pVOjdA9d9olc14MsMlpGVb4w8X2fEIpI8P72qLSnBMCQ,BR1_3276438347,16.17,12.886,12.114,13.435,1
9.5,0.3571,0.1429,0.1875,0.145,0,0.0,0.2143,1.1429,11.1818,0.4545,0.1818,0.35,0.2306,2.0,0.0,0.6364,1.8182,9.1646,0.5728,0.1909,0.3636,0.2727,3.0,0.1429,0.7637,2.1002,0,6mgRPw9rDiow-kduWNZKe8TlUr-Z9IBBly24tCzaRYjQ7Fg-7FEUJElUzzv6hNVy7lBKgpQqEjXUIg,BR1_3277461258,16.17,14.0,11.0,5.238,1
7.4286,0.3571,0.2857,0.0,0.2107,0,0.0,0.0,0.3571,8.3636,0.3636,0.1818,0.2143,0.2061,0.0,0.2727,0.2727,1.2727,7.1126,0.1654,0.4135,0.5455,0.1834,0.0,0.0,0.9924,1.8195,0,6mgRPw9rDiow-kduWNZKe8TlUr-Z9IBBly24tCzaRYjQ7Fg-7FEUJElUzzv6hNVy7lBKgpQqEjXUIg,BR1_3277269531,16.17,14.0,11.0,12.091,0
9.0139,0.4545,0.0757,0.1667,0.229,1,0.0,0.2272,1.3634,8.1369,0.4238,0.0,0.6,0.2381,1.0,0.0,0.7628,1.2714,9.8922,0.4038,0.2524,0.3529,0.2487,1.0,0.1667,0.3028,0.858,0,6mgRPw9rDiow-kduWNZKe8TlUr-Z9IBBly24tCzaRYjQ7Fg-7FEUJElUzzv6hNVy7lBKgpQqEjXUIg,BR1_3277264523,16.17,13.202,11.798,19.814,0
3.5551,0.316,0.316,0.1818,0.1499,0,0.0,0.158,0.869,4.0071,0.3536,0.3536,0.5,0.1893,0.0,0.2222,0.4714,0.9429,0.59,0.295,0.885,0.5,0.1472,0.0,0.1,0.295,0.59,0,rtPGFiIgX9GVeZT6arJgvIwr8zyXEnDxUDmMcvqdo6n0fKJe8p4ejtt9LU2pIH7XmmKI-9ypHz7BNA,BR1_3276851088,16.17,12.658,8.485,3.39,0
5.3765,0.1823,0.0,0.375,0.1187,0,0.0,0.2734,0.729,6.6481,0.7949,0.2168,0.5238,0.2775,0.0,0.2857,0.7949,1.5175,6.4499,0.4398,0.4398,0.4286,0.2073,1.0,0.2727,0.8795,2.0522,0,rtPGFiIgX9GVeZT6arJgvIwr8zyXEnDxUDmMcvqdo6n0fKJe8p4ejtt9LU2pIH7XmmKI-9ypHz7BNA,BR1_3276833041,16.17,10.974,13.839,6.822,0
5.6429,0.2857,0.2857,0.4286,0.2055,0,0.25,0.2143,0.5,8.1698,0.3771,0.2514,0.2857,0.1572,0.0,0.1429,0.2514,0.8798,5.1195,0.7314,0.7314,1.0,0.2469,0.0,0.0,0.7314,0.7314,0,fo1iherZxhxW1i8w1oSJRwPT0CcKrRFhAQdfRvJmyArZkAEBJUCEewruhRdGR4qnzzgm4DQ0q4w_Sw,BR1_3277381647,16.17,14.0,7.956,1.367,0
7.9286,0.3571,0.0,0.0,0.179,0,0.0,0.0,0.5714,9.2727,0.4545,0.0909,0.4545,0.1878,0.0,0.1111,0.4545,1.0,6.4836,0.2665,0.3553,0.5,0.2216,0.0,0.0,0.2665,0.5329,0,fo1iherZxhxW1i8w1oSJRwPT0CcKrRFhAQdfRvJmyArZkAEBJUCEewruhRdGR4qnzzgm4DQ0q4w_Sw,BR1_3277361771,16.17,14.0,11.0,11.259,0
6.2857,0.3571,0.0,0.6667,0.2691,1,0.2,0.4286,0.6429,4.8851,0.0,0.4441,0.0,0.0398,0.0,,0.0,2.6646,,,,,,,,,,0,fo1iherZxhxW1i8w1oSJRwPT0CcKrRFhAQdfRvJmyArZkAEBJUCEewruhRdGR4qnzzgm4DQ0q4w_Sw,BR1_3277355765,16.17,14.0,2.252,0.0,1
6.4255,0.3134,0.0,0.4444,0.276,0,0.6,0.3134,0.7052,8.327,0.5077,0.0,0.125,0.3354,1.0,0.1429,0.1015,0.8124,5.7927,0.0,0.4138,0.3333,0.2617,1.0,0.1429,0.4138,1.2413,1,fo1iherZxhxW1i8w1oSJRwPT0CcKrRFhAQdfRvJmyArZkAEBJUCEewruhRdGR4qnzzgm4DQ0q4w_Sw,BR1_3277298599,16.17,12.762,9.847,2.417,0
8.5522,0.4708,0.0785,0.4,0.2446,0,0.0,0.1569,0.3923,8.5018,0.4658,0.2329,0.2,0.2213,0.0,0.125,0.2329,1.1646,10.9575,0.3778,0.3023,0.4545,0.3527,0.0,0.0625,0.3778,0.8313,0,HJhAX3_50GUzCDfpBbA_IM6SFnpXMLbPFKFtwSlkrbDRTxcWL3jqRh8Gelkaqiz1iq7I30hdF7W3xQ,BR1_3276900051,16.17,12.745,8.586,13.233,0
6.6284,0.5395,0.0771,0.1667,0.2134,1,0.4,0.1541,0.9249,9.2635,0.4289,0.3431,0.25,0.2827,1.0,0.2,0.1715,0.6862,7.9808,0.6199,0.2324,0.5455,0.3452,2.0,0.1765,0.4649,0.8523,0,HJhAX3_50GUzCDfpBbA_IM6SFnpXMLbPFKFtwSlkrbDRTxcWL3jqRh8Gelkaqiz1iq7I30hdF7W3xQ,BR1_3276208822,16.16,12.974,11.659,12.906,0
6.4286,0.4286,0.2143,0.6667,0.2234,3,0.4,0.2857,0.4286,8.9297,0.4202,0.3152,0.3333,0.2969,2.0,0.125,0.2101,0.6303,5.7958,0.3864,0.3864,0.0,0.1247,0.0,0.0,0.0,0.3864,1,9EH1snFK66SRJl9rrFcnn5io-3lNxsFDdhIFnIoQq12-QLkXDL5J_IASLPBV9P6Bu7k6ASMdEBLVgQ,BR1_3277454048,16.17,14.0,9.519,2.588,0
5.0884,0.2827,0.3769,0.5,0.3162,1,0.0,0.2827,0.5654,4.4714,0.828,0.5796,0.4,0.258,0.0,0.4286,0.4968,1.2421,,,,,,,,,,0,M-FQHjTrO9rygimyRoc5BfW4_MzWOuhlY0MVmjSNu2jv_plFvhAq8KBDm-2tkBMxKOz2ZUVjo0Hy6w,BR1_3277381617,16.17,10.612,12.077,0.0,0
5.5,0.4286,0.2143,0.5385,0.3084,4,0.0,1.0,1.8571,7.5415,0.5292,0.3969,0.2143,0.2127,1.0,0.0769,0.3969,1.8523,,,,,,,,,,1,M-FQHjTrO9rygimyRoc5BfW4_MzWOuhlY0MVmjSNu2jv_plFvhAq8KBDm-2tkBMxKOz2ZUVjo0Hy6w,BR1_3277374076,16.17,14.0,7.558,0.0,1
6.4849,0.5469,0.3907,0.0,0.2824,0,0.0,0.0,0.3907,6.5568,0.6557,0.4098,0.5333,0.1909,0.0,0.0769,0.6557,1.2294,5.5426,0.5279,0.0,0.6154,0.172,0.0,0.0769,1.0557,1.7156,0,M-FQHjTrO9rygimyRoc5BfW4_MzWOuhlY0MVmjSNu2jv_plFvhAq8KBDm-2tkBMxKOz2ZUVjo0Hy6w,BR1_3277353696,16.17,12.799,12.201,7.578,1
6.2354,0.3005,0.3756,0.0833,0.201,0,0.0,0.0751,0.9015,5.6928,0.5255,0.2627,0.3889,0.1968,1.0,0.0,0.6131,1.5765,7.1649,0.4071,0.3257,0.4118,0.2353,2.0,0.0,0.5699,1.3841,0,M-FQHjTrO9rygimyRoc5BfW4_MzWOuhlY0MVmjSNu2jv_plFvhAq8KBDm-2tkBMxKOz2ZUVjo0Hy6w,BR1_3276891064,16.17,13.311,11.418,12.282,0
6.1743,0.3632,0.0908,0.25,0.1989,1,0.0,0.0908,0.3632,4.0753,0.429,0.5005,0.5556,0.343,0.0,0.25,0.3575,0.6435,11.0817,0.0,1.8469,0.0,0.317,0.0,0.4,0.0,0.0,0,IvECRujbToX5l7zNzGFhUQ5Dit82vagFHii2QcIcs2TqK-pnS9e-EYeukL7ru5HAWqAnyAIJbwEk2A,BR1_3276916133,16.17,11.013,13.987,1.083,0
4.2578,0.3154,0.1577,0.25,0.2145,1,1.0,0.2365,0.9462,0.0,0.0,0.0,0.0,0.0,0.0,0.3333,0.0,0.0,,,,,,,,,,0,IvECRujbToX5l7zNzGFhUQ5Dit82vagFHii2QcIcs2TqK-pnS9e-EYeukL7ru5HAWqAnyAIJbwEk2A,BR1_3276903811,16.17,12.683,0.229,0.0,1
9.2143,0.2857,0.2143,0.4,0.4369,3,0.0,0.2857,0.7143,7.7273,0.4545,0.4545,0.5,0.3806,3.0,0.1818,0.2727,0.5455,10.4836,0.4442,0.0888,0.2,0.1754,0.0,0.1333,0.2665,1.3327,0,SY0GK4IZ6Lf5Jyr1KgGGnBnwSj3X7UfhPm2afGqK4CPvggFY5tc4rFJwIpbN1jBZwXD3K8nV4AlQvA,BR1_3277185669,16.17,14.0,11.0,11.256,0
6.6429,0.7857,0.1429,0.6667,0.3721,3,0.0,0.2857,0.4286,8.3636,2.7273,0.1818,0.5,0.342,4.0,0.0769,1.0,2.0,5.9702,1.9901,0.2059,0.4286,0.2262,0.0,0.1111,0.6176,1.4411,0,SY0GK4IZ6Lf5Jyr1KgGGnBnwSj3X7UfhPm2afGqK4CPvggFY5tc4rFJwIpbN1jBZwXD3K8nV4AlQvA,BR1_3276901168,16.17,14.0,11.0,14.572,1
5.8571,0.2857,0.2143,0.7273,0.4031,3,0.0,0.5714,0.7857,4.3636,0.2727,0.1818,0.2727,0.2407,2.0,0.1818,0.5455,2.0,6.1456,0.0,0.8779,0.3333,0.1822,0.0,,0.439,1.3169,0,0_3SPmgJQp_-mf07A1KnQDoGw2tI-0YU98yDtEcvwlLDTYEwgVSiy_kZ3UadHRQ1hgqizQO1GQUzeQ,BR1_3277451810,16.17,14.0,11.0,2.278,1
5.7857,0.2857,0.3571,0.2308,0.2377,1,0.2,0.2143,0.9286,5.4545,0.0,0.4545,0.3333,0.1195,2.0,0.2222,0.3636,1.0909,4.5325,0.1225,0.245,0.5,0.26,0.0,0.1667,0.6125,1.225,0,fRmSrgGvcrIzdgNwLVaezuTKlvlZYZbrqFEwBksrgAwTv2OGYQ9DiCoA_TuQTgTyAkmRpQ8DYoDHxg,BR1_3277465872,16.17,14.0,11.0,8.163,0
5.4807,0.3425,0.1142,0.25,0.2094,1,0.0,0.1142,0.4567,6.9737,0.4438,0.3804,0.5263,0.2694,2.0,0.0,0.634,1.2045,,,,,,,,,,0,03wnKqB3AtdWBcGUKInTJ4R0jEzUfxO5cC5PReNncKDuvgVU8PlS_6Upj1dp2FN9QMBh3z40pp1vjw,BR1_3276878250,16.17,8.758,15.774,0.0,0
5.0782,0.3502,0.1751,0.3333,0.1995,0,0.75,0.0876,0.2627,6.4808,0.4419,0.3682,0.3889,0.2299,0.0,0.1111,0.5155,1.3256,8.3369,0.0,0.6413,0.6667,0.196,0.0,0.2727,0.4275,0.6413,0,03wnKqB3AtdWBcGUKInTJ4R0jEzUfxO5cC5PReNncKDuvgVU8PlS_6Upj1dp2FN9QMBh3z40pp1vjw,BR1_3276373863,16.17,11.421,13.579,4.678,0
5.7801,0.2752,0.367,0.3636,0.2834,3,0.0,0.367,1.0092,7.021,0.5674,0.2128,0.381,0.2928,2.0,0.1429,0.5674,1.4893,5.1882,0.9156,0.3052,0.0,0.2097,0.0,0.0,0.0,0.6104,0,45q3CPisuTgzO6Z3uoGtiMisrAFHbAqX6BWgmIHMs-TGZTo2qYFCbN1C9_D0AjDXohVFs9UBAIMy-A,BR1_3273672997,16.16,10.899,14.101,3.277,0
8.1817,0.3557,0.0,0.125,0.263,0,0.0,0.0889,0.7114,7.3426,0.3635,0.2908,0.4074,0.2386,2.0,0.0833,0.7997,1.9629,3.9682,0.6614,0.6614,0.5,0.2964,0.0,0.1818,0.1653,0.3307,0,45q3CPisuTgzO6Z3uoGtiMisrAFHbAqX6BWgmIHMs-TGZTo2qYFCbN1C9_D0AjDXohVFs9UBAIMy-A,BR1_3272537895,16.16,11.245,13.755,6.048,0
5.9909,0.3609,0.0,0.4211,0.2281,2,0.0,0.5774,1.3714,6.7941,0.3828,0.0,0.65,0.332,2.0,0.3636,1.244,1.9138,4.6239,0.0,0.0,0.6667,0.3945,0.0,0.5,2.3119,3.4679,0,DPE8e30xxes_EpUMAn9h96A9-cfRlHZHht0Ter1JSB8glPR_EPU39hatEt1kRjNDasXSo4Md-tWPow,BR1_3276749183,16.17,13.854,10.45,1.73,1
5.9783,0.2187,0.2187,0.3529,0.174,0,0.0,0.4374,1.2394,8.6316,0.4465,0.4465,0.8,0.4114,0.0,0.25,0.5953,0.7441,5.0487,0.0,0.297,0.5,0.3122,1.0,0.5,0.594,1.1879,0,DPE8e30xxes_EpUMAn9h96A9-cfRlHZHht0Ter1JSB8glPR_EPU39hatEt1kRjNDasXSo4Md-tWPow,BR1_3276701891,16.17,13.716,6.719,3.367,0
8.909,0.346,0.0865,0.3125,0.218,2,0.25,0.4325,1.3839,6.4588,0.0788,0.2363,0.3714,0.2961,5.0,0.2778,1.024,2.7568,,,,,,,,,,0,DPE8e30xxes_EpUMAn9h96A9-cfRlHZHht0Ter1JSB8glPR_EPU39hatEt1kRjNDasXSo4Md-tWPow,BR1_3276647657,16.17,11.561,12.696,0.0,1
7.6596,0.2369,0.2369,0.5,0.253,0,0.0,0.3948,0.7897,8.0251,0.0811,0.2432,0.4737,0.3721,2.0,0.1,0.7296,1.5402,1.7315,0.0,0.6296,0.5,0.3586,1.0,0.3,0.6296,1.2593,0,DPE8e30xxes_EpUMAn9h96A9-cfRlHZHht0Ter1JSB8glPR_EPU39hatEt1kRjNDasXSo4Md-tWPow,BR1_3276393035,16.17,12.664,12.336,6.353,0
4.3658,0.3358,0.1679,0.2727,0.2316,1,0.0,0.2519,0.9235,3.8199,0.2292,0.4584,0.2632,0.1347,1.0,0.0909,0.382,1.4516,6.1194,0.408,0.0,0.1538,0.1134,1.0,0.0,0.408,2.6517,0,9kyxqelrz_waImivPROOKJKmC3K4f0hVPgD1-EOuyYQsTrbagIjpOWWwFIPoti7Kt9f83S1icDIz1Q,BR1_3277248580,16.17,11.911,13.089,4.902,1
5.8888,0.2181,0.2181,0.0714,0.0958,0,0.0,0.0727,1.0178,6.2249,0.3557,0.2668,0.2,0.1338,0.0,0.1111,0.2668,1.3339,5.2796,0.4297,0.2456,0.6,0.1583,1.0,0.125,0.5525,0.9209,0,9kyxqelrz_waImivPROOKJKmC3K4f0hVPgD1-EOuyYQsTrbagIjpOWWwFIPoti7Kt9f83S1icDIz1Q,BR1_3277239487,16.17,13.755,11.245,16.289,0
6.9354,0.3557,0.2667,0.5,0.3258,1,0.0,0.0889,0.1778,7.5715,0.4885,0.2442,0.0,0.2128,0.0,0.3333,0.0,0.2442,,,,,,,,,,0,5kXoA_IJwS87vNhmnMWeysnAyTPvLb2V5jcjVxcCsQwy5o9Bsmmc2lXKjLutUasng4SbKVCz9Qyk5g,BR1_3277242287,16.17,11.247,4.094,0.0,0
6.747,0.3627,0.1451,0.5625,0.2394,2,0.4,0.6529,1.1608,6.723,0.2586,0.2586,0.375,0.2266,1.0,0.375,0.3879,1.0343,7.2274,0.5162,0.1475,0.3182,0.26,1.0,0.0,0.5162,1.6225,0,5kXoA_IJwS87vNhmnMWeysnAyTPvLb2V5jcjVxcCsQwy5o9Bsmmc2lXKjLutUasng4SbKVCz9Qyk5g,BR1_3277209712,16.17,13.784,7.735,13.56,1
6.8571,0.3571,0.2143,0.5,0.2728,3,0.0,0.4286,0.8571,9.6364,0.0,0.0909,0.5238,0.2825,3.0,0.1111,1.0,1.9091,10.1648,0.0,0.0,0.5,0.38,0.0,0.2222,0.3388,0.6777,1,HA_eacwH5I9MD4xhfurEHIFTsvFQ5n8M-t5wNYZ7fCKln_42i8Kwq_qEKxU-yioVor6VzwdsBRl7qg,BR1_3276667113,16.17,14.0,11.0,2.951,1
6.8571,0.5714,0.3571,0.4444,0.3128,2,0.0,0.2857,0.6429,9.0055,0.5688,0.2844,0.1765,0.1854,0.0,0.3333,0.2844,1.6115,7.4916,0.6709,0.4473,0.6667,0.088,0.0,0.2667,0.6709,1.0063,0,1AE7AblKt7d2XsbA2CAS5Xvk9uI6LrUAj6LfieaSFYjyGdIApIr5ogXCeIbh_cEKyePiBcrsHNTFmg,BR1_3276896686,16.17,14.0,10.549,8.943,0
7.3142,0.4571,0.3809,0.2857,0.2586,3,0.0,0.3048,1.0666,6.1475,0.9263,0.5053,0.4,0.3136,3.0,0.1538,0.5053,1.2632,8.1202,0.0,0.2953,0.2857,0.2145,1.0,0.125,0.2953,1.0335,0,1AE7AblKt7d2XsbA2CAS5Xvk9uI6LrUAj6LfieaSFYjyGdIApIr5ogXCeIbh_cEKyePiBcrsHNTFmg,BR1_3276140550,16.16,13.125,11.875,6.773,0
4.5,0.3571,0.1429,0.5,0.247,2,0.0,0.3571,0.7143,5.0909,0.2727,0.1818,0.6875,0.2672,0.0,0.0,1.0,1.4545,3.6425,0.4857,0.1619,0.55,0.18,0.0,0.2857,0.8904,1.6189,0,Xc3e6u6oqK_upcKWfGlrB1j2bn9B-M7ueiburjXx_FLO23ee-RHIFjfBMke-y0rqs9gdNdLvx_4z5A,BR1_3277448912,16.17,14.0,11.0,12.354,1
7.8571,0.3571,0.0714,0.7,0.2932,4,0.0,0.5,0.7143,9.8182,0.2727,0.2727,0.2727,0.1493,0.0,0.1333,0.2727,1.0,5.6001,0.2667,0.2667,0.75,0.3492,3.0,0.0,1.0667,1.4222,1,Xc3e6u6oqK_upcKWfGlrB1j2bn9B-M7ueiburjXx_FLO23ee-RHIFjfBMke-y0rqs9gdNdLvx_4z5A,BR1_3277430864,16.17,14.0,11.0,11.25,1
4.6675,0.2029,0.5073,0.1667,0.1927,1,0.0,0.1015,0.6088,4.6019,0.251,0.4184,0.3846,0.1533,0.0,0.1111,0.4184,1.0877,,,,,,,,,,1,Xc3e6u6oqK_upcKWfGlrB1j2bn9B-M7ueiburjXx_FLO23ee-RHIFjfBMke-y0rqs9gdNdLvx_4z5A,BR1_3277420574,16.17,9.855,11.951,0.0,0
6.3571,0.2143,0.2857,0.4615,0.3418,2,0.0,0.4286,0.9286,6.5455,0.6364,0.2727,0.625,0.4182,3.0,0.125,0.4545,0.7273,9.2562,0.4976,0.1991,0.4,0.2937,1.0,0.2308,0.5972,1.4929,0,Xc3e6u6oqK_upcKWfGlrB1j2bn9B-M7ueiburjXx_FLO23ee-RHIFjfBMke-y0rqs9gdNdLvx_4z5A,BR1_3277403294,16.17,14.0,11.0,10.047,1
4.5844,0.1993,0.598,0.7143,0.2668,1,0.0,0.4983,0.6976,4.5816,0.4434,0.4434,0.5882,0.2262,1.0,0.1111,0.739,1.2562,,,,,,,,,,0,YvT4qm-gz5U6WbA_uqLP08Nju12nOdm1qf2v3qZET076Y27Ex7RvILvOFhf71lf4F2-uAKhvsssZig,BR1_3277417242,16.17,10.034,13.532,0.0,0
8.2873,0.2645,0.0882,0.0,0.0725,0,0.0,0.0,0.7935,6.944,0.2723,0.1362,0.3333,0.2192,1.0,0.0,0.5446,1.6339,,,,,,,,,,0,YvT4qm-gz5U6WbA_uqLP08Nju12nOdm1qf2v3qZET076Y27Ex7RvILvOFhf71lf4F2-uAKhvsssZig,BR1_3277345211,16.17,11.343,7.345,0.0,1
6.9693,0.3915,0.2349,0.2727,0.1422,2,0.0,0.2349,0.8614,6.705,0.4088,0.2453,0.25,0.2192,2.0,0.1,0.4906,1.9624,6.209,0.324,0.216,0.4286,0.2473,0.0,0.2083,0.6479,1.5118,0,d0NnVwrxfuNl9xhlkPGKKyvxBNSVWSH-IcaySp0pWas3MNn77vABFZ8sMFLc06BB4yqEFLDde7KjlQ,BR1_3276809205,16.17,12.77,12.23,18.521,1
8.3681,0.3638,0.0728,0.1818,0.2092,2,0.0,0.1455,0.8004,6.7512,0.2665,0.6218,0.6364,0.3214,4.0,0.1667,0.6218,0.9771,4.2608,0.0,0.5945,0.7143,0.359,3.0,0.1333,0.4954,0.6936,1,d0NnVwrxfuNl9xhlkPGKKyvxBNSVWSH-IcaySp0pWas3MNn77vABFZ8sMFLc06BB4yqEFLDde7KjlQ,BR1_3276784809,16.17,13.743,11.257,10.092,0
8.2857,0.4286,0.0714,0.1429,0.1934,0,0.0,0.0714,0.5,9.6364,0.3636,0.0,0.4667,0.2485,0.0,0.125,0.6364,1.3636,8.4539,0.2882,0.1921,0.4737,0.2113,1.0,0.2778,0.8646,1.8253,0,l8rrlRjtLfqZK5BXPZX2u8qvtd2BSXuxXE4OUaLGS7LjyLmxq1N4pmjJLO6ImPxFVG_Z9TH8y6Samg,BR1_3276091338,16.16,14.0,11.0,10.409,1
8.7143,0.4286,0.0,0.3571,0.2475,1,0.0,0.3571,1.0,10.2727,0.4545,0.2727,0.2222,0.1607,0.0,0.0,0.3636,1.6364,3.6669,0.3334,0.3334,0.4375,0.2156,0.0,0.1111,1.1667,2.6668,0,l8rrlRjtLfqZK5BXPZX2u8qvtd2BSXuxXE4OUaLGS7LjyLmxq1N4pmjJLO6ImPxFVG_Z9TH8y6Samg,BR1_3275837598,16.16,14.0,11.0,6.0,1
7.1429,0.2857,0.0,0.5833,0.1792,1,0.0,0.5,0.8571,5.4545,0.5455,0.2727,0.5238,0.2659,0.0,0.25,1.0,1.9091,4.144,0.3909,0.3128,0.5556,0.2818,2.0,0.0,1.1728,2.1111,0,l8rrlRjtLfqZK5BXPZX2u8qvtd2BSXuxXE4OUaLGS7LjyLmxq1N4pmjJLO6ImPxFVG_Z9TH8y6Samg,BR1_3275656951,16.16,14.0,11.0,12.79,1
7.1489,0.5687,0.1625,0.0,0.1714,0,0.0,0.0,0.5687,3.7036,0.5516,0.2364,0.5882,0.2368,1.0,0.5,0.788,1.3396,3.3658,1.0097,0.5049,0.3333,0.2569,1.0,0.1,0.6732,2.0195,0,J6V_XVjgjcUTJ1XCJZL6uat5RqALjQZYSdX7FLdDX6WOgL9waPCmHIYuMAbZ7ofDc3Ht-0RkEnNDVA,BR1_3275578678,16.16,12.31,12.69,5.942,1
7.5798,0.4407,0.0881,0.1667,0.2946,0,0.0,0.1763,1.0577,8.1996,0.4969,0.2485,0.7059,0.3816,0.0,0.1429,0.9939,1.408,5.1797,0.0,0.74,0.8,0.2876,0.0,0.5,2.9598,3.6998,0,J6V_XVjgjcUTJ1XCJZL6uat5RqALjQZYSdX7FLdDX6WOgL9waPCmHIYuMAbZ7ofDc3Ht-0RkEnNDVA,BR1_3275321989,16.16,11.346,12.074,1.351,0
7.002,0.4168,0.2501,0.125,0.2401,1,0.0,0.0834,0.6669,7.3827,0.5383,0.3845,0.625,0.2066,1.0,0.0667,0.3845,0.6152,4.108,0.0,0.2416,0.5333,0.1725,1.0,0.0,0.6444,1.2082,0,J6V_XVjgjcUTJ1XCJZL6uat5RqALjQZYSdX7FLdDX6WOgL9waPCmHIYuMAbZ7ofDc3Ht-0RkEnNDVA,BR1_3274795166,16.16,11.997,13.003,12.415,0
5.5714,0.3571,0.1429,0.1667,0.2551,1,0.0,0.0714,0.4286,7.2727,0.5455,0.1818,0.6667,0.3281,0.0,0.1429,0.3636,0.5455,7.6973,0.3665,0.7331,0.0,0.2592,0.0,0.5,0.0,0.0,0,Zd2jj7e85e8gcklTBGPgndkv8dru2gxP-nmsN2D-GN4GQfr1ugoGhuJ1Bx9YoDUs3ZL35Uts2sTeGg,BR1_3277357609,16.17,14.0,11.0,2.728,0
6.8749,0.5231,0.2242,0.6667,0.1926,1,0.0,0.4484,0.6725,7.4023,1.3772,0.0861,0.75,0.2562,1.0,0.0909,0.7747,1.0329,7.2381,1.8286,0.2286,0.75,0.3626,3.0,0.3125,0.4571,0.6095,0,Zd2jj7e85e8gcklTBGPgndkv8dru2gxP-nmsN2D-GN4GQfr1ugoGhuJ1Bx9YoDUs3ZL35Uts2sTeGg,BR1_3277303560,16.17,13.382,11.618,13.125,1
7.7857,0.5,0.1429,0.1111,0.1712,0,0.0,0.0714,0.6429,6.9091,0.4545,0.3636,0.4167,0.1829,0.0,0.1818,0.4545,1.0909,11.0898,0.6337,0.1584,0.1667,0.1797,1.0,0.0,0.1584,0.9506,0,Zd2jj7e85e8gcklTBGPgndkv8dru2gxP-nmsN2D-GN4GQfr1ugoGhuJ1Bx9YoDUs3ZL35Uts2sTeGg,BR1_3277106614,16.17,14.0,11.0,6.312,0
5.2287,0.3845,0.3076,0.4118,0.2127,2,0.0,0.5382,1.3072,4.8355,0.5002,0.5002,0.4118,0.1521,3.0,0.3333,0.5836,1.4173,4.466,0.7881,0.3503,0.3125,0.0938,0.0,0.1667,0.4378,1.4011,1,hCXH0eSwqUl5l37XzSI6GdV-MT9mjBfsjjjso2TVYt5R7PzJ89Dsv7LLbuU9o-ty22qFkzOsrbQ7Ig,BR1_3276039042,16.16,13.005,11.995,11.419,1
5.0,0.5,0.2857,0.4615,0.3196,0,0.2,0.4286,0.9286,3.7273,0.8182,0.2727,0.6316,0.3042,3.0,0.0,1.0909,1.7273,8.854,1.2074,0.1342,0.3125,0.2268,2.0,0.1818,0.6708,2.1464,0,hCXH0eSwqUl5l37XzSI6GdV-MT9mjBfsjjjso2TVYt5R7PzJ89Dsv7LLbuU9o-ty22qFkzOsrbQ7Ig,BR1_3275978491,16.16,14.0,11.0,7.454,1
4.1661,0.4545,0.2272,0.7273,0.3937,5,0.0,0.606,0.8332,5.9066,0.7876,0.2953,0.4667,0.2264,3.0,0.1111,0.6891,1.4767,4.1226,0.7329,0.3665,0.4118,0.2368,1.0,0.1818,0.6413,1.5574,0,hCXH0eSwqUl5l37XzSI6GdV-MT9mjBfsjjjso2TVYt5R7PzJ89Dsv7LLbuU9o-ty22qFkzOsrbQ7Ig,BR1_3275963409,16.16,13.202,10.158,10.915,0
8.0714,0.5714,0.0,0.2308,0.1705,1,0.5,0.2143,0.9286,6.2988,0.1145,0.229,0.25,0.1364,0.0,0.4,0.3436,1.3743,5.4152,0.1593,0.4778,0.3913,0.2031,3.0,0.1667,0.4778,1.2211,0,XoIS9Q7naVNEh-0Js37aW-EpgrhilGAZD0xuqJqWBz7xNS6swFrVPL2qlJzoQulaO_--r1kStneWGw,BR1_3276919684,16.17,14.0,8.732,18.836,0
5.4168,0.2802,0.0934,0.1667,0.2013,0,0.0,0.1868,1.1207,4.7577,0.2799,0.2799,0.3889,0.247,1.0,0.0833,0.4898,1.2594,4.3015,0.4163,0.3238,0.4483,0.1523,0.0,0.0526,0.6013,1.3413,0,Xkzr5xZk1XUSs2vfq5JDFQpiQ6-r0X-8n5VZcd2PW4wlRREK04C_8zzQyZlstcCIs71ufhKLIecFBQ,BR1_3277407482,16.17,10.707,14.293,21.62,1
7.6429,0.2857,0.1429,0.1538,0.1756,1,0.0,0.1429,0.9286,5.3747,0.0,0.375,0.8571,0.3424,1.0,0.125,0.75,0.8749,8.0305,0.2059,0.3089,0.5625,0.1912,1.0,0.5,0.9266,1.6473,0,Xkzr5xZk1XUSs2vfq5JDFQpiQ6-r0X-8n5VZcd2PW4wlRREK04C_8zzQyZlstcCIs71ufhKLIecFBQ,BR1_3277375767,16.17,14.0,8.001,9.713,0
8.2936,0.1508,0.1508,0.2,0.2322,1,0.0,0.2262,1.131,9.3085,0.428,0.0,0.6842,0.3983,3.0,0.1667,1.3909,2.0329,,,,,,,,,,0,Xkzr5xZk1XUSs2vfq5JDFQpiQ6-r0X-8n5VZcd2PW4wlRREK04C_8zzQyZlstcCIs71ufhKLIecFBQ,BR1_3277365033,16.17,13.263,9.346,0.0,1
8.5952,0.3306,0.1653,0.6,0.2751,2,0.25,0.2479,0.4132,5.3487,0.2326,0.3876,0.6429,0.4283,6.0,0.0,0.6977,1.0852,29.9582,0.0,1.5767,0.0,0.4182,0.0,,0.0,0.0,0,Xkzr5xZk1XUSs2vfq5JDFQpiQ6-r0X-8n5VZcd2PW4wlRREK04C_8zzQyZlstcCIs71ufhKLIecFBQ,BR1_3277351283,16.17,12.1,12.9,0.634,0
6.8168,0.1567,0.0784,0.3,0.2549,2,0.0,0.2351,0.7835,7.7631,0.4903,0.1634,0.45,0.3034,5.0,0.0909,0.7355,1.6343,4.7403,0.4837,0.1935,0.4444,0.2736,1.0,0.1818,0.7739,1.7413,0,Xkzr5xZk1XUSs2vfq5JDFQpiQ6-r0X-8n5VZcd2PW4wlRREK04C_8zzQyZlstcCIs71ufhKLIecFBQ,BR1_3277335639,16.17,12.763,12.237,10.337,1
6.7221,0.3735,0.2988,0.3125,0.2994,3,0.0,0.3735,1.195,4.22,0.689,0.2584,0.2727,0.2403,5.0,0.125,0.5167,1.8947,5.9258,0.689,0.0,0.4737,0.1973,2.0,0.0,1.2403,2.6184,0,pO5ky0nAFWhG-Q3EujJmLLWEy7zlAhXVeFkLTYTFMRxqcDmbVhrBQA7IxBW-ofxcysjA3GM-gJ6Y-Q,BR1_3276511281,16.17,13.389,11.611,7.256,1
7.3571,0.4286,0.0714,0.4286,0.2814,1,0.4,0.4286,1.0,10.0,0.5455,0.0909,0.3636,0.2314,0.0,0.1667,0.3636,1.0,9.8897,0.2644,0.1058,0.36,0.2417,2.0,0.0,0.476,1.3221,0,BoZej8pihAvQ5jB9vEyiFKD7HUEc2XRR-XQc8-B1hPnXowpt07ckLZJHAusSyBujEQqcZSfGpsss2Q,BR1_3277206669,16.17,14.0,11.0,18.909,1
7.1429,0.2857,0.2143,0.4444,0.188,0,0.0,0.2857,0.6429,6.7273,0.4545,0.2727,0.4118,0.2594,0.0,0.1,0.6364,1.5455,3.7996,0.4999,0.4,0.35,0.2398,0.0,0.125,0.6999,1.9998,0,60PPdaTxaZAhBoE7Su-jIVydbpFDxKHsANsJq3IRsDqdtd7BHLqdFSMfSJx6a7iYRdKVHv82VHhAAg,BR1_3276962093,16.17,14.0,11.0,10.001,1
7.0109,0.2983,0.2238,0.0,0.2244,0,0.0,0.0,0.1492,6.2236,0.461,0.2305,0.0,0.1912,0.0,0.25,0.0,0.922,,,,,,,,,,0,60PPdaTxaZAhBoE7Su-jIVydbpFDxKHsANsJq3IRsDqdtd7BHLqdFSMfSJx6a7iYRdKVHv82VHhAAg,BR1_3276954425,16.17,13.408,4.338,0.0,0
7.3792,0.0,0.0,0.2,0.1883,1,0.0,0.1622,0.8109,6.4626,0.3658,0.1219,0.5,0.2841,3.0,0.0,0.9755,1.951,8.1415,0.2807,0.4211,0.2667,0.2076,0.0,0.0,0.5615,2.1056,0,_Ws8pb5pvlD1Y3-gf2ujk5f98BioTD_WiF680UfyZCWSu_h1UW_s66q60SOEBrH2pjgsLiX5g2PgGA,BR1_3277379582,16.17,12.332,8.201,7.124,1
6.0311,0.3655,0.0914,0.3333,0.2314,1,0.0,0.1828,0.5483,8.4657,0.3557,0.1423,0.2727,0.2263,2.0,0.1,0.2134,0.7825,7.9987,0.4848,0.4848,0.0,0.26,0.0,0.0,0.0,0.606,0,_Ws8pb5pvlD1Y3-gf2ujk5f98BioTD_WiF680UfyZCWSu_h1UW_s66q60SOEBrH2pjgsLiX5g2PgGA,BR1_3277362334,16.17,10.943,14.057,8.251,0
7.5509,0.3775,0.151,0.1667,0.1428,0,0.0,0.151,0.9061,4.8484,0.5954,0.2552,0.4545,0.1912,0.0,0.1,0.4253,0.9357,7.0577,0.4867,0.4867,1.0,0.1397,1.0,0.0,0.2434,0.2434,0,_Ws8pb5pvlD1Y3-gf2ujk5f98BioTD_WiF680UfyZCWSu_h1UW_s66q60SOEBrH2pjgsLiX5g2PgGA,BR1_3277289917,16.17,13.243,11.757,4.109,0
6.6429,0.3571,0.1429,0.1667,0.1718,1,0.0,0.1429,0.8571,7.8347,0.7934,0.1983,0.5385,0.273,2.0,0.0,0.6942,1.2892,7.0421,0.5178,0.1036,0.5294,0.2262,1.0,0.4,0.932,1.7605,0,lmjUOTHKI7C9W7paIXMaQ0KteY8V466WmIfoTulT8qzSzyR17Ksz4WZhLK-GTaMzeO5y1kwbyW6eXA,BR1_3277456599,16.17,14.0,10.083,9.656,1
4.7857,0.3571,0.2143,0.2,0.1399,1,0.0,0.1429,0.7143,9.0731,0.3703,0.3703,1.0,0.1726,0.0,0.1667,0.3703,0.3703,,,,,,,,,,0,lmjUOTHKI7C9W7paIXMaQ0KteY8V466WmIfoTulT8qzSzyR17Ksz4WZhLK-GTaMzeO5y1kwbyW6eXA,BR1_3277444553,16.17,14.0,5.401,0.0,0
9.0664,0.0749,0.0,0.0,0.0627,0,0.0,0.0,1.049,7.3974,0.5413,0.0902,0.45,0.1417,0.0,0.2,0.8119,1.8042,,,,,,,,,,0,lmjUOTHKI7C9W7paIXMaQ0KteY8V466WmIfoTulT8qzSzyR17Ksz4WZhLK-GTaMzeO5y1kwbyW6eXA,BR1_3277376950,16.17,13.346,11.085,0.0,1
7.747,0.1504,0.0752,0.3846,0.0987,0,0.0,0.3761,0.9778,8.7146,0.4272,0.0,0.0,0.0541,0.0,0.1111,0.0,0.5126,3.6223,0.4981,0.2264,0.375,0.0788,0.0,0.1429,0.2717,0.7245,0,lmjUOTHKI7C9W7paIXMaQ0KteY8V466WmIfoTulT8qzSzyR17Ksz4WZhLK-GTaMzeO5y1kwbyW6eXA,BR1_3277210279,16.17,13.296,11.704,22.086,0
6.3676,0.2928,0.5855,0.1667,0.2887,2,0.0,0.1464,0.8783,8.5756,0.3943,0.4929,0.3333,0.2929,4.0,0.2308,0.4929,1.4786,5.4141,0.9844,0.4922,0.0,0.1177,0.0,0.0,0.0,0.9844,0,hNoKXQNvxrDYkRCeTq4XJcUN3HNNYUlmYxJhTXi4eXHWlkcAaRDGtVOf-mgsYB6RtE4jmExZBsW_dA,BR1_3276894274,16.17,13.663,10.145,2.032,0
6.7143,0.4286,0.0714,0.6,0.4133,2,0.0,0.4286,0.7143,6.9091,0.4545,0.1818,0.4211,0.1463,1.0,0.0,0.7273,1.7273,5.857,0.0,0.1171,0.3889,0.1474,1.0,0.2308,0.82,2.1085,0,jYqiz2XtjAG6_qljPDEJUZ7N6IqtVHLH9AbHEALMMHPKtvXLoYVv00eECN-T1wLYWLcEi0xg6973Kg,BR1_3277271478,16.17,14.0,11.0,8.537,1
8.0979,0.081,0.0,0.3,0.2381,3,0.0,0.2429,0.8098,7.5883,0.4743,0.2371,0.2353,0.2326,1.0,0.2,0.3162,1.3438,6.9969,0.0,0.3145,0.3182,0.1574,0.0,0.5882,0.5503,1.7296,0,jYqiz2XtjAG6_qljPDEJUZ7N6IqtVHLH9AbHEALMMHPKtvXLoYVv00eECN-T1wLYWLcEi0xg6973Kg,BR1_3277263830,16.17,12.349,12.651,12.72,1
7.6453,0.5247,0.075,0.5,0.2491,0,0.25,0.5247,1.0494,9.642,0.3179,0.2119,0.5556,0.3238,2.0,0.3,0.5298,0.9536,8.852,0.8047,0.0894,0.7647,0.3477,0.0,0.2,1.1624,1.52,0,v1tIVKJj2QZH5ZREbFfcpYAK8OoV1Bs_dWPt6p0nOzF7ncgCSleFoIXzG1phvvH0via7tukQNbdzkw,BR1_3277469829,16.17,13.341,9.438,11.184,1
6.7143,0.5714,0.4286,0.3077,0.2887,3,0.0,0.2857,0.9286,6.8407,0.6001,0.4801,0.25,0.1316,0.0,0.2,0.36,1.4402,6.8198,0.8525,0.4871,0.2222,0.1834,0.0,0.0833,0.2436,1.096,1,v1tIVKJj2QZH5ZREbFfcpYAK8OoV1Bs_dWPt6p0nOzF7ncgCSleFoIXzG1phvvH0via7tukQNbdzkw,BR1_3277258816,16.17,14.0,8.332,8.211,0
6.4742,0.156,0.156,0.3636,0.1994,1,0.0,0.312,0.858,7.225,0.4926,0.2463,0.5238,0.2371,3.0,0.0,0.9031,1.7241,10.0711,0.5036,0.5036,0.2,0.18,1.0,0.1111,0.1679,0.8393,0,qL8ck_c4hZt8bpTEzp-xOrPJv1G563--J0q5Gt6m_388DtF2RYxtB0_NrpKuBxi4O3da5UA8OUnY9A,BR1_3277213079,16.17,12.82,12.18,5.958,0
7.7676,0.3531,0.1765,0.125,0.1496,1,0.0,0.1765,1.4123,4.5782,0.4488,0.3591,0.3684,0.2045,2.0,0.0833,0.6284,1.7056,9.17,0.1256,0.2512,0.25,0.1476,1.0,0.1818,0.5025,2.0099,0,qL8ck_c4hZt8bpTEzp-xOrPJv1G563--J0q5Gt6m_388DtF2RYxtB0_NrpKuBxi4O3da5UA8OUnY9A,BR1_3277145736,16.17,11.329,11.14,7.961,1
6.5,0.3571,0.1429,0.1667,0.1334,0,0.0,0.1429,0.8571,6.2996,0.3877,0.3877,0.2308,0.1957,0.0,0.0,0.2907,1.2599,,,,,,,,,,0,IHDf4QTnREV6s3wctm8GYSUhFuZ_o_9h79uUuGAQNr-S3TIUnGWMCZiEijuDjj6EFO8L6fKToF7h1g,BR1_3277467449,16.17,14.0,10.318,0.0,0
5.2857,0.2143,0.0714,0.3,0.1151,1,0.8,0.2143,0.7143,6.3636,0.2727,0.3636,0.5714,0.212,0.0,0.1111,0.7273,1.2727,6.6178,0.0,0.2392,0.2857,0.2037,0.0,0.2,0.3189,1.1163,0,IHDf4QTnREV6s3wctm8GYSUhFuZ_o_9h79uUuGAQNr-S3TIUnGWMCZiEijuDjj6EFO8L6fKToF7h1g,BR1_3277148990,16.17,14.0,11.0,12.542,1
6.7143,0.3571,0.0,0.75,0.3001,4,0.2,0.8571,1.1429,5.2727,0.3636,0.3636,0.5714,0.2893,0.0,0.1667,0.7273,1.2727,1.4586,0.0,0.7293,0.4,0.252,0.0,0.1429,0.7293,1.8233,1,uDLbRuVq5QmiICHlbhhDPG1XPrFw-KkMYof0GBLO8CJlJcpEM7uEwSzvMWwrYYfmKUKPYX9fCQoLkw,BR1_3276840864,16.17,14.0,11.0,2.742,0
6.0,0.4286,0.2857,0.25,0.2016,1,0.6,0.4286,1.7143,10.8304,0.6371,0.6371,0.0,0.1527,0.0,0.5,0.0,1.2742,,,,,,,,,,1,JmXmQN3cHJ_1uUB43Caw89u_pMmfFiCKL4umBiUq_O29Vs5NPXvN9FqO-rzNgXUb7b5NZHToVDku4Q,BR1_3277071464,16.17,14.0,1.57,0.0,1
6.1996,0.0,0.2354,0.4,0.2866,2,0.0,0.3139,0.7848,6.6083,0.3263,0.3263,0.3333,0.2441,0.0,0.1538,0.2448,0.7343,9.4828,0.0,0.7294,0.0,0.1801,0.0,0.2857,0.0,0.0,0,ck_RUPrv7smTLtFPl8BVcvBUwdaVbAYzdBP0JhMmeSPMhIH1wQFqO6pYZoyVuxTPNdk6Zp86uTYgrg,BR1_3277137775,16.17,12.743,12.257,1.371,0
7.4286,0.2143,0.2857,0.2667,0.2,1,0.25,0.2857,1.0714,6.6364,0.4545,0.1818,0.4667,0.2262,0.0,0.1818,0.6364,1.3636,4.0771,0.1989,0.2983,0.8095,0.1957,0.0,0.2727,1.6905,2.0883,0,_6Jxq6ASzaSqa-jRqjuvjiwfmyaS2sYos5SqrYdPHbsQiyf1jddKr0wvpvCSId3mBM7q3rHNmWlP3Q,BR1_3277477619,16.17,14.0,11.0,10.056,1
5.864,0.4887,0.3258,0.2222,0.2155,0,0.25,0.1629,0.733,4.9756,0.649,0.2163,0.6364,0.2128,0.0,0.2143,0.7572,1.1898,6.3866,0.6082,0.6082,0.6667,0.1297,0.0,0.2,1.2165,1.8247,0,_6Jxq6ASzaSqa-jRqjuvjiwfmyaS2sYos5SqrYdPHbsQiyf1jddKr0wvpvCSId3mBM7q3rHNmWlP3Q,BR1_3277467176,16.17,12.278,9.245,3.288,0
6.4465,0.0895,0.2686,0.125,0.1084,0,0.0,0.0895,0.7163,5.8563,0.5061,0.2892,0.3333,0.2126,1.0,0.3077,0.2892,0.8676,4.871,0.174,0.3479,0.5,0.2054,0.0,0.2222,0.3479,0.6959,0,Hi-YOH631yOAB_E8EuUut19lbjC9B8RejfwC82p7NZecVbCQSlfugBGenSMn90gYwhdJ8qcwmkxVsg,BR1_3277036822,16.17,11.169,13.831,5.748,0
7.8859,0.0723,0.1447,0.1538,0.1689,2,0.0,0.1447,0.9405,9.2629,0.6357,0.0908,0.3333,0.2395,2.0,0.0909,0.3633,1.0898,5.3482,0.5348,0.3565,0.4286,0.1151,0.0,0.0,0.5348,1.2479,0,Hi-YOH631yOAB_E8EuUut19lbjC9B8RejfwC82p7NZecVbCQSlfugBGenSMn90gYwhdJ8qcwmkxVsg,BR1_3277025446,16.17,13.822,11.012,5.609,1
6.3571,0.0,0.3571,0.2222,0.2131,1,0.0,0.1429,0.6429,6.5466,0.5819,0.1455,0.6429,0.2778,0.0,0.2,1.3093,2.0367,7.0634,0.3592,0.1197,0.5909,0.4159,8.0,0.1538,1.5563,2.6338,0,L_NbOo7LcH-jtFeaEjycF7eiMkhOdDuYGvv4fwN6IIwXfQDw2V6AmezkGQ_Pl_4uPIwwnFwuoM5vtg,BR1_3277073089,16.17,14.0,6.874,8.353,1
4.7857,0.4286,0.2857,0.5,0.3074,2,0.0,0.6429,1.2857,5.1818,0.5455,0.4545,0.3,0.2054,0.0,0.25,0.5455,1.8182,0.4458,0.8916,0.4458,0.4286,0.1452,0.0,0.0,1.3374,3.1206,1,z5oFtyNXvCrFZ6mgANO2kTs3FtNk7pso7dWji-yAMkRwF1JrzZk2od7YH-2vOg4A-PTDf3gll1feaQ,BR1_3277009184,16.17,14.0,11.0,2.243,1
6.0,0.5,0.1429,0.25,0.2228,0,0.0,0.2143,0.8571,10.8678,0.9152,0.1144,0.3333,0.1168,1.0,0.1,0.3432,1.0296,7.2804,0.2747,0.5495,0.0,0.0966,0.0,0.0,0.0,0.4121,0,AV9bsOV9kXF11dtiJJYIFXPQlH-it-kBJRELNkLWoMlrX7HGBtWk33cXtNuJPIfVFj-S0925YASOEw,BR1_3277436006,16.17,14.0,8.741,7.28,0
4.4071,0.0,0.678,0.2857,0.1929,0,0.0,0.1695,0.5933,6.9535,0.5039,0.4031,0.2,0.1714,0.0,0.1818,0.2016,1.0078,6.5897,0.8786,0.4393,0.5,0.0776,0.0,0.2857,0.659,1.3179,0,AV9bsOV9kXF11dtiJJYIFXPQlH-it-kBJRELNkLWoMlrX7HGBtWk33cXtNuJPIfVFj-S0925YASOEw,BR1_3277415534,16.17,11.799,9.923,4.553,0
6.5672,0.5838,0.1459,0.4615,0.2187,0,0.0,0.4378,0.9486,7.7906,0.7968,0.2656,0.6364,0.19,0.0,0.1667,0.6197,0.9738,7.2181,0.734,0.2447,0.2308,0.2941,2.0,0.0909,0.367,1.5904,0,AV9bsOV9kXF11dtiJJYIFXPQlH-it-kBJRELNkLWoMlrX7HGBtWk33cXtNuJPIfVFj-S0925YASOEw,BR1_3277381178,16.17,13.704,11.296,8.174,1
7.842,0.4317,0.1439,0.4286,0.2494,2,0.25,0.4317,1.0072,7.9275,1.1711,0.1802,0.7333,0.4608,2.0,0.0,0.9909,1.3513,8.1981,0.6506,0.1301,0.875,0.4556,0.0,0.3333,0.9109,1.041,0,AV9bsOV9kXF11dtiJJYIFXPQlH-it-kBJRELNkLWoMlrX7HGBtWk33cXtNuJPIfVFj-S0925YASOEw,BR1_3277360418,16.17,13.899,11.101,7.685,1
5.7653,0.2661,0.4435,0.4444,0.3142,2,0.25,0.3548,0.7983,8.2121,0.6684,0.2865,0.3846,0.1622,1.0,0.1333,0.4774,1.2414,,,,,,,,,,0,qEwx5Vzry0CUxrQpansFgBKdhOsCDcElXiQgutMggglGISeQjxSTHUGZ83-2grFc3FRyMEVwTHkIpw,BR1_3277145199,16.17,11.274,10.472,0.0,0
5.6429,0.3571,0.2143,0.4,0.1809,0,0.6,0.2857,0.7143,6.9091,0.5455,0.4545,0.3333,0.1216,0.0,0.0,0.2727,0.8182,7.2748,0.485,0.485,0.0,0.2134,0.0,0.0,0.0,0.0,0,Zcbph4NcjANiOVbOFA-pc1qhtGaVglx0mpVsJxQjsmUl8oR2WV1jPugXFFOzUdSZ_HGxV1DASIAskQ,BR1_3277433630,16.17,14.0,11.0,2.062,0
6.2487,0.4687,0.0781,0.4667,0.2561,2,0.2,0.5468,1.1716,9.5103,0.4099,0.0,0.2727,0.2313,1.0,0.1,0.246,0.9018,7.6842,0.8352,0.0,0.9091,0.3693,2.0,0.125,1.6705,1.8375,1,Zcbph4NcjANiOVbOFA-pc1qhtGaVglx0mpVsJxQjsmUl8oR2WV1jPugXFFOzUdSZ_HGxV1DASIAskQ,BR1_3277051073,16.17,12.803,12.197,5.986,1
5.4059,0.3134,0.0783,0.4,0.1158,0,0.25,0.1567,0.3917,5.7207,0.4086,0.3269,0.3077,0.0799,1.0,0.1,0.3269,1.0624,5.6064,0.3683,0.3274,0.3214,0.0988,0.0,0.1053,0.3683,1.1458,0,zvpUAUWjIOYbhhYvUs0KiixC0erTWRVATV3DTUN1ofniZjUdnKNA38nfs8xTVkcMDF1HEY85DHPDEw,BR1_3276811796,16.17,12.764,12.236,24.436,0
7.2305,0.3579,0.0,0.1818,0.0651,0,0.25,0.1432,0.7875,7.4333,0.4532,0.0,0.5385,0.154,0.0,0.1429,0.6345,1.1784,11.6122,0.0,0.0,1.0,0.2821,0.0,0.75,1.6589,1.6589,0,3Mufz9JjWlr2OvGQfLdhI0VuxN8rbqHlEgpXN8n29_mtXyaPylixIKoHTOyiIpFR56L-bfesvTTEHw,BR1_3277318676,16.17,13.969,11.031,0.603,1
4.155,0.0884,0.3536,0.4,0.3374,2,0.0,0.1768,0.442,4.0082,0.0,0.9493,0.4286,0.2204,0.0,0.125,0.3164,0.7384,5.7602,0.0,0.8862,0.6,0.2658,0.0,0.2,0.6646,1.1077,0,k_I2gT5oO-YdeXMAmRwa8b_S0Fvv3q8fN2npo745S23qfkMn4rUjF-xZbwF4OCuAgFqudP6kdRcBug,BR1_3276982138,16.17,11.312,9.481,4.514,0
5.2459,0.0,0.269,0.25,0.3621,1,0.0,0.1345,0.538,,,,,,,,,,,,,,,,,,,0,k_I2gT5oO-YdeXMAmRwa8b_S0Fvv3q8fN2npo745S23qfkMn4rUjF-xZbwF4OCuAgFqudP6kdRcBug,BR1_3276968774,16.17,7.434,0.0,0.0,1
6.0161,0.2542,0.2542,0.1,0.1233,0,0.0,0.0847,0.8473,7.8351,0.4542,0.2271,0.4,0.0936,1.0,0.0,0.4542,1.1355,6.0208,0.3859,0.2316,0.625,0.2172,0.0,0.1818,0.7719,1.235,0,xVtYw-VfhE195APKFIS-UZjbbr-LLgBCdswv1MMYQHrfFNpzXDY6j1i634Thtlnl7r1ha9vnZJ5H5Q,BR1_3276945036,16.17,11.802,8.807,12.955,1
6.8273,0.2327,0.2327,0.3333,0.2768,0,0.0,0.1552,0.4655,6.1734,0.3858,0.5788,0.5,0.3018,0.0,0.1333,0.2894,0.5788,,,,,,,,,,0,xVtYw-VfhE195APKFIS-UZjbbr-LLgBCdswv1MMYQHrfFNpzXDY6j1i634Thtlnl7r1ha9vnZJ5H5Q,BR1_3276591991,16.17,12.89,10.367,0.0,0
5.2143,0.3571,0.0714,0.3529,0.2502,0,0.2,0.4286,1.2143,5.1818,0.4545,0.2727,0.3636,0.13,1.0,0.0,0.3636,1.0,2.5152,0.0,0.2096,0.5,0.1861,1.0,0.1429,0.8384,1.6768,0,bFrX85G6XnM7cR4fcM75rvIwya5ocLJSgTNPGDg0pndEEl5QImZlJIsnPDTHdnbKJvPy23DwOZIAKQ,BR1_3277322746,16.17,14.0,11.0,4.771,1
4.801,0.2483,0.1656,0.3846,0.2437,0,0.0,0.4139,1.0761,4.5186,0.3012,0.0,0.3333,0.1804,1.0,0.25,0.9037,2.7112,,,,,,,,,,0,bFrX85G6XnM7cR4fcM75rvIwya5ocLJSgTNPGDg0pndEEl5QImZlJIsnPDTHdnbKJvPy23DwOZIAKQ,BR1_3277308992,16.17,12.081,3.32,0.0,1
4.4286,0.5714,0.2857,0.3571,0.2263,0,0.0,0.3571,1.0,11.1843,0.5226,0.1045,0.4615,0.1757,0.0,0.2,0.6272,1.3588,7.482,0.3788,0.2841,0.1667,0.2283,0.0,0.2222,0.1894,1.1365,0,sxZE9_zFgHi-MIksgqcQhnQHLWdnCqoeR2-lvO1wdMNcJo8NsXn-sv1GnZ9XgG8f7ISbE7JkiXKmRA,BR1_3277344487,16.17,14.0,9.567,10.559,0
6.952,0.6543,0.2454,0.3333,0.2825,1,0.0,0.2454,0.7361,8.2986,0.7829,0.0783,0.5833,0.228,2.0,0.0,0.548,0.9395,5.7074,0.7464,0.3512,0.4242,0.2685,1.0,0.0,0.6146,1.4488,0,Txxd0mnKuUzVu8REYXluXdXT_Ovt3lTv1e0J79QGDOlwDC9a5AOMf01pxTLR1hdebcQtzYkfmmCFcw,BR1_3277469617,16.17,12.227,12.773,22.777,0
5.9511,0.4463,0.4463,0.3,0.2774,1,0.0,0.2232,0.7439,8.1057,0.5229,0.1307,1.0,0.0938,0.0,0.125,0.1307,0.1307,2.6366,0.0,0.4394,0.0,0.0672,0.0,0.5,0.0,0.0,0,Txxd0mnKuUzVu8REYXluXdXT_Ovt3lTv1e0J79QGDOlwDC9a5AOMf01pxTLR1hdebcQtzYkfmmCFcw,BR1_3277459251,16.17,13.443,7.649,2.276,0
5.3567,0.5434,0.3105,0.6364,0.3057,0,0.25,0.5434,0.854,6.2305,0.5894,0.3368,0.5455,0.2744,3.0,0.3636,1.0104,1.8523,7.3738,0.4916,0.0,0.75,0.3471,0.0,0.1111,1.4748,1.9664,0,Txxd0mnKuUzVu8REYXluXdXT_Ovt3lTv1e0J79QGDOlwDC9a5AOMf01pxTLR1hdebcQtzYkfmmCFcw,BR1_3277311246,16.17,12.881,11.877,2.034,1
6.2086,0.2517,0.3356,0.5,0.1679,0,0.0,0.2517,0.5034,6.5545,0.0,0.5462,1.0,0.3447,0.0,0.25,0.2731,0.2731,,,,,,,,,,0,-dYD8EoU8To0gw9zLTBGCBBSpCj8tzV1UJ1yLgOrqDcCWM5SSSRe6MD_FEzAqOW9_bQBzhQJq6wdaQ,BR1_3277164613,16.17,11.919,3.662,0.0,0
4.4286,0.6429,0.3571,0.0,0.117,0,0.0,0.0,1.2143,8.6084,0.5896,0.2358,0.0,0.0461,0.0,0.1111,0.0,1.2972,7.2326,0.5367,0.2045,0.4286,0.1754,1.0,0.0833,0.6134,1.4312,0,y0LlhSfY-ZMJqvi46hrT85AFIlM-Bon52Lzpt81gt-19EQFgBWRQ0LZu6bvYZXZVIV6WI2v1OHX55Q,BR1_3276974974,16.17,14.0,8.48,39.128,1
7.8542,0.4134,0.0,0.3333,0.2572,1,,0.4134,1.2401,,,,,,,,,,,,,,,,,,,0,y0LlhSfY-ZMJqvi46hrT85AFIlM-Bon52Lzpt81gt-19EQFgBWRQ0LZu6bvYZXZVIV6WI2v1OHX55Q,BR1_3276961861,16.17,7.257,0.0,0.0,1
7.8961,0.4815,0.0,0.25,0.1987,0,1.0,0.2889,1.1555,6.2736,0.4647,0.3873,0.44,0.2269,1.0,0.0,0.852,1.9363,6.6861,0.468,0.2674,0.5909,0.3332,0.0,0.2273,0.8692,1.471,0,y0LlhSfY-ZMJqvi46hrT85AFIlM-Bon52Lzpt81gt-19EQFgBWRQ0LZu6bvYZXZVIV6WI2v1OHX55Q,BR1_3276944986,16.17,10.385,12.911,14.956,1
5.7751,0.244,0.5694,0.125,0.222,0,0.0,0.0813,0.6507,6.0189,0.2408,0.4013,0.5333,0.2667,1.0,0.2143,0.642,1.2038,,,,,,,,,,0,j9MPUFQs09f1kU4klqVuSm7uBrLIW3WioP7HiGBANiru3Ts56P7qq5WnxuaxTEr3r7OIDf6apRoneQ,BR1_3277326544,16.17,12.294,12.461,0.0,0
7.0039,0.3686,0.2765,0.3333,0.2555,2,0.0,0.2765,0.8294,7.3688,0.7519,0.4512,0.4118,0.2743,4.0,0.1667,0.5263,1.2783,3.1451,0.4718,0.4718,0.7143,0.3805,2.0,0.1,0.7863,1.1008,0,8BxfSvgQEANOd9fT2eb_1MPHMf3Ws5FSkYhfhBY5J5DXGu8drCuf05EEHXeJQDYTB5Kmg6G57tDTpg,BR1_3277469507,16.17,10.851,13.299,6.359,0
9.2197,0.3842,0.0,0.3158,0.203,3,0.0,0.461,1.4598,5.0442,0.6053,0.2018,0.4737,0.3338,3.0,0.1111,0.908,1.9168,8.0475,0.6706,0.0,0.8571,0.3716,2.0,0.4444,2.0119,2.3472,1,hQKv9CXCQEDgo9HKMQ3cmVbzkCbxDBPh5jW-jjQWfvjn9G8uTTQ-6G3CjXtdBhiDMhZ5YUPIbhCiWw,BR1_3276849847,16.17,13.016,9.912,2.982,1
6.3218,0.457,0.2285,0.5556,0.4362,7,0.0,0.7617,1.371,7.6659,0.7582,0.0842,0.45,0.3768,3.0,0.0,0.7582,1.6848,99.817,0.0,0.0,0.0,0.0249,0.0,,0.0,0.0,0,hQKv9CXCQEDgo9HKMQ3cmVbzkCbxDBPh5jW-jjQWfvjn9G8uTTQ-6G3CjXtdBhiDMhZ5YUPIbhCiWw,BR1_3276834501,16.17,13.129,11.871,0.1,1
5.5714,0.3571,0.2143,0.25,0.2565,2,0.0,0.1429,0.5714,4.0,0.4545,0.3636,0.6,0.3289,3.0,0.0,0.5455,0.9091,9.2027,0.8764,0.0,0.0,0.2776,0.0,0.3333,0.0,0.4382,0,gDHEL8_smtht4NsP19l3Y7MOTFz2ry97WaQnAlFu8sFbrgUccXcjnbwb-w59dfseW_UqV73Eus9GkQ,BR1_3276704438,16.17,14.0,11.0,2.282,0
5.2857,0.3571,0.2857,0.7778,0.3735,5,0.0,1.0,1.2857,5.3636,0.1818,0.3636,0.45,0.2499,2.0,0.1,0.8182,1.8182,7.7417,0.553,0.1843,0.45,0.242,4.0,0.0,0.8295,1.8433,1,jsXGFaSvHsLCqIziknCntGAEW9wPwT-cAolltXe-Lz0bLMmw6tamyOdSSl45q27GpeDxTIZQE4G0dg,BR1_3277083412,16.17,14.0,11.0,10.85,0
5.9286,0.2857,0.0714,0.3,0.1877,3,0.5,0.2143,0.7143,6.5455,0.2727,0.1818,0.1667,0.2133,0.0,0.0,0.1818,1.0909,5.0732,0.6187,0.3093,0.3846,0.2014,0.0,0.2353,0.3093,0.8043,0,jsXGFaSvHsLCqIziknCntGAEW9wPwT-cAolltXe-Lz0bLMmw6tamyOdSSl45q27GpeDxTIZQE4G0dg,BR1_3277063192,16.17,14.0,11.0,16.163,0
4.7857,0.2143,0.2857,0.0,0.1069,0,0.0,0.0,0.5714,9.5074,0.4179,0.3134,0.25,0.1425,0.0,0.1111,0.209,0.8358,7.3655,0.0,0.5892,1.0,0.2338,0.0,0.0,0.2946,0.2946,0,8ia9zoPAoph1XkiqWPmXPJHh4IWgkFqwF91-6meYP0fqHJuf_8GJvjjW-vsn4x9ovY5s5kaQswnjQQ,BR1_3277358880,16.17,14.0,9.572,3.394,0
7.0151,0.2985,0.1493,0.0,0.115,0,0.0,0.0,0.4478,7.6006,0.2452,0.3678,0.5,0.2549,0.0,0.2353,0.3678,0.7355,,,,,,,,,,0,TJ6SQj_Og7ZZrUq7joepaQvjY6jv8qeTbc_-I5MCLYdIuitX7Hr_uwnyDIpf64xRD5X32BX7zov8aA,BR1_3277083275,16.17,13.4,8.157,0.0,0
5.083,0.6728,0.299,0.375,0.2676,1,0.0,0.2243,0.598,7.7977,0.767,0.1278,0.6,0.1737,0.0,0.1111,0.767,1.2783,7.8599,0.6205,0.2068,0.6,0.208,0.0,0.1,0.6205,1.0342,0,bwnNkgMSE1O-8lbZf19gyfZgaDAAHZ42sO_-z9CyX1SHSSBlkD7E_uRK9aeVsylBJXYTwRn6IYGJAg,BR1_3276940497,16.17,13.378,7.823,4.835,0
8.0714,0.2143,0.0,0.2381,0.099,0,0.25,0.3571,1.5,8.0909,0.2727,0.2727,0.15,0.2942,3.0,0.2,0.2727,1.8182,8.3751,0.3641,0.2601,0.6111,0.3015,2.0,0.1053,0.5722,0.9363,0,s1wu5pZlJAK3r5P9aOPyQtMtnYGMpshHC6bxv6LshCn26J2lgmcz3LrZbNCiUyPhqyvLrFJj4JU6dA,BR1_3276205144,16.16,14.0,11.0,19.224,0
7.808,0.3123,0.0781,0.3077,0.3325,4,0.0,0.3123,1.015,8.6937,0.4101,0.164,0.5625,0.4688,5.0,0.0909,0.7381,1.3123,8.4929,0.3266,0.3266,0.3333,0.3192,0.0,0.375,0.3266,0.9799,1,s1wu5pZlJAK3r5P9aOPyQtMtnYGMpshHC6bxv6LshCn26J2lgmcz3LrZbNCiUyPhqyvLrFJj4JU6dA,BR1_3276197024,16.16,12.807,12.193,3.061,1
4.8607,0.3411,0.5117,0.25,0.3098,0,0.25,0.0853,0.3411,5.6378,0.0,0.5125,0.0,0.1438,0.0,0.3333,0.0,1.2813,,,,,,,,,,0,iu5DWsZmUnN42j_xfaLCxIfeIB7oH__DwZHm-Mq_arcQ-1FGP3DyDfV7qIbzeN4CgbA3855qPqFP8Q,BR1_3277389485,16.17,11.727,3.902,0.0,0
4.5591,0.2791,0.1861,0.75,0.2384,0,0.25,0.8374,1.1165,4.3987,0.4473,0.3728,0.4074,0.1561,1.0,0.1667,0.8201,2.013,5.2148,0.5303,0.2652,0.3913,0.1698,0.0,0.2,0.7955,2.0329,0,H2p5bz4xDNrOLX3lGZQlk1aFJhsb__z_Rz6SQf1Od2Idi-90s5oKoDRiz8WJvALSDagjKg2JRpnmqg,BR1_3277477110,16.17,10.748,13.413,11.314,1
4.2857,0.3571,0.2143,0.6429,0.2874,1,0.0,0.6429,1.0,4.3061,0.4306,0.5741,0.3,0.2871,1.0,0.25,0.4306,1.4354,6.5893,0.5379,0.4034,0.4,0.1499,1.0,0.1667,0.269,0.6724,0,H2p5bz4xDNrOLX3lGZQlk1aFJhsb__z_Rz6SQf1Od2Idi-90s5oKoDRiz8WJvALSDagjKg2JRpnmqg,BR1_3277456817,16.17,14.0,6.967,7.436,0
5.5694,0.3375,0.3375,0.2857,0.255,4,0.0,0.3375,1.1814,11.6925,0.4429,0.2657,0.2353,0.1745,2.0,0.0,0.3543,1.5059,4.1508,0.1258,0.5031,0.4167,0.2006,0.0,0.25,0.6289,1.5094,0,H2p5bz4xDNrOLX3lGZQlk1aFJhsb__z_Rz6SQf1Od2Idi-90s5oKoDRiz8WJvALSDagjKg2JRpnmqg,BR1_3277433092,16.17,11.85,11.289,7.95,1
7.896,0.2417,0.4029,0.087,0.1619,1,0.0,0.1611,1.8531,7.2684,0.3546,0.3546,0.5,0.1623,0.0,0.25,0.5318,1.0637,10.0632,0.6099,0.6099,0.5556,0.1991,1.0,0.1667,1.5247,2.7445,0,H2p5bz4xDNrOLX3lGZQlk1aFJhsb__z_Rz6SQf1Od2Idi-90s5oKoDRiz8WJvALSDagjKg2JRpnmqg,BR1_3277419179,16.17,12.411,11.282,3.279,1
7.5736,0.3257,0.2443,0.3333,0.3098,0,0.5,0.0814,0.2443,6.1045,0.1908,0.4769,0.6667,0.2603,1.0,0.0833,0.5723,0.8584,8.6379,0.2215,0.6645,0.5,0.2598,0.0,0.25,0.6645,1.3289,0,rek0UdVOmLqgCMVsdg0bEzFBNJjvMZanmj2UMsnUovP-POsQLn2bdw82wPOMLaddsmrHVh6xLqFn-w,BR1_3276197026,16.16,12.279,10.484,4.515,0
6.8273,0.0,0.4321,0.1875,0.1837,2,0.0,0.2593,1.3827,7.2233,0.4468,0.4468,0.6667,0.3161,2.0,0.1,1.1915,1.7872,5.373,0.0507,0.5069,0.4412,0.2939,5.0,0.1852,0.7603,1.7234,0,rek0UdVOmLqgCMVsdg0bEzFBNJjvMZanmj2UMsnUovP-POsQLn2bdw82wPOMLaddsmrHVh6xLqFn-w,BR1_3275597887,16.16,11.571,13.429,19.728,1
6.6714,0.1756,0.3511,0.5,0.3416,1,0.0,0.3511,0.7022,7.4639,0.189,0.2834,0.1818,0.2301,0.0,0.0,0.189,1.0393,9.3831,0.3609,0.7218,0.5,0.3906,1.0,0.0,0.3609,0.7218,0,rek0UdVOmLqgCMVsdg0bEzFBNJjvMZanmj2UMsnUovP-POsQLn2bdw82wPOMLaddsmrHVh6xLqFn-w,BR1_3275590404,16.16,11.392,10.584,2.771,0
7.2143,0.2857,0.1429,0.5333,0.2789,0,0.2,0.5714,1.0714,9.4498,0.2277,0.0,0.5833,0.2375,2.0,0.2222,0.797,1.3662,7.4105,0.0,0.3045,0.5556,0.2083,3.0,0.1765,1.0151,1.8272,0,M2qbUj-fWk2so-vvijm1SrtamAdz2Q_TCvx-60aSZmKnKF4eUeDmcdk_WkzFT3vrLVMWQXZwToDVxQ,BR1_3277416167,16.17,14.0,8.783,9.851,1
8.9793,0.2342,0.0,0.3571,0.2107,4,0.0,0.3904,1.0931,5.7672,0.2983,0.2983,0.2778,0.255,0.0,0.125,0.4972,1.7898,5.6357,0.2087,0.0,0.4545,0.1173,1.0,0.0,1.0437,2.296,0,M2qbUj-fWk2so-vvijm1SrtamAdz2Q_TCvx-60aSZmKnKF4eUeDmcdk_WkzFT3vrLVMWQXZwToDVxQ,BR1_3277187518,16.17,12.807,10.057,4.791,1
5.9795,0.2563,0.1708,0.4615,0.3108,3,0.0,0.5125,1.1105,6.2437,0.4514,0.3009,0.5625,0.2812,3.0,0.2222,0.677,1.2036,6.6967,0.2371,0.2963,0.3226,0.265,0.0,0.125,0.5926,1.8372,0,M2qbUj-fWk2so-vvijm1SrtamAdz2Q_TCvx-60aSZmKnKF4eUeDmcdk_WkzFT3vrLVMWQXZwToDVxQ,BR1_3277142173,16.17,11.707,13.293,16.874,1
6.0,0.1429,0.1429,0.5714,0.3255,1,0.0,0.2857,0.5,9.2727,0.4545,0.0,0.3333,0.2777,2.0,0.2,0.4545,1.3636,5.5307,0.4047,0.2023,0.3913,0.2277,2.0,0.25,0.607,1.5513,1,7_Nf47iMWtkpFr9MGrWXGmB9ioqzOciiznlZZl8Q3TGDMNCBuM2KRTqZ5zwRyrniSnrOy3KKNpRJ9A,BR1_3277259129,16.17,14.0,11.0,14.826,1
6.5844,0.2532,0.0844,0.5,0.3989,2,0.0,0.1688,0.3377,5.7778,0.3801,0.0,0.5714,0.3361,3.0,0.1,0.6082,1.0643,6.8743,0.6445,0.4296,1.0,0.4953,1.0,0.1,0.4296,0.4296,0,7_Nf47iMWtkpFr9MGrWXGmB9ioqzOciiznlZZl8Q3TGDMNCBuM2KRTqZ5zwRyrniSnrOy3KKNpRJ9A,BR1_3276910433,16.17,11.846,13.154,4.655,0
5.7857,0.1429,0.2143,0.5455,0.2633,1,0.75,0.4286,0.7857,6.7655,0.4698,0.3759,0.7,0.2995,3.0,0.1818,0.6578,0.9396,3.5153,0.3995,0.3196,0.8571,0.3142,2.0,0.0,0.4794,0.5593,0,qTPPrd-ZegVJ61mp4yR75wjKRnatlv0l5hBRtnwQO0dMy6O-IAxVKwH9JUWSmWJgTlHvZIwnaEJkqA,BR1_3276910537,16.17,14.0,10.642,12.517,0
7.2857,0.2857,0.0714,0.1667,0.148,0,0.0,0.0714,0.4286,5.2727,0.2727,0.3636,0.4667,0.2953,2.0,0.2,0.6364,1.3636,4.6138,0.0,0.2977,0.5882,0.3523,3.0,0.0769,0.7442,1.2651,0,EFAvOmLvTHaLotZ9ESDNMNxQEzheS6kr5LB6Zn7hMqFyGw-LBR7jtR7g-yyn3tVmtslptjqDLMsuYw,BR1_3277272001,16.17,14.0,11.0,13.438,0
7.3539,0.3232,0.0808,0.5,0.2159,0,0.0,0.2424,0.4849,5.2634,0.0975,0.5848,0.2143,0.147,0.0,0.0,0.2924,1.3646,3.2487,0.0,0.3481,0.5833,0.2474,1.0,0.1667,0.8122,1.3923,0,EFAvOmLvTHaLotZ9ESDNMNxQEzheS6kr5LB6Zn7hMqFyGw-LBR7jtR7g-yyn3tVmtslptjqDLMsuYw,BR1_3277265703,16.17,12.374,10.259,17.237,1
6.7857,0.2857,0.1429,0.3333,0.1565,0,0.0,0.2143,0.6429,7.3636,0.4545,0.0909,0.6154,0.3126,3.0,0.1111,0.7273,1.1818,6.5003,0.26,0.52,0.0,0.1004,0.0,0.0,0.0,3.1201,0,EFAvOmLvTHaLotZ9ESDNMNxQEzheS6kr5LB6Zn7hMqFyGw-LBR7jtR7g-yyn3tVmtslptjqDLMsuYw,BR1_3277268222,16.17,14.0,11.0,3.846,1
7.8301,0.3012,0.2259,0.2857,0.1781,1,0.25,0.3012,1.054,6.2298,0.0853,0.256,0.5,0.2614,0.0,0.0714,0.7681,1.5361,4.9502,0.0,0.1707,0.3846,0.2396,1.0,0.1429,0.8535,2.2191,0,EFAvOmLvTHaLotZ9ESDNMNxQEzheS6kr5LB6Zn7hMqFyGw-LBR7jtR7g-yyn3tVmtslptjqDLMsuYw,BR1_3277236618,16.17,13.282,11.718,5.858,1
6.4372,0.2508,0.0836,0.2727,0.2653,0,0.25,0.2508,0.9196,8.2066,0.4602,0.0767,0.4737,0.2618,0.0,0.0714,0.6903,1.4573,6.0258,0.4821,0.0,0.7,0.4355,1.0,0.1429,1.6872,2.4103,0,hzm_8ZwgD02XM9SDwCIqQbPT7BYo1w6P9rYGNfYZ1y6MgxC5xXlSqnpHDRj499EdKtSZXOoIEcZIaw,BR1_3277220033,16.17,11.962,13.038,4.149,1
7.1186,0.4449,0.0,0.5556,0.2811,4,0.0,0.3708,0.6674,6.0794,0.6079,0.0868,0.0,0.2207,0.0,0.0,0.0,0.2605,5.8366,0.5754,0.2466,0.5,0.1628,1.0,0.1333,0.3288,0.6576,1,oKEiRwPP2lX65rBNzrGoY3cMZ0Ikdn89-6qyoljS6McQoVAZCAEKO61-Vzg4h_PfXBT3tiD-iOwGyg,BR1_3277257324,16.17,13.486,11.514,12.165,0
5.4286,0.3571,0.0714,0.2143,0.1968,1,0.0,0.2143,1.0,8.9668,0.5275,0.1319,0.4444,0.1249,0.0,0.2857,0.5275,1.1868,11.4041,0.4562,0.1521,0.4286,0.2718,0.0,0.3333,0.4562,1.0644,0,TxtnBS6VWIKJXDczSFvynzVUDzeM1MREe0r6SQqUqQJk1caTpuJ7d9ExP94oQlA4yMiJ2wq1gLqpgA,BR1_3277018450,16.17,14.0,7.584,6.577,0
6.5,1.3571,0.0714,0.5,0.3007,2,0.0,0.2857,0.5714,3.5455,3.0,0.1818,0.6667,0.3231,1.0,0.0,0.5455,0.8182,4.0273,2.7881,0.1033,0.4737,0.2118,1.0,0.1333,0.9294,1.962,0,TxtnBS6VWIKJXDczSFvynzVUDzeM1MREe0r6SQqUqQJk1caTpuJ7d9ExP94oQlA4yMiJ2wq1gLqpgA,BR1_3276996804,16.17,14.0,11.0,9.684,1
4.6429,0.3571,0.2143,0.2143,0.2217,1,0.0,0.2143,1.0,4.7273,0.2727,0.3636,0.5556,0.2296,0.0,0.2143,0.4545,0.8182,2.5274,0.0,1.2637,1.0,0.2043,0.0,0.4,0.6318,0.6318,0,-OMu4TAF1y8gPtBIw3cL5PMrMBM0QtGaJgCLhyUwhgaH3sZz8VJAcWYBQe87nOswPhNNFm58O6z57g,BR1_3276898262,16.17,14.0,11.0,1.583,0
5.0975,0.3862,0.0,0.5556,0.3379,1,0.0,0.3862,0.6951,4.8952,0.3319,0.3319,0.375,0.2469,2.0,0.0,0.4978,1.3275,5.6086,0.3299,0.0,0.9,0.3547,1.0,0.0,2.9693,3.2992,0,-OMu4TAF1y8gPtBIw3cL5PMrMBM0QtGaJgCLhyUwhgaH3sZz8VJAcWYBQe87nOswPhNNFm58O6z57g,BR1_3274234619,16.16,12.947,12.053,3.031,1
8.2176,0.2283,0.0761,0.0,0.186,0,0.0,0.0,0.7609,5.0601,0.506,0.4217,0.4615,0.1893,0.0,0.0909,0.506,1.0964,5.2286,0.5277,0.3358,0.5625,0.2268,0.0,0.1429,0.4317,0.7675,0,d-PVD57g6LAw8Y14NBkraokDMn13c-HN1tbFbDNhBz00ewQHTwC3sDqenQPa26_yk4sJgWFW-ei3bg,BR1_3277475910,16.17,13.143,11.857,20.847,0
7.2143,0.3571,0.0,0.2222,0.1842,1,0.0,0.2857,1.2857,7.3422,0.2861,0.0954,0.3571,0.2156,0.0,0.125,0.4768,1.3349,,,,,,,,,,0,d-PVD57g6LAw8Y14NBkraokDMn13c-HN1tbFbDNhBz00ewQHTwC3sDqenQPa26_yk4sJgWFW-ei3bg,BR1_3276399976,16.17,14.0,10.487,0.0,1
6.476,0.3279,0.082,0.1429,0.1496,0,0.25,0.1639,1.1476,6.344,0.5767,0.1153,0.4167,0.2737,1.0,0.3,0.5767,1.3841,6.6244,0.4871,0.1948,0.5,0.2072,0.0,0.0769,0.7793,1.5587,0,d-PVD57g6LAw8Y14NBkraokDMn13c-HN1tbFbDNhBz00ewQHTwC3sDqenQPa26_yk4sJgWFW-ei3bg,BR1_3276380999,16.17,12.199,8.67,10.265,1
6.7309,0.099,0.2969,0.1,0.1309,0,0.0,0.099,0.9898,5.1687,0.4028,0.4028,0.6087,0.2314,0.0,0.1176,0.9398,1.5439,0.0,0.0,0.6282,0.6667,0.1973,0.0,0.0,1.2564,1.8846,0,d-PVD57g6LAw8Y14NBkraokDMn13c-HN1tbFbDNhBz00ewQHTwC3sDqenQPa26_yk4sJgWFW-ei3bg,BR1_3276066929,16.16,10.103,14.897,1.592,0
6.4976,1.0829,0.2321,0.7143,0.2548,2,0.0,0.3868,0.5415,5.7157,2.1537,0.4142,0.2857,0.2665,0.0,0.0,0.3313,1.1597,4.3395,1.326,0.3616,0.625,0.2046,0.0,0.0,0.6027,0.9643,0,5TMnn5mhX0xie-bk2iEptLKqlYwxTRwZs6dc_BNlLGO0jmmbnVltuY7xZvyXeGO1qGNrWzhvENCMnQ,BR1_3276001835,16.16,12.928,12.072,8.296,0
6.6429,0.4286,0.2143,0.3571,0.1992,0,0.25,0.3571,1.0,8.2413,0.5494,0.1099,0.7778,0.1915,2.0,0.2,0.7692,0.989,7.5253,0.3763,0.1075,0.5,0.2176,1.0,0.1739,0.5913,1.1825,0,5TMnn5mhX0xie-bk2iEptLKqlYwxTRwZs6dc_BNlLGO0jmmbnVltuY7xZvyXeGO1qGNrWzhvENCMnQ,BR1_3275980132,16.16,14.0,9.1,18.604,1
5.6087,0.316,0.237,0.4,0.2057,0,0.0,0.316,0.79,5.267,0.5672,0.2431,0.4762,0.2486,1.0,0.0833,0.8103,1.7016,3.1707,0.0,0.3171,0.7143,0.4643,0.0,0.0,1.5853,2.2195,0,5TMnn5mhX0xie-bk2iEptLKqlYwxTRwZs6dc_BNlLGO0jmmbnVltuY7xZvyXeGO1qGNrWzhvENCMnQ,BR1_3275969697,16.16,12.659,12.341,3.154,0
7.3571,0.2857,0.0714,0.3,0.2566,0,0.0,0.2143,0.7143,10.0,0.4545,0.2727,0.5,0.2361,2.0,0.1111,0.6364,1.2727,9.0948,0.3368,0.3368,0.0,0.2837,0.0,0.1667,0.0,0.0,1,ULzsktRifmNI3RDjMUv1xUnndqW0CGVnwdK9GT9gNRba2PfCtJSOcKZHx9p416qlR4-xHpjY5UP66Q,BR1_3277016153,16.17,14.0,11.0,2.969,0
6.0684,0.289,0.289,0.2105,0.2416,1,0.0,0.289,1.3726,8.0661,0.3585,0.4481,0.4167,0.1342,0.0,0.1,0.4481,1.0755,5.4551,0.4959,0.3719,0.5455,0.2702,1.0,0.0,0.7439,1.3638,0,gunfbFqq0f6q-C7R4DSZCdgtu_9ENKAljI_Lp9z8CEbl_Yt6ttyw0UP4RkjXOwepKys9yaxnH8Uw-g,BR1_3277358587,16.17,13.842,11.158,8.066,0
8.0427,0.2651,0.0884,0.4,0.3667,0,0.3333,0.1768,0.4419,6.6495,0.2923,0.5115,0.8333,0.3919,0.0,0.2143,0.3654,0.4384,4.9361,0.3185,0.4777,0.4,0.2939,1.0,0.2222,0.3185,0.7961,0,gunfbFqq0f6q-C7R4DSZCdgtu_9ENKAljI_Lp9z8CEbl_Yt6ttyw0UP4RkjXOwepKys9yaxnH8Uw-g,BR1_3275691411,16.16,11.315,13.685,6.28,0
6.7143,0.2143,0.4286,0.2667,0.244,2,0.25,0.2857,1.0714,7.6486,0.1254,0.3762,0.3,0.2023,0.0,0.125,0.3762,1.2539,8.4551,0.0,0.4974,0.0,0.3013,0.0,0.0,0.0,0.9947,0,B05YqIxelmomulM7lxwAYq4s18rHLxudt_BafnH_jFyIGFrt1lc1EAXr9UweBNi6R5zpGpcTfa6Z1g,BR1_3277474534,16.17,14.0,7.975,4.021,0
6.0,0.3571,0.2857,0.6,0.3428,2,0.0,0.4286,0.7143,7.1818,0.4545,0.3636,0.2857,0.1941,1.0,0.1818,0.3636,1.2727,9.6111,0.409,0.409,0.5,0.2226,1.0,0.2857,0.2045,0.409,0,hxvLP-lKnhr5hQ_H3pXE7TSuJI-bx-w-vWd3nEBtOMuTTgfsYu6a0XQiZBZo37PaQrvxDWvc3qXIGQ,BR1_3276619867,16.17,14.0,11.0,4.89,0
6.2576,0.377,0.0754,0.4286,0.2728,2,0.2,0.4524,1.0555,6.53,0.4296,0.0859,0.5789,0.2927,1.0,0.2308,0.9451,1.6325,5.0294,0.4836,0.1934,0.5789,0.1644,0.0,0.3333,1.0639,1.8377,0,hxvLP-lKnhr5hQ_H3pXE7TSuJI-bx-w-vWd3nEBtOMuTTgfsYu6a0XQiZBZo37PaQrvxDWvc3qXIGQ,BR1_3276567520,16.17,13.264,11.639,10.339,1
8.6652,0.3939,0.0,0.3077,0.3232,3,0.0,0.3151,1.0241,19.5456,2.4432,0.0,0.0,0.0,0.0,1.0,0.0,0.0,,,,,,,,,,1,uNqYJPzkfCZmaYnLvEoL89HrSV1i7UKqhfmQ2-1bl6rr-pH388vPqT6NJI1zM_B5uJJX1Z3I-dV6Dg,BR1_3277487373,16.17,12.694,0.409,0.0,1
5.5051,0.1147,0.0,0.1667,0.1916,0,0.0,0.1147,0.6881,6.8792,0.43,0.1228,0.2,0.132,1.0,0.1429,0.3071,1.5355,8.1005,0.4219,0.0,0.3913,0.2268,0.0,0.0769,0.7594,1.9407,0,eqx2XnESKl7VUrsxAY9M63wapih5SNAZI3I2JoTJ6dAGbXPSafaS06r9WgtEmEg03_KxC_qeaoZKxQ,BR1_3276684399,16.17,8.719,16.281,11.851,1
8.0,0.0714,0.0714,0.3333,0.2274,2,0.0,0.2857,0.8571,5.9091,0.4545,0.1818,0.6667,0.3055,0.0,0.0909,0.7273,1.0909,3.9216,0.4263,0.0,0.6667,0.2199,1.0,0.4167,1.023,1.5345,0,dTDFUmR2lsHaBDFPKIlevhsz0ce4I2K1JJYBtGjqTmqYm3jof3sbFOQRRjIjR6p-3KPpqqX8Me4pKA,BR1_3277440471,16.17,14.0,11.0,11.73,1
7.4286,0.4286,0.0714,0.3529,0.2356,6,0.0,0.4286,1.2143,8.0909,0.5455,0.0909,0.5556,0.2611,1.0,0.25,0.9091,1.6364,8.0502,0.322,0.161,0.9231,0.4533,1.0,0.2727,1.932,2.093,0,dTDFUmR2lsHaBDFPKIlevhsz0ce4I2K1JJYBtGjqTmqYm3jof3sbFOQRRjIjR6p-3KPpqqX8Me4pKA,BR1_3277425318,16.17,14.0,11.0,6.211,1
5.4286,0.1429,0.2143,0.1818,0.2067,0,0.2,0.1429,0.7857,6.5455,0.3636,0.5455,0.1429,0.1523,0.0,0.0,0.1818,1.2727,2.7204,0.2864,0.4295,0.4444,0.1828,0.0,0.0,0.5727,1.2886,0,dTDFUmR2lsHaBDFPKIlevhsz0ce4I2K1JJYBtGjqTmqYm3jof3sbFOQRRjIjR6p-3KPpqqX8Me4pKA,BR1_3277409333,16.17,14.0,11.0,6.984,0
5.2442,0.5648,0.0,0.5556,0.263,1,0.0,0.4034,0.7261,6.1086,0.6347,0.1587,0.4118,0.2347,0.0,0.0,0.5553,1.3486,5.6234,0.7498,0.1874,0.6667,0.3254,1.0,0.05,0.7498,1.1247,0,WPbjpsBv7g8C20G7Fx_3sl5OYoihkb7JJZUcxt1EGygjNR_Yh_tihFbWBP1R5aI80cOUEQ-3-efQ6A,BR1_3277471447,16.17,12.395,12.605,21.34,0
7.6429,1.3571,0.0,0.1111,0.1175,0,0.0,0.1429,1.2857,6.9674,2.0998,0.0954,0.2143,0.0954,1.0,0.0714,0.5727,2.6724,,,,,,,,,,0,WPbjpsBv7g8C20G7Fx_3sl5OYoihkb7JJZUcxt1EGygjNR_Yh_tihFbWBP1R5aI80cOUEQ-3-efQ6A,BR1_3277458492,16.17,14.0,10.477,0.0,1
7.4286,0.2857,0.1429,0.2667,0.1169,0,0.4,0.2857,1.0714,9.1818,0.4545,0.1818,0.4118,0.167,1.0,0.0909,0.6364,1.5455,0.8877,0.4439,0.4439,0.5556,0.3607,1.0,0.1667,1.1096,1.9974,0,So8CCISWXqWbxT4D8dMwuJ1VvOaWEsZDsSnglxKGjxv6WYygAwXp--HIvc5MVAW9xK6BN_npaqPXYQ,BR1_3277134077,16.17,14.0,11.0,4.506,1
8.2143,0.3571,0.0,0.375,0.2316,1,0.0,0.2143,0.5714,6.9091,0.3636,0.2727,0.8,0.3481,0.0,0.2308,0.7273,0.9091,28.1079,0.0,1.4794,0.0,0.2763,0.0,0.25,0.0,0.0,0,So8CCISWXqWbxT4D8dMwuJ1VvOaWEsZDsSnglxKGjxv6WYygAwXp--HIvc5MVAW9xK6BN_npaqPXYQ,BR1_3277116623,16.17,14.0,11.0,0.676,0
6.2764,0.3303,0.1652,0.6875,0.2176,0,0.0,0.9084,1.3213,7.5246,0.4654,0.0776,0.4545,0.2316,0.0,0.1,0.3879,0.8533,6.8842,0.6693,0.0956,0.3182,0.1518,0.0,0.25,0.6693,2.1035,0,VlPCID9E9MGMiXJ82ACqD-0DlHBlSQb72YXsMI2_WYKgH1iUoZTCL2izGAlGzL1Kxgmx5gabpUPmzA,BR1_3277326102,16.17,12.109,12.891,10.459,1
4.7247,0.3375,0.2531,0.3636,0.1994,0,0.0,0.3375,0.9281,3.0424,0.3042,0.3803,0.5,0.157,1.0,0.0,0.9127,1.8255,4.3136,0.4044,0.2696,0.4615,0.1386,0.0,0.0833,0.4044,0.8762,0,VlPCID9E9MGMiXJ82ACqD-0DlHBlSQb72YXsMI2_WYKgH1iUoZTCL2izGAlGzL1Kxgmx5gabpUPmzA,BR1_3277233962,16.17,11.853,13.147,14.837,0
6.946,0.1903,0.0,0.35,0.1666,0,0.0,0.6661,1.903,6.6239,0.1051,0.1051,0.4583,0.1207,0.0,0.3333,1.1566,2.5234,,,,,,,,,,0,VlPCID9E9MGMiXJ82ACqD-0DlHBlSQb72YXsMI2_WYKgH1iUoZTCL2izGAlGzL1Kxgmx5gabpUPmzA,BR1_3277225901,16.17,10.51,9.511,0.0,1
7.4286,0.5,0.2143,0.1429,0.342,1,0.0,0.1429,1.0,9.5455,0.4545,0.2727,0.3529,0.2848,2.0,0.25,0.5455,1.5455,8.6715,1.0248,0.2365,0.5294,0.2372,1.0,0.0909,0.7095,1.3401,1,o6FpSPKDyD4QQ6uKGJ3Zr4vDPyUBkJCiXDtYobwZueZ3M0h7AoMOtRBYo8VC2lV-ztTkeJR9DvvB2g,BR1_3277010673,16.17,14.0,11.0,12.685,1
7.3571,0.0714,0.2143,0.0,0.132,0,0.0,0.0,0.8571,6.1818,0.3636,0.3636,0.4706,0.1773,1.0,0.0,0.7273,1.5455,6.1193,0.3757,0.3221,0.3429,0.1586,0.0,0.0833,0.6441,1.8787,0,K3UIwcj4vs_RFXZ0aIvgSoMu2wGPBAdm1tdRlk-03fk3opiWhvAwcFY5vrD-V_eng9ucweNH5vLc9w,BR1_3277131137,16.17,14.0,11.0,18.63,1
7.4876,0.2269,0.1134,0.2222,0.2643,1,0.0,0.2269,1.021,5.8695,0.1854,0.3089,0.2692,0.1982,1.0,0.2632,0.4325,1.6064,11.8982,0.0,0.9152,0.6667,0.2334,0.0,0.0,1.8305,2.7457,0,K3UIwcj4vs_RFXZ0aIvgSoMu2wGPBAdm1tdRlk-03fk3opiWhvAwcFY5vrD-V_eng9ucweNH5vLc9w,BR1_3276998036,16.17,8.815,16.185,1.093,1
6.714,0.2919,0.4379,0.3077,0.2302,1,0.25,0.2919,0.9487,6.5503,0.4426,0.5311,0.5263,0.1558,1.0,0.1,0.8852,1.6818,6.624,0.4568,0.2284,0.5,0.1986,0.0,0.125,0.2284,0.4568,1,qVJYgCZ98CRUGoYArK-WeQ6idLmP3IpDg3mR33zMRUPi6sUg6gyGW7sMzJQVxyoKLFJ_e9NU2vlpjA,BR1_3277315990,16.17,13.703,11.297,4.378,0
6.3158,0.2178,0.1452,0.2857,0.2656,1,0.2,0.1452,0.5082,9.265,0.4454,0.0,0.4706,0.2446,3.0,0.0,0.7127,1.5145,5.614,0.5171,0.4432,0.375,0.2878,3.0,0.1333,0.4432,1.1819,0,qVJYgCZ98CRUGoYArK-WeQ6idLmP3IpDg3mR33zMRUPi6sUg6gyGW7sMzJQVxyoKLFJ_e9NU2vlpjA,BR1_3277129274,16.17,13.775,11.225,13.537,0
5.7278,0.3015,0.3015,0.25,0.1711,1,0.0,0.2261,0.9044,8.071,0.4104,0.2736,0.5,0.1166,1.0,0.0,0.2736,0.5472,,,,,,,,,,0,qVJYgCZ98CRUGoYArK-WeQ6idLmP3IpDg3mR33zMRUPi6sUg6gyGW7sMzJQVxyoKLFJ_e9NU2vlpjA,BR1_3277117400,16.17,13.269,7.31,0.0,0
5.5152,0.3152,0.1576,0.5,0.1626,0,0.0,0.3152,0.6303,6.8641,0.4358,0.3269,0.4545,0.1415,1.0,0.1818,0.5448,1.1985,1.5592,0.0,0.7796,0.0,0.0404,0.0,0.5,0.0,0.7796,0,qVJYgCZ98CRUGoYArK-WeQ6idLmP3IpDg3mR33zMRUPi6sUg6gyGW7sMzJQVxyoKLFJ_e9NU2vlpjA,BR1_3277028436,16.17,12.692,9.178,1.283,0
6.5,0.3571,0.1429,0.4615,0.2868,1,0.0,0.4286,0.9286,8.6369,0.3649,0.2433,0.6842,0.3986,4.0,0.125,1.5814,2.3113,,,,,,,,,,1,qVJYgCZ98CRUGoYArK-WeQ6idLmP3IpDg3mR33zMRUPi6sUg6gyGW7sMzJQVxyoKLFJ_e9NU2vlpjA,BR1_3277020399,16.17,14.0,8.221,0.0,1
5.002,0.1563,0.3126,0.1111,0.2448,0,0.0,0.0782,0.7034,4.6702,0.1639,0.4097,0.7692,0.2093,0.0,0.3333,0.8193,1.0651,8.4942,0.0,0.5309,0.5,0.1017,0.0,0.0,0.5309,1.0618,0,sfyDg6bK7PnRMTmG94a4xtDOzmHUYcaFabAGkXjEuwVX9j0N08XUm_FgGamKMz15yR5gXDGF1zKubQ,BR1_3276997111,16.17,12.795,12.205,1.884,0
8.7857,0.2857,0.0,0.3333,0.4051,0,0.0,0.1429,0.4286,9.5797,0.3193,0.2129,0.5,0.2499,1.0,0.1111,0.5322,1.0644,6.5199,0.2103,0.2103,0.7857,0.3076,0.0,0.0833,0.7712,0.9815,0,sfyDg6bK7PnRMTmG94a4xtDOzmHUYcaFabAGkXjEuwVX9j0N08XUm_FgGamKMz15yR5gXDGF1zKubQ,BR1_3276620333,16.17,14.0,9.395,14.264,1
5.0,0.3571,0.0,0.2,0.1878,0,0.2,0.2143,1.0714,6.8182,0.2727,0.1818,0.4762,0.1545,0.0,0.0,0.9091,1.9091,4.5955,0.0,0.0,0.5,0.2223,0.0,0.1667,0.6565,1.313,0,yB4XnqPfb1kK_lJPmsXmoROigzI6EBySQdNPucWnr-f7N3g9QmuiEO4aYibJIQxvT6KyZs0pXzfu8Q,BR1_3277265504,16.17,14.0,11.0,3.046,1
5.7857,0.0,0.2143,0.3333,0.21,0,0.0,0.0714,0.2143,12.2448,0.2962,0.1975,0.3077,0.2728,0.0,0.1333,0.395,1.2837,6.6734,0.4535,0.0648,0.5789,0.2535,2.0,0.1429,0.7127,1.231,0,YuDj0Vvv4V26P9jMJ2SwOn3rzUtKuo6RYTplnaos1zuwON15wfPpZhaJ5MvcdZAvGFNgVeAGPQsRBQ,BR1_3277486652,16.17,14.0,10.127,15.434,1
5.9286,0.3571,0.3571,0.25,0.2886,1,0.0,0.2143,0.8571,7.8182,0.3636,0.2727,0.6842,0.3981,2.0,0.1818,1.1818,1.7273,6.2208,0.2145,0.0,0.75,0.3348,1.0,0.2,0.6435,0.858,0,YuDj0Vvv4V26P9jMJ2SwOn3rzUtKuo6RYTplnaos1zuwON15wfPpZhaJ5MvcdZAvGFNgVeAGPQsRBQ,BR1_3277401176,16.17,14.0,11.0,4.662,1
7.958,0.3863,0.1545,0.0,0.1923,0,0.0,0.0,0.4636,11.022,0.1431,0.4294,0.3333,0.2129,1.0,0.0909,0.1431,0.4294,,,,,,,,,,0,YuDj0Vvv4V26P9jMJ2SwOn3rzUtKuo6RYTplnaos1zuwON15wfPpZhaJ5MvcdZAvGFNgVeAGPQsRBQ,BR1_3277388082,16.17,12.943,6.986,0.0,0
6.2143,0.2857,0.2143,0.4444,0.3362,1,0.0,0.2857,0.6429,8.2727,0.4545,0.5455,0.5789,0.2988,0.0,0.3636,1.0,1.7273,7.1148,0.4286,0.2572,0.5714,0.3092,1.0,0.3077,0.8572,1.5001,1,YuDj0Vvv4V26P9jMJ2SwOn3rzUtKuo6RYTplnaos1zuwON15wfPpZhaJ5MvcdZAvGFNgVeAGPQsRBQ,BR1_3277362358,16.17,14.0,11.0,23.331,0
6.2857,0.2143,0.0714,0.5,0.3259,0,0.0,0.2857,0.5714,7.4545,0.3636,0.0909,0.4444,0.3473,0.0,0.25,0.3636,0.8182,5.5541,0.2164,0.4328,0.5294,0.2916,0.0,0.1818,0.6492,1.2262,0,0n_HpNSRv7zSg6E_8sDhc86OssKj28kXC8vEdpjtyTKLU_uOwA6vPFwpQTe9YuXIKgaRRT66Bj7zXg,BR1_3277212365,16.17,14.0,11.0,13.864,0
6.317,0.2256,0.2256,0.4545,0.2221,0,0.0,0.376,0.8272,5.8962,0.0,0.0,0.55,0.2662,2.0,0.2857,0.94,1.709,7.3566,0.0,0.2675,0.6667,0.3616,3.0,0.2727,1.6051,2.4076,0,Dl-Ob7snLtrWltuskSIK6VieIeGMxjz3Z0TJVU2PRipK8Odhe2gfRd4RXz9wxapsujOqYkg9n98ndw,BR1_3277143495,16.17,13.298,11.702,7.476,1
4.8647,0.3742,0.0,0.1111,0.109,1,0.0,0.0748,0.6736,8.5921,0.4296,0.0859,0.1111,0.0821,0.0,0.2727,0.0859,0.7733,5.9166,0.4226,0.2817,0.6667,0.25,0.0,0.1429,0.8452,1.2678,0,Dl-Ob7snLtrWltuskSIK6VieIeGMxjz3Z0TJVU2PRipK8Odhe2gfRd4RXz9wxapsujOqYkg9n98ndw,BR1_3275890737,16.16,13.361,11.639,7.099,0
4.6429,0.2143,0.1429,0.5714,0.3584,3,0.4,0.2857,0.5,9.2115,0.0,0.1806,0.3636,0.2622,1.0,0.0,0.7225,1.9868,,,,,,,,,,1,Dl-Ob7snLtrWltuskSIK6VieIeGMxjz3Z0TJVU2PRipK8Odhe2gfRd4RXz9wxapsujOqYkg9n98ndw,BR1_3275054133,16.16,14.0,5.537,0.0,1
7.0,0.2143,0.0714,0.2222,0.175,1,0.2,0.1429,0.6429,6.3636,0.1818,0.2727,0.6154,0.2648,1.0,0.2,0.7273,1.1818,7.2759,0.5251,0.225,0.7895,0.3168,1.0,0.25,1.1251,1.4252,0,Dl-Ob7snLtrWltuskSIK6VieIeGMxjz3Z0TJVU2PRipK8Odhe2gfRd4RXz9wxapsujOqYkg9n98ndw,BR1_3274089629,16.16,14.0,11.0,13.332,0
6.3358,0.3222,0.2148,0.25,0.1473,0,0.0,0.1074,0.4295,7.8404,0.3825,0.3187,0.6111,0.1967,1.0,0.0,0.7012,1.1474,4.672,0.5497,0.2748,0.0,0.2741,0.0,0.625,0.0,0.2748,0,_cCrHtRyL2aGKexM0qQsgJe7jZcE0lID-a4jz0kY_lKGca5U7eyovf8rhgeCZ6H8lrCALFgij7qPHw,BR1_3277450012,16.17,9.312,15.688,3.639,0
5.1847,0.3142,0.3928,0.25,0.1614,0,0.0,0.1571,0.6284,4.2379,0.489,0.4075,0.3571,0.1362,1.0,0.25,0.4075,1.141,23.4419,0.0,0.9377,0.5,0.207,0.0,0.1667,0.9377,1.8754,0,_cCrHtRyL2aGKexM0qQsgJe7jZcE0lID-a4jz0kY_lKGca5U7eyovf8rhgeCZ6H8lrCALFgij7qPHw,BR1_3277434187,16.17,12.73,12.27,1.066,0
6.6417,0.3496,0.2622,0.625,0.2708,1,0.0,0.437,0.6991,14.5708,0.0,0.0,0.0,1.0,0.0,0.0,0.0,0.0,,,,,,,,,,1,_cCrHtRyL2aGKexM0qQsgJe7jZcE0lID-a4jz0kY_lKGca5U7eyovf8rhgeCZ6H8lrCALFgij7qPHw,BR1_3277417807,16.17,11.443,0.412,0.0,1
6.5,0.3571,0.0714,0.0,0.1561,0,0.2,0.0,0.2857,7.5455,0.0,0.0,0.3571,0.2197,0.0,0.2222,0.4545,1.2727,4.7293,0.0,0.1785,0.5294,0.2833,1.0,0.2,0.8031,1.5169,0,uP7MwRV8SQV0nM-zXz5S9FRCzbORZuN6pUTwZqcyXY0j8BULVBEfgQxuPPZYHyGgPf5jZTcAeEsUFQ,BR1_3276962398,16.17,14.0,11.0,11.207,1
7.811,0.455,0.2275,0.3,0.1365,0,0.0,0.2275,0.7583,6.631,0.3979,0.3979,0.4,0.1343,0.0,0.1111,0.5305,1.3262,3.2012,0.3557,0.3557,0.5,0.2049,0.0,0.1818,0.3557,0.7114,0,72hzm4jeDc3HVqlt6OL0Gh6L4sfhfLOmWzZOguR1UV2wxSl1GcKuZRQ7ogZkvulEfnvRnmysWg2JJw,BR1_3277324388,16.17,13.187,7.54,2.811,0
7.2354,0.3654,0.0,0.5556,0.376,6,0.4,0.7309,1.3155,7.3339,0.3534,0.1767,0.5556,0.2737,0.0,0.2308,0.8836,1.5905,7.6518,0.2834,0.2834,0.4286,0.3077,0.0,0.2857,0.8502,1.9838,1,72hzm4jeDc3HVqlt6OL0Gh6L4sfhfLOmWzZOguR1UV2wxSl1GcKuZRQ7ogZkvulEfnvRnmysWg2JJw,BR1_3277312348,16.17,13.683,11.317,3.529,1
8.6429,0.4286,0.0714,0.5385,0.3379,0,0.0,0.5,0.9286,7.7055,0.1056,0.2111,0.5,0.3467,3.0,0.3,0.8444,1.6889,7.6982,0.0,0.4399,0.5556,0.2996,2.0,0.1818,1.0997,1.9795,0,72hzm4jeDc3HVqlt6OL0Gh6L4sfhfLOmWzZOguR1UV2wxSl1GcKuZRQ7ogZkvulEfnvRnmysWg2JJw,BR1_3277121795,16.17,14.0,9.474,4.546,1
6.8922,0.2617,0.1745,0.5,0.2877,2,0.0,0.2617,0.5235,9.1431,0.3732,0.1866,0.3333,0.2986,2.0,0.0833,0.4665,1.3994,4.8078,0.0659,0.3952,0.7619,0.4729,7.0,0.0556,1.0538,1.3831,0,2YD4IRj7nER1r43eQf3d2kM-mO3E8ZzE-hh960NTrofdpPEWVzFAQ1drv2IWgU09NXT4y91oOt0JXA,BR1_3277309735,16.17,11.462,10.719,15.184,0
7.2328,0.3616,0.0904,0.0,0.0967,0,0.0,0.0,0.7233,6.0917,0.1218,0.2437,0.3333,0.1886,0.0,0.2727,0.1218,0.3655,,,,,,,,,,0,2YD4IRj7nER1r43eQf3d2kM-mO3E8ZzE-hh960NTrofdpPEWVzFAQ1drv2IWgU09NXT4y91oOt0JXA,BR1_3277299768,16.17,11.061,8.208,0.0,0
7.3381,0.6179,0.2317,0.3333,0.3631,0,0.75,0.0772,0.2317,8.2961,0.3318,0.083,0.3333,0.1873,0.0,0.0,0.2489,0.7466,9.9416,0.395,0.1975,0.4444,0.2432,4.0,0.15,0.5267,1.1851,0,lOX2A6_1MegqbjqW6AwS0nt6MrW2mPRN4kcNQWktNyJbz3ilAfR6jI86D3LLL1rIpy-7c9MNr_0j9A,BR1_3277269699,16.17,12.946,12.054,15.189,1
5.9102,0.3111,0.1555,0.125,0.1875,0,0.0,0.1555,1.2443,6.2598,0.2471,0.1647,0.2143,0.1415,2.0,0.0,0.2471,1.1531,7.792,0.1391,0.1391,0.6,0.1956,0.0,0.1538,1.2523,2.0871,0,lOX2A6_1MegqbjqW6AwS0nt6MrW2mPRN4kcNQWktNyJbz3ilAfR6jI86D3LLL1rIpy-7c9MNr_0j9A,BR1_3277269334,16.17,12.859,12.141,7.187,1
4.7083,0.3488,0.0872,0.3333,0.2675,1,0.0,0.2616,0.7847,6.1341,0.5912,0.1478,0.0833,0.0688,0.0,0.3333,0.1478,1.7737,5.0516,0.7687,0.2745,0.2941,0.1104,0.0,0.1905,0.5491,1.8669,0,lVzoLrjnvSiEEHWkUbhK7e6_hI2t0LeEr7Ilj2G0dZJCpaQCk4YSpzuUZYYVW-w2uQ-Gf049RADgvA,BR1_3276977365,16.17,11.469,13.531,18.212,1
6.9286,0.6429,0.1429,0.4,0.2395,3,0.2,0.4286,1.0714,9.2727,1.0,0.0,0.3077,0.091,0.0,0.1,0.3636,1.1818,9.3194,0.3328,0.0,0.125,0.0806,0.0,0.1667,0.3328,2.6627,0,lVzoLrjnvSiEEHWkUbhK7e6_hI2t0LeEr7Ilj2G0dZJCpaQCk4YSpzuUZYYVW-w2uQ-Gf049RADgvA,BR1_3276688541,16.17,14.0,11.0,3.004,1
6.2143,0.9286,0.1429,0.0909,0.1619,0,0.4,0.0714,0.7857,5.4472,1.9454,0.2918,0.3636,0.1501,1.0,0.0,0.3891,1.07,5.6827,2.1444,0.1072,0.1739,0.1127,0.0,0.0588,0.4289,2.4661,0,lVzoLrjnvSiEEHWkUbhK7e6_hI2t0LeEr7Ilj2G0dZJCpaQCk4YSpzuUZYYVW-w2uQ-Gf049RADgvA,BR1_3276647510,16.17,14.0,10.28,9.327,1
6.8697,11.5089,0.1784,0.0,0.2775,0,0.0,0.0,0.4461,5.1027,10.2053,0.0,0.0,0.289,0.0,0.0,0.0,0.0,,,,,,,,,,0,hYhrg-d8HnnesadOykyz5S3mgyU-oABmM3KU5Z_RhIAFYdiQkYlSsUZQ1zLwQHvWeC4QJcGrOOqVkw,BR1_3276588775,16.17,11.209,1.764,0.0,0
6.7266,0.3494,0.0874,0.1429,0.1552,1,0.0,0.1747,1.223,4.8413,0.3157,0.2105,0.3125,0.1486,1.0,0.2222,0.5262,1.6839,6.6963,0.5357,0.0,0.7778,0.2459,0.0,0.2222,1.875,2.4107,0,hYhrg-d8HnnesadOykyz5S3mgyU-oABmM3KU5Z_RhIAFYdiQkYlSsUZQ1zLwQHvWeC4QJcGrOOqVkw,BR1_3276587736,16.17,11.447,9.502,3.733,1
4.5146,0.2007,0.602,0.0,0.1153,0,0.0,0.0,0.602,6.2686,0.3522,0.2817,0.5,0.1887,0.0,0.0833,0.493,0.9861,7.7049,0.4717,0.4717,0.3333,0.1945,0.0,0.2857,0.1572,0.4717,0,hYhrg-d8HnnesadOykyz5S3mgyU-oABmM3KU5Z_RhIAFYdiQkYlSsUZQ1zLwQHvWeC4QJcGrOOqVkw,BR1_3254286760,16.12,9.968,14.198,6.36,0
6.5985,0.3299,0.0825,0.6,0.2641,1,0.0,0.2474,0.4124,4.9705,0.466,0.233,0.2222,0.1514,0.0,0.0714,0.1553,0.699,6.7389,0.2324,0.2324,0.8,0.1714,0.0,0.0,0.9295,1.1619,0,hYhrg-d8HnnesadOykyz5S3mgyU-oABmM3KU5Z_RhIAFYdiQkYlSsUZQ1zLwQHvWeC4QJcGrOOqVkw,BR1_3254241000,16.12,12.124,12.876,4.303,0
5.2804,0.434,0.217,0.0,0.2318,0,0.0,0.0,0.5063,5.3595,0.4375,0.4375,0.6154,0.2339,1.0,0.1538,0.875,1.4219,,,,,,,,,,0,3HqSTACQLpIU3eUanPm8PZh9lbCdBczpxbK6cGmJh7qQUXJYDxq-73q0npLP1YkYWEdrRQnzlItqWQ,BR1_3277495967,16.17,13.825,9.143,0.0,0
5.9286,0.5,0.0714,0.4,0.2325,2,1.0,0.2857,0.7143,5.2727,0.6364,0.1818,0.6111,0.3593,6.0,0.1818,1.0,1.6364,6.2147,0.8878,0.0,0.4545,0.2654,0.0,0.1818,0.8878,1.9532,0,3HqSTACQLpIU3eUanPm8PZh9lbCdBczpxbK6cGmJh7qQUXJYDxq-73q0npLP1YkYWEdrRQnzlItqWQ,BR1_3277436125,16.17,14.0,11.0,5.632,1
6.4286,0.5714,0.0,0.4167,0.2865,3,0.0,0.3571,0.8571,5.2727,0.6364,0.1818,0.7,0.3279,5.0,0.2143,1.2727,1.8182,5.3298,0.533,0.0,0.5556,0.2946,0.0,0.0,1.3324,2.3984,0,3HqSTACQLpIU3eUanPm8PZh9lbCdBczpxbK6cGmJh7qQUXJYDxq-73q0npLP1YkYWEdrRQnzlItqWQ,BR1_3277406489,16.17,14.0,11.0,3.753,1
5.6429,0.5714,0.0714,0.2857,0.2017,0,0.0,0.2857,1.0,6.645,0.7383,0.1477,0.5,0.2096,1.0,0.2222,0.7383,1.4767,5.9256,0.2614,0.0871,0.3636,0.1353,0.0,0.3333,0.3486,0.9586,0,3HqSTACQLpIU3eUanPm8PZh9lbCdBczpxbK6cGmJh7qQUXJYDxq-73q0npLP1YkYWEdrRQnzlItqWQ,BR1_3277366389,16.17,14.0,6.772,11.476,1
6.2224,0.2745,0.183,0.2667,0.3012,2,0.0,0.366,1.3726,7.3856,0.6012,0.1718,0.4667,0.3111,3.0,0.1111,0.6012,1.2882,4.4173,0.2739,0.2397,0.56,0.2867,5.0,0.1515,0.9588,1.7121,0,tdtnyGlYPPSCELcXgHeCt8lS3q5nmtQKXBwXqtNH2U0TfL6t5W1EbLjHtfYZ3D4lWui8_GdYH3qpwA,BR1_3276814308,16.17,10.928,11.644,29.203,0
7.5714,0.2857,0.0,0.4,0.1436,2,0.0,0.4286,1.0714,9.3457,0.4504,0.0,0.4545,0.1749,0.0,0.1111,0.563,1.2386,13.2454,0.3679,0.0,0.4,0.2084,0.0,0.0,0.7359,1.8396,0,ceXAuliJt0lWYI1eDM_dpZGIf5XgL-STI2Q4psXqa8GljRB67CCITamndYovXWdXUH-PfYRjvNHesw,BR1_3277504109,16.17,14.0,8.881,2.718,1
6.6282,0.2616,0.1744,0.3125,0.1643,1,0.0,0.4361,1.3954,6.2342,0.1807,0.1807,0.6316,0.2206,0.0,0.3,1.0842,1.7167,9.3177,0.0,0.4437,0.0,0.0917,0.0,0.1111,0.0,3.5496,0,ceXAuliJt0lWYI1eDM_dpZGIf5XgL-STI2Q4psXqa8GljRB67CCITamndYovXWdXUH-PfYRjvNHesw,BR1_3277457054,16.17,11.466,11.068,2.254,1
6.6429,0.2857,0.3571,0.6,0.2106,1,0.0,0.4286,0.7143,7.6364,0.3636,0.1818,0.2857,0.253,2.0,0.0833,0.1818,0.6364,8.8141,0.0,0.1049,0.8182,0.2889,0.0,0.3,0.9444,1.1542,0,ceXAuliJt0lWYI1eDM_dpZGIf5XgL-STI2Q4psXqa8GljRB67CCITamndYovXWdXUH-PfYRjvNHesw,BR1_3277438187,16.17,14.0,11.0,9.53,0
7.7857,0.3571,0.1429,0.0833,0.094,0,0.0,0.0714,0.8571,10.4915,0.4769,0.1908,0.0455,0.0635,0.0,0.0769,0.0954,2.0983,7.937,0.3092,0.1031,0.3333,0.1047,0.0,0.0,0.5154,1.5462,0,ceXAuliJt0lWYI1eDM_dpZGIf5XgL-STI2Q4psXqa8GljRB67CCITamndYovXWdXUH-PfYRjvNHesw,BR1_3277417580,16.17,14.0,10.485,9.701,1
8.0843,0.3675,0.2205,0.4,0.3608,3,0.0,0.294,0.7349,4.199,0.12,0.4799,0.5556,0.4405,2.0,0.3333,0.5999,1.0797,8.0316,0.135,0.27,0.5455,0.2688,0.0,0.125,0.405,0.7424,0,QqRxGvrAU2o-oF6aJE3q3udct1XDkS5ovgmBUEq6em1B6odWK_miMoSz83ixJeIpgpfOCTMljNq1RQ,BR1_3277273406,16.17,13.607,8.335,14.817,0
5.4286,0.1429,0.2857,0.4706,0.3279,3,0.0,0.5714,1.2143,6.8182,0.0,0.3636,0.6,0.3195,0.0,0.2222,0.8182,1.3636,4.6352,0.2897,0.2897,0.4286,0.1906,0.0,0.0,0.4345,1.0139,0,PWSJsVBNSaq9RAPWArqeJ7opaOUgVGxTGqptOxmKJIpq6Sbmh3IPSC3_kvtC0oPAotE9gO1yGpDHEQ,BR1_3276921162,16.17,14.0,11.0,6.904,0
6.531,0.2041,0.102,0.2857,0.2369,0,0.0,0.4082,1.4287,6.4471,0.3289,0.2631,0.6071,0.3076,2.0,0.0,1.1184,1.842,6.7519,0.3294,0.3294,0.5385,0.1546,0.0,0.2,1.1528,2.1408,0,PWSJsVBNSaq9RAPWArqeJ7opaOUgVGxTGqptOxmKJIpq6Sbmh3IPSC3_kvtC0oPAotE9gO1yGpDHEQ,BR1_3276835137,16.17,9.799,15.201,6.072,1
7.0518,0.2908,0.0727,0.4,0.1739,1,0.0,0.2908,0.727,5.3359,0.3557,0.2668,0.6154,0.1763,0.0,0.1,0.7115,1.1561,3.9374,0.3108,0.5181,0.625,0.2013,0.0,0.2,0.5181,0.8289,0,iCRthfliE9xy0Q2iEO7GsNu5XfTrxB2sgaxqrRM8tuzL2pliW4COZ_uC4h4FoLQ6bYWE0gF2VCahyA,BR1_3277281539,16.17,13.755,11.245,9.651,0
5.9744,0.1757,0.0879,0.3333,0.287,2,0.0,0.3514,1.0543,5.6373,0.1762,0.1762,0.25,0.2785,0.0,0.1111,0.0881,0.3523,3.5359,0.2357,0.2357,1.0,0.2571,0.0,0.125,0.2357,0.2357,0,iCRthfliE9xy0Q2iEO7GsNu5XfTrxB2sgaxqrRM8tuzL2pliW4COZ_uC4h4FoLQ6bYWE0gF2VCahyA,BR1_3275514708,16.16,11.382,11.353,4.242,0
6.7857,0.3571,0.0,0.2143,0.2199,1,0.75,0.2143,1.0,10.3151,0.4389,0.2195,0.3333,0.2188,1.0,0.0,0.2195,0.6584,4.6879,0.4784,0.287,0.5263,0.3113,0.0,0.1429,0.9567,1.8178,0,AiNqHvAxDqUS1lz9MLqdFANxZvGDZU3ju6ZicuiC-KzUwZJkQl93zMW1Z7rggMMLMGkkVStl0sKHwQ,BR1_3277386346,16.17,14.0,9.113,10.452,1
5.2857,0.3571,0.3571,0.375,0.135,0,0.5,0.2143,0.5714,3.3636,0.5455,0.3636,0.4444,0.1836,1.0,0.2,0.7273,1.6364,6.4956,0.5196,0.2598,0.2857,0.0952,0.0,0.1667,0.5196,1.8188,0,AiNqHvAxDqUS1lz9MLqdFANxZvGDZU3ju6ZicuiC-KzUwZJkQl93zMW1Z7rggMMLMGkkVStl0sKHwQ,BR1_3277366940,16.17,14.0,11.0,3.849,1
7.9286,0.2857,0.0714,0.3077,0.1175,0,0.0,0.2857,0.9286,4.6364,0.5455,0.5455,0.5714,0.2473,0.0,0.1818,0.3636,0.6364,4.2798,0.2853,0.2853,0.5,0.1727,0.0,0.0909,0.2853,0.5706,0,AiNqHvAxDqUS1lz9MLqdFANxZvGDZU3ju6ZicuiC-KzUwZJkQl93zMW1Z7rggMMLMGkkVStl0sKHwQ,BR1_3277357440,16.17,14.0,11.0,3.505,0
6.7143,0.2857,0.1429,0.3077,0.1183,0,0.6,0.2857,0.9286,7.8182,0.5455,0.0,0.4706,0.2111,0.0,0.2,0.7273,1.5455,4.95,0.6828,0.0,1.0,0.2186,0.0,0.2,0.8535,0.8535,0,AiNqHvAxDqUS1lz9MLqdFANxZvGDZU3ju6ZicuiC-KzUwZJkQl93zMW1Z7rggMMLMGkkVStl0sKHwQ,BR1_3277340574,16.17,14.0,11.0,5.859,1
4.704,0.3085,0.0771,0.4,0.2208,0,0.25,0.3085,0.7712,6.067,0.5818,0.2493,0.5714,0.2756,1.0,0.2,0.9973,1.7453,4.461,0.9698,0.0,0.6923,0.2974,3.0,0.0833,1.7456,2.5214,0,AiNqHvAxDqUS1lz9MLqdFANxZvGDZU3ju6ZicuiC-KzUwZJkQl93zMW1Z7rggMMLMGkkVStl0sKHwQ,BR1_3277327919,16.17,12.968,12.032,5.156,1
8.3783,0.3318,0.0,0.1667,0.0769,0,0.0,0.1659,0.9954,5.9482,0.3862,0.309,0.375,0.1194,1.0,0.0,0.4635,1.236,4.5566,0.3695,0.4926,0.4,0.2012,0.0,0.2,0.4926,1.2315,1,zrc0hsPC7XJ_P7-V_FnG8OrBI0fin20KOKLvRpzcV0qKKA48FdByLMHRH9ReJMqSd6z3GaOn_SCsGg,BR1_3277476055,16.17,12.055,12.945,8.12,0
7.4876,0.0788,0.1576,0.0769,0.2123,0,0.0,0.0788,1.0246,6.5128,0.407,0.1628,0.2857,0.1651,0.0,0.0,0.6513,2.2795,,,,,,,,,,0,zrc0hsPC7XJ_P7-V_FnG8OrBI0fin20KOKLvRpzcV0qKKA48FdByLMHRH9ReJMqSd6z3GaOn_SCsGg,BR1_3277458705,16.17,12.688,12.284,0.0,1
5.5,0.3571,0.2143,0.6667,0.38,6,0.2,0.8571,1.2857,8.3636,0.4545,0.0909,0.4091,0.2933,3.0,0.0,0.8182,2.0,5.3718,0.2336,0.0,0.7273,0.4849,1.0,0.3333,1.8684,2.5691,0,zrc0hsPC7XJ_P7-V_FnG8OrBI0fin20KOKLvRpzcV0qKKA48FdByLMHRH9ReJMqSd6z3GaOn_SCsGg,BR1_3277441520,16.17,14.0,11.0,4.282,1
6.6484,0.0782,0.0782,0.3571,0.2602,4,0.0,0.3911,1.095,5.0757,0.2456,0.1637,0.5,0.289,2.0,0.2727,0.9005,1.8011,3.0218,0.245,0.245,0.5909,0.304,1.0,0.1,1.0617,1.7968,1,2LyZyz9LMxw66u5XLMz_UAFqYsTZKR4iLaUhibK5JozgK7qsrkA4qFa34PdDpIG4jmcgG5oLvn1hoA,BR1_3276534759,16.17,12.785,12.215,12.244,1
7.4286,0.2857,0.0714,0.1429,0.2423,1,0.0,0.0714,0.5,5.9091,0.4545,0.2727,0.5333,0.1621,0.0,0.0,0.7273,1.3636,10.4609,0.4981,0.0,0.5,0.4444,1.0,0.0,0.9963,1.9926,0,Oj1llbX5m-sDwkK0vIUPEjqoGVGpiFq6REMCUzGh668esh_z25QvjRHoaFOgH_1EDTS7nVz2kI2I7w,BR1_3276927764,16.17,14.0,11.0,4.015,1
3.9391,0.3664,0.3664,0.5,0.147,1,0.0,0.2748,0.5496,4.0419,0.437,0.5462,0.0,0.132,0.0,0.3125,0.0,0.437,,,,,,,,,,0,eUtOuNW4TbF1l2wGOh2_JNnC0LYU-ixh6Qo6Yy7JX1n64B6ppNDBiMI3H82WByQ70qxGZQpj86fctw,BR1_3276974631,16.17,10.916,9.154,0.0,0
6.2407,0.3008,0.1504,0.5,0.2247,1,0.0,0.1504,0.3008,4.1399,0.4358,0.4358,0.4615,0.2231,1.0,0.0,0.6537,1.4163,3.4568,0.0,0.8642,0.0,0.4586,0.0,0.8,0.0,0.0,0,d2TumXlAGSg9sYF1XkI4l9y5hpDVBM0T_lZbmDGsdflQpM7XT-BUmMrSk8_xo3rOMztNJa1a6-biag,BR1_3276255598,16.17,13.3,9.179,1.157,0
6.1687,0.2535,0.169,0.4118,0.2473,3,0.0,0.5915,1.4365,6.9877,0.076,0.5317,0.6364,0.2631,2.0,0.0667,0.5317,0.8355,5.0402,0.0,0.593,0.5,0.3839,0.0,0.2857,0.2965,0.593,1,zCjnpCIJ-RO-OaNx5JEOGOFpxnKCn3GNtE24g1GXgY8buqkE9nDwDOU8PDEUNdkhKizL0MvYKTJMTA,BR1_3276924060,16.17,11.834,13.166,3.373,0
7.3571,0.2143,0.0,0.3571,0.3083,4,0.25,0.3571,1.0,6.0,0.2727,0.3636,0.8462,0.3691,3.0,0.125,1.0,1.1818,2.7637,0.0,0.4935,0.4286,0.3284,3.0,0.0667,0.5922,1.3818,0,zCjnpCIJ-RO-OaNx5JEOGOFpxnKCn3GNtE24g1GXgY8buqkE9nDwDOU8PDEUNdkhKizL0MvYKTJMTA,BR1_3276793929,16.17,14.0,11.0,10.131,0
6.2138,0.1534,0.2301,1.0,0.3232,2,0.25,0.3836,0.3836,6.6016,0.3095,0.3095,0.6667,0.5301,3.0,0.2,0.6189,0.9284,6.3094,0.2103,0.4206,0.6667,0.3462,1.0,0.0,0.8413,1.2619,1,zCjnpCIJ-RO-OaNx5JEOGOFpxnKCn3GNtE24g1GXgY8buqkE9nDwDOU8PDEUNdkhKizL0MvYKTJMTA,BR1_3276711160,16.17,13.035,9.695,4.755,0
7.4906,0.0892,0.0892,0.3333,0.2375,0,0.0,0.0892,0.2675,6.1977,0.5708,0.3262,0.6364,0.3097,0.0,0.2667,0.5708,0.897,7.2741,0.0,0.7274,0.0,0.2956,0.0,0.4,0.0,0.0,0,pxnwLTASChLL2yFrALj2lWJ6RuPA2FoOiImZYYOC7bzjFy3eDBKNTVfPfPLa5ctCq3_6uYKeKOkSFA,BR1_3277488081,16.17,11.214,12.263,1.375,0
8.2756,0.2197,0.0,0.5455,0.2132,1,0.0,0.4394,0.8056,7.9919,0.0,0.0,0.8,0.3945,1.0,0.1111,1.3507,1.6884,8.1136,0.0,0.0,0.6429,0.3228,0.0,0.1429,1.1234,1.7476,0,GhNReafhNydMqOUB0QtfHn5Blmbp7OSWdXiZo9TXR8lanfezmVV1XTFKQlCryNBxlM7vQtklO8Cbcw,BR1_3277489674,16.17,13.655,8.884,8.011,1
4.9237,0.0965,0.2896,0.0909,0.1312,0,0.0,0.0965,1.062,7.314,0.446,0.0892,0.5,0.2275,0.0,0.2222,0.5352,1.0703,13.2742,0.2011,0.0,0.4444,0.1656,0.0,0.0833,0.8045,1.8101,0,GhNReafhNydMqOUB0QtfHn5Blmbp7OSWdXiZo9TXR8lanfezmVV1XTFKQlCryNBxlM7vQtklO8Cbcw,BR1_3277181530,16.17,10.358,11.211,4.972,1
5.4286,0.3571,0.2143,0.0,0.0677,0,0.25,0.0,1.0714,7.1625,0.1194,0.3581,0.5,0.1766,0.0,0.2222,0.2387,0.4775,,,,,,,,,,0,GhNReafhNydMqOUB0QtfHn5Blmbp7OSWdXiZo9TXR8lanfezmVV1XTFKQlCryNBxlM7vQtklO8Cbcw,BR1_3276998031,16.17,14.0,8.377,0.0,0
6.1157,0.3262,0.0815,0.5,0.2775,2,0.0,0.1631,0.3262,7.1803,0.3682,0.3682,0.6667,0.3408,1.0,0.0833,0.1841,0.2762,9.2537,1.0282,1.0282,0.5,0.2737,0.0,0.0,1.0282,2.0564,0,oG3j_yRdnWrZDplN3QTRtKy3XXcN4mlk6mEUvVljif8Es3IBPiM6n2WFdbMa0EELflcKXAV8dBUI4w,BR1_3276990645,16.17,12.264,10.863,0.973,0
5.7325,0.3185,0.1062,0.0,0.1589,0,0.0,0.0,1.2739,,,,,,,,,,,,,,,,,,,0,oG3j_yRdnWrZDplN3QTRtKy3XXcN4mlk6mEUvVljif8Es3IBPiM6n2WFdbMa0EELflcKXAV8dBUI4w,BR1_3276983943,16.17,9.42,0.0,0.0,1
4.8325,0.3717,0.2788,0.2,0.1362,2,0.0,0.1859,0.9293,5.4075,0.3511,0.2107,0.5833,0.2017,1.0,0.1818,0.9832,1.6855,3.3045,0.6008,0.0,0.4286,0.2531,0.0,0.125,0.9012,2.1029,0,oG3j_yRdnWrZDplN3QTRtKy3XXcN4mlk6mEUvVljif8Es3IBPiM6n2WFdbMa0EELflcKXAV8dBUI4w,BR1_3276980455,16.17,10.761,14.239,3.329,1
6.1429,0.2857,0.1429,0.6,0.3685,2,0.0,0.4286,0.7143,6.1254,0.1021,0.4084,0.2143,0.1622,0.0,0.4286,0.3063,1.4293,8.0758,0.4894,0.1224,0.1667,0.1024,1.0,0.2941,0.2447,1.4683,0,CLkQ_PHPRzbkzP24FQ7IKEr72_rTHm6j0IKKSRfkOBwD51eXv_syrF5_BCQgaWwr2GxyZINpKOjJwA,BR1_3276738101,16.17,14.0,9.795,8.173,1
6.2143,0.5714,0.2857,0.3125,0.2626,3,0.0,0.3571,1.1429,7.0,0.8182,0.3636,0.1875,0.2432,1.0,0.1667,0.2727,1.4545,8.0691,0.3134,0.3134,0.15,0.159,2.0,0.1429,0.235,1.5668,0,NQYCu9wuzEjyGvgbKDi7Wa8jX_htMNptRCdjbZseP1PR__XcqwT34F0t-GTGBNFtilN1mtfUfn4TXg,BR1_3277441683,16.17,14.0,11.0,12.765,0
6.605,0.0726,0.3629,0.5882,0.3134,4,0.0,0.7258,1.2339,7.3966,0.1213,0.485,0.3333,0.3215,3.0,0.3333,0.7275,2.1826,,,,,,,,,,1,NQYCu9wuzEjyGvgbKDi7Wa8jX_htMNptRCdjbZseP1PR__XcqwT34F0t-GTGBNFtilN1mtfUfn4TXg,BR1_3277428468,16.17,13.777,8.247,0.0,1
5.9059,0.0729,0.5104,0.0,0.1975,0,0.0,0.0,0.5833,8.3297,0.3545,0.5317,0.3333,0.212,5.0,0.0769,0.5317,1.595,8.7633,0.3601,0.12,0.6667,0.4054,2.0,0.1818,1.2005,1.8007,0,NQYCu9wuzEjyGvgbKDi7Wa8jX_htMNptRCdjbZseP1PR__XcqwT34F0t-GTGBNFtilN1mtfUfn4TXg,BR1_3277251370,16.17,13.715,11.285,8.33,1
7.9051,0.2635,0.0,0.75,0.3505,3,0.0,0.2635,0.3513,9.9156,0.4407,0.2938,0.5,0.4234,4.0,0.2727,0.3672,0.7345,5.7707,0.2565,0.513,1.0,0.4337,1.0,0.2857,0.2565,0.2565,1,NQYCu9wuzEjyGvgbKDi7Wa8jX_htMNptRCdjbZseP1PR__XcqwT34F0t-GTGBNFtilN1mtfUfn4TXg,BR1_3277245017,16.17,11.385,13.615,7.798,0
6.8283,0.3793,0.1264,0.6,0.4351,1,0.0,0.3793,0.6322,,,,,,,,,,,,,,,,,,,0,NQYCu9wuzEjyGvgbKDi7Wa8jX_htMNptRCdjbZseP1PR__XcqwT34F0t-GTGBNFtilN1mtfUfn4TXg,BR1_3277233911,16.17,7.908,0.0,0.0,0
6.0,0.4286,0.0714,0.5714,0.2584,1,0.0,0.2857,0.5,7.0453,0.0,0.3914,1.0,0.3169,0.0,0.0,0.3914,0.3914,8.7946,0.0,0.1759,1.0,0.3825,0.0,0.0,1.0554,1.0554,0,wX7QjoNPCj9QDF-kpRxoqB325cjZijz4w6m2aHeDBZJg1kwUw63F09lCnftatAG3L2OdFL9zSKL10w,BR1_3277345665,16.17,14.0,10.22,5.685,0
4.7857,0.1429,0.3571,0.2308,0.2851,2,0.0,0.2143,0.9286,6.095,0.4203,0.3153,0.3077,0.1612,1.0,0.0909,0.4203,1.3661,12.1332,0.0,0.0,0.3,0.1131,0.0,0.1818,0.7429,2.4762,0,H9XGMhag6syXA4LKx7ogWZVDq8JOS-zzNMGB6ncRqzsZXVubDE04nIPh8EWydF_2uX60KPlfgDmcqQ,BR1_3277063699,16.17,14.0,9.516,4.038,1
5.8877,0.3823,0.2294,0.3846,0.1509,1,0.0,0.3823,0.994,6.691,0.4097,0.4097,0.4667,0.3205,1.0,0.1818,0.9559,2.0483,11.0976,0.578,0.3468,0.5714,0.2749,0.0,0.0,0.9248,1.6184,0,H9XGMhag6syXA4LKx7ogWZVDq8JOS-zzNMGB6ncRqzsZXVubDE04nIPh8EWydF_2uX60KPlfgDmcqQ,BR1_3276395788,16.17,13.078,7.323,8.65,0
4.2143,0.2143,0.1429,0.381,0.1842,0,0.0,0.5714,1.5,6.0,0.0,0.4545,0.25,0.1377,2.0,0.1429,0.6364,2.5455,5.9794,0.0,0.0,0.2,0.1652,0.0,0.0,0.5979,2.9897,0,H9XGMhag6syXA4LKx7ogWZVDq8JOS-zzNMGB6ncRqzsZXVubDE04nIPh8EWydF_2uX60KPlfgDmcqQ,BR1_3275905423,16.16,14.0,11.0,1.672,1
7.257,0.3056,0.2292,0.2,0.202,1,0.0,0.1528,0.7639,8.0425,0.4347,0.2174,0.5,0.1476,0.0,0.1667,0.4347,0.8695,,,,,,,,,,0,H9XGMhag6syXA4LKx7ogWZVDq8JOS-zzNMGB6ncRqzsZXVubDE04nIPh8EWydF_2uX60KPlfgDmcqQ,BR1_3275902255,16.16,13.091,4.601,0.0,1
7.5,0.4286,0.0,0.375,0.131,0,0.0,0.2143,0.5714,8.0909,0.5455,0.0,0.5,0.1418,0.0,0.0,0.5455,1.0909,6.2468,0.4338,0.2603,0.8333,0.2397,0.0,0.0833,0.4338,0.5206,0,2hEH116gS_Y2sdKcXp9p8AXF6KCNTDq7CpjoTZU3ZHrcyXTh0_GMJibl9tHDoDpHBLo0BGZpOp0udQ,BR1_3272453731,16.16,14.0,11.0,11.526,0
7.0714,0.4286,0.0,0.5,0.1764,0,0.0,0.4286,0.8571,8.4969,0.293,0.1465,0.6667,0.2771,1.0,0.2,0.586,0.879,7.4313,0.5161,0.1032,0.75,0.2173,0.0,0.0,0.6193,0.8257,1,2hEH116gS_Y2sdKcXp9p8AXF6KCNTDq7CpjoTZU3ZHrcyXTh0_GMJibl9tHDoDpHBLo0BGZpOp0udQ,BR1_3264590169,16.14,14.0,6.826,9.689,0
6.2725,0.3605,0.2163,0.0,0.1761,0,0.2,0.0,0.2884,7.9907,0.6849,0.2283,0.75,0.199,0.0,0.0,0.6849,0.9132,7.9468,0.6357,0.4238,0.5,0.2619,0.0,0.3889,0.5298,1.0596,0,2hEH116gS_Y2sdKcXp9p8AXF6KCNTDq7CpjoTZU3ZHrcyXTh0_GMJibl9tHDoDpHBLo0BGZpOp0udQ,BR1_3264580728,16.14,13.87,8.76,9.438,0
6.9921,0.3215,0.3215,0.4118,0.3369,3,0.0,0.5626,1.3663,4.6188,0.5574,0.3982,0.4,0.2839,1.0,0.1111,0.6371,1.5927,5.136,0.4891,0.2446,0.6364,0.3047,2.0,0.2222,1.712,2.6903,1,L7fDMo5w8OVMTSY70cBmIEpcxUtbEi6c49jn38c6pD1-trll-1U3g10KAJxTwPSWlywIFipDQf7Eqg,BR1_3277282591,16.17,12.443,12.557,4.089,1
7.4286,0.4286,0.2143,0.5,0.2487,2,0.0,0.3571,0.7143,4.6364,0.7273,0.1818,0.8,0.4461,2.0,0.0909,1.0909,1.3636,6.828,0.5886,0.3532,0.6471,0.4084,4.0,0.0833,1.295,2.0013,0,L7fDMo5w8OVMTSY70cBmIEpcxUtbEi6c49jn38c6pD1-trll-1U3g10KAJxTwPSWlywIFipDQf7Eqg,BR1_3277032932,16.17,14.0,11.0,8.494,1
6.2143,0.1429,0.2143,0.2105,0.1482,1,0.2,0.2857,1.3571,11.2388,0.0,0.0,0.2,0.1385,1.0,0.5,0.3746,1.8731,,,,,,,,,,0,rDCl6nvlQP0qeDBX1btxd-kfOpRtNfomCsjruQoR30HuWJ_fdjYhH5aawaOq7XqUHMwCLMSmjFGvdQ,BR1_3276744207,16.17,14.0,2.669,0.0,1
3.0541,0.1566,0.0783,0.0,0.0782,0,0.0,0.0,1.253,5.4835,0.4301,0.1075,0.2,0.2304,0.0,0.0,0.215,1.0752,5.373,0.3358,0.2015,0.3704,0.2043,0.0,0.2,0.6716,1.8134,0,rDCl6nvlQP0qeDBX1btxd-kfOpRtNfomCsjruQoR30HuWJ_fdjYhH5aawaOq7XqUHMwCLMSmjFGvdQ,BR1_3276703849,16.17,12.77,9.301,14.889,1
7.4441,0.2919,0.073,0.2667,0.2134,3,0.0,0.2919,1.0947,6.904,0.0885,0.354,0.4444,0.2406,2.0,0.1111,0.354,0.7966,6.1945,0.0,0.413,0.5714,0.2211,0.0,0.0,0.3304,0.5782,1,rDCl6nvlQP0qeDBX1btxd-kfOpRtNfomCsjruQoR30HuWJ_fdjYhH5aawaOq7XqUHMwCLMSmjFGvdQ,BR1_3276670790,16.17,13.702,11.298,12.108,0
8.4286,0.2857,0.0714,0.25,0.2181,1,0.0,0.0714,0.2857,8.1818,0.3636,0.1818,0.5385,0.1986,1.0,0.25,0.6364,1.1818,2.7056,0.4638,0.1546,0.381,0.1676,1.0,0.0667,0.6184,1.6233,0,GR-eVy114K9blVQuuwupmtu_lN168Xy0R0xfoHrl_Iswr-0GOfWt_yTVzH0X9o3ikMMt8_KOY-LdFw,BR1_3277209842,16.17,14.0,11.0,12.936,1
7.0,0.2143,0.1429,0.1667,0.1627,0,0.0,0.1429,0.8571,7.3636,0.1818,0.0909,0.7692,0.2462,0.0,0.1111,0.9091,1.1818,7.2566,0.5048,0.1262,0.3529,0.2384,0.0,0.0625,0.3786,1.0727,0,GR-eVy114K9blVQuuwupmtu_lN168Xy0R0xfoHrl_Iswr-0GOfWt_yTVzH0X9o3ikMMt8_KOY-LdFw,BR1_3277168641,16.17,14.0,11.0,15.848,1
7.1429,0.2857,0.2143,0.4286,0.3295,0,0.0,0.2143,0.5,9.4512,0.35,0.35,0.3077,0.2159,2.0,0.125,0.4667,1.5169,5.9137,0.3479,0.2609,0.7143,0.2889,1.0,0.1429,0.8697,1.2175,0,GR-eVy114K9blVQuuwupmtu_lN168Xy0R0xfoHrl_Iswr-0GOfWt_yTVzH0X9o3ikMMt8_KOY-LdFw,BR1_3277153088,16.17,14.0,8.57,11.499,0
8.246,0.4123,0.0,0.6667,0.3791,3,0.2,0.4948,0.7421,7.9872,0.7659,0.1094,0.625,0.4147,8.0,0.3,1.0941,1.7506,2.848,0.5026,0.1675,0.4286,0.1476,1.0,0.0,1.0052,2.3454,0,_7w6CwNt6On87VeeMt-vGxP3MLPGWticUBQRa4-5ve-h4IHkl2Uymk1RZC9QHbUh7GrWsR0pl1DeVA,BR1_3277485310,16.17,12.127,9.14,5.969,1
6.9607,0.3867,0.0773,0.1176,0.1108,2,0.0,0.1547,1.3148,9.279,0.2485,0.1657,0.2,0.1637,0.0,0.1667,0.2485,1.2427,6.1611,0.0,0.5134,0.4,0.1437,0.0,0.0,1.0268,2.5671,0,_7w6CwNt6On87VeeMt-vGxP3MLPGWticUBQRa4-5ve-h4IHkl2Uymk1RZC9QHbUh7GrWsR0pl1DeVA,BR1_3277397859,16.17,12.93,12.07,1.948,1
5.1456,0.3624,0.2174,0.1667,0.2061,0,0.3333,0.0725,0.4348,4.1065,0.3571,0.6249,0.4444,0.305,3.0,0.0833,0.7142,1.6069,5.1466,0.3909,0.3257,0.4,0.252,1.0,0.1765,0.6515,1.6287,0,_7w6CwNt6On87VeeMt-vGxP3MLPGWticUBQRa4-5ve-h4IHkl2Uymk1RZC9QHbUh7GrWsR0pl1DeVA,BR1_3277031449,16.17,13.798,11.202,15.35,1
8.4286,0.5714,0.2143,0.3684,0.2505,3,0.0,0.5,1.3571,8.8967,0.574,0.1913,0.3571,0.183,1.0,0.1111,0.4783,1.3393,7.5793,0.2048,0.4097,0.8889,0.317,1.0,0.3636,1.6388,1.8436,0,veUWnaSae0L-qjJysD-O8V4HNKBMsLVVNOKIxd9vDkXhbohC5UVV0wIg4pwviZ7gpi5EpOSyVOa6cw,BR1_3276964816,16.17,14.0,10.453,4.882,1
4.2761,0.2174,0.0725,0.3,0.2412,0,0.0,0.2174,0.7248,5.713,0.2678,0.3571,0.2353,0.2181,0.0,0.1111,0.3571,1.5175,4.9193,0.2894,0.4341,0.5,0.1231,0.0,0.5,0.7234,1.4469,0,0XJ-3IXe9L4Wgkk2CcxN4KIoazDcSdwCOLnMSrEWx_nMj3MA3ZVrZwJFgG_gswSlCN25r-BVkq44Zw,BR1_3277234574,16.17,13.798,11.202,6.912,0
6.2696,0.4324,0.2162,0.5,0.3578,0,0.0,0.2162,0.4324,9.5304,0.5124,0.205,0.75,0.4619,2.0,0.125,0.6149,0.8198,8.5363,0.5507,0.413,1.0,0.5098,0.0,0.2,0.413,0.413,0,dEvQfkplJsjrhNZX56YECxXiwMKgnhVRNnPQ0RkRY2ZLmD-MWNVq5eueuZvki_fqG-lT5XCT0IuQog,BR1_3275591661,16.16,13.877,9.758,7.263,0
7.1659,0.6514,0.0,0.4545,0.3064,2,0.0,0.3619,0.7962,5.7221,0.9835,0.0894,0.6667,0.178,1.0,0.2,0.5365,0.8047,4.4619,0.9816,0.357,0.5,0.2242,1.0,0.25,0.357,0.7139,0,dEvQfkplJsjrhNZX56YECxXiwMKgnhVRNnPQ0RkRY2ZLmD-MWNVq5eueuZvki_fqG-lT5XCT0IuQog,BR1_3273606792,16.16,13.815,11.185,11.206,0
4.4403,0.2422,0.4037,0.25,0.1718,0,0.0,0.3229,1.2917,3.9641,0.3964,0.1586,0.4667,0.2243,0.0,0.1818,0.555,1.1892,2.1083,0.5441,0.408,0.3333,0.1569,1.0,0.0,0.34,1.0201,0,aI8NrHNoZP229MQ4f924MqNT2Tf3i2BSDvra6LuNc61cUMpqxiX0DmajKULdAU4RpSe91DooAmiK9Q,BR1_3276462242,16.17,12.387,12.613,14.704,1
2.6429,0.3571,0.0714,0.4,0.2909,1,0.6,0.5714,1.4286,3.4545,0.6364,0.2727,0.2727,0.11,0.0,0.0,0.2727,1.0,2.8264,0.4946,0.424,0.3103,0.1905,2.0,0.2105,0.6359,2.0491,0,aI8NrHNoZP229MQ4f924MqNT2Tf3i2BSDvra6LuNc61cUMpqxiX0DmajKULdAU4RpSe91DooAmiK9Q,BR1_3275900431,16.16,14.0,11.0,14.152,1
3.676,0.147,0.2941,0.4375,0.3302,3,0.0,0.5146,1.1763,2.411,0.6575,0.2192,0.7059,0.3044,3.0,0.2,1.3151,1.863,1.9095,0.8354,0.2387,0.45,0.2026,0.0,0.0769,1.0741,2.3869,0,aI8NrHNoZP229MQ4f924MqNT2Tf3i2BSDvra6LuNc61cUMpqxiX0DmajKULdAU4RpSe91DooAmiK9Q,BR1_3275893138,16.16,13.602,9.125,8.379,1
4.5714,0.2857,0.5,0.0,0.2597,0,0.0,0.0,0.5714,6.3561,0.4966,0.0993,0.5,0.1886,0.0,0.3333,0.5959,1.1918,2.2556,0.5413,0.6316,0.4,0.228,2.0,0.0,0.3609,0.9022,0,AT9ldYu_lCn70wtGkFch6ktK_fmOO7m_EtjRF2UdI4eBlKrsVyQqFHU4YWraB_RSwDvl8Z-o0SoSbQ,BR1_3277288158,16.17,14.0,10.069,11.084,0
7.9591,0.3827,0.1531,0.3333,0.2728,6,0.0,0.4592,1.3775,7.3636,0.758,0.1083,0.4,0.325,2.0,0.4,0.6497,1.6243,4.3859,0.6266,0.2506,0.5556,0.2157,0.0,0.1,0.6266,1.1278,1,AT9ldYu_lCn70wtGkFch6ktK_fmOO7m_EtjRF2UdI4eBlKrsVyQqFHU4YWraB_RSwDvl8Z-o0SoSbQ,BR1_3277255570,16.17,13.067,9.235,7.98,1
7.3201,0.6164,0.0771,0.5,0.2195,4,0.0,0.6164,1.2329,7.4863,3.2441,0.3327,0.5625,0.411,3.0,0.1111,0.7486,1.3309,4.0593,2.7062,0.5697,0.5652,0.2718,3.0,0.0625,0.9258,1.638,0,GkgHGEp5uIN2R99WjOsZuQPxcJe0VWRQEBhkunwJHObylUOxrszd1wiYw8GVrPa1yO4pIGiU2ww_LQ,BR1_3276995901,16.17,12.978,12.022,14.042,1
8.3571,0.2143,0.0714,0.125,0.0602,0,0.0,0.0714,0.5714,7.4545,0.0909,0.2727,0.5556,0.2593,2.0,0.25,0.4545,0.8182,7.7583,0.4877,0.1773,0.5789,0.358,1.0,0.1667,0.4877,0.8423,0,xNI2z9i83DAYbpYxjB-p7-m6XfZ5SsGG91VSWE1Y8E_jmd4As29-sJHZIetZre79_jOzYczF5k0qaw,BR1_3277027246,16.17,14.0,11.0,22.556,0
8.0,0.4286,0.2143,0.375,0.2124,1,0.0,0.2143,0.5714,8.6107,0.9226,0.3075,0.5,0.3333,3.0,0.1429,0.7688,1.5376,7.3571,0.7827,0.3913,0.5,0.2601,2.0,0.25,0.7827,1.5653,0,BPoOeH1aHNLQvFjL78GNhUPKSjl1LLcqduAZeP_SnSpQtdtQv1ElDbn3iHYT7qtKdcZhkmKEpfTY9w,BR1_3276809920,16.17,14.0,6.504,12.777,1
6.1429,0.5,0.0714,0.3,0.204,1,0.4,0.2143,0.7143,5.6364,0.8182,0.2727,0.4074,0.2731,1.0,0.4667,1.0,2.4545,7.9187,0.8799,0.0,0.0,0.2794,0.0,1.0,0.0,2.6396,0,BPoOeH1aHNLQvFjL78GNhUPKSjl1LLcqduAZeP_SnSpQtdtQv1ElDbn3iHYT7qtKdcZhkmKEpfTY9w,BR1_3276506033,16.17,14.0,11.0,1.137,1
6.5111,0.3256,0.1628,0.2222,0.1841,0,0.0,0.1628,0.7325,4.0115,0.3146,0.4719,0.6154,0.2495,1.0,0.2,0.6293,1.0225,6.6997,0.5678,0.2271,0.5294,0.2077,1.0,0.1333,0.511,0.9652,0,QviqBDhxzk8UOei2DXPT7MuXQMjK07E7eBp-4Ybn_zQeZpKBVzb8agz6gr9jIdeGtQ5BzbaZLhya0A,BR1_3276811257,16.17,12.287,12.713,17.613,1
4.3607,0.3792,0.3792,0.1667,0.1298,1,0.0,0.0948,0.5688,4.5899,0.3991,0.4989,0.75,0.3885,0.0,0.1667,0.5987,0.7982,4.6271,0.7712,0.3085,0.5455,0.122,0.0,0.0,0.9254,1.6966,0,U4qrbGHAPGwkSnqlufuTsk3A6p9gEPLrlQu_hdABCI5QQv8FA40nRSOUYCm0evu7LX4wprSqKgGtkw,BR1_3276873820,16.17,10.549,10.022,6.484,0
4.2857,0.4286,0.2857,0.5,0.1625,3,0.0,0.4286,0.8571,5.5481,0.6305,0.2522,0.875,0.2382,0.0,0.0,0.8827,1.0087,2.1529,0.9688,0.1076,0.8,0.3586,1.0,0.4,1.7224,2.1529,0,U4qrbGHAPGwkSnqlufuTsk3A6p9gEPLrlQu_hdABCI5QQv8FA40nRSOUYCm0evu7LX4wprSqKgGtkw,BR1_3276861418,16.17,14.0,7.931,9.29,1
4.8144,0.3264,0.1632,0.3333,0.178,0,0.0,0.1632,0.4896,4.4159,0.4731,0.3943,0.625,0.3706,2.0,0.125,0.7885,1.2617,,,,,,,,,,0,U4qrbGHAPGwkSnqlufuTsk3A6p9gEPLrlQu_hdABCI5QQv8FA40nRSOUYCm0evu7LX4wprSqKgGtkw,BR1_3276848728,16.17,12.255,12.682,0.0,0
4.6429,0.4286,0.2143,0.7059,0.3602,6,0.25,0.8571,1.2143,3.4715,0.7839,0.336,0.0,0.1776,0.0,0.1111,0.0,0.6719,3.0064,0.4295,0.4295,0.8,0.3803,0.0,0.1,0.859,1.0737,1,U4qrbGHAPGwkSnqlufuTsk3A6p9gEPLrlQu_hdABCI5QQv8FA40nRSOUYCm0evu7LX4wprSqKgGtkw,BR1_3275550713,16.16,14.0,8.93,4.657,0
8.1921,0.2175,0.145,0.2727,0.143,0,0.0,0.2175,0.7975,9.459,0.3569,0.4462,0.3,0.291,2.0,0.2727,0.2677,0.8924,5.3594,0.4322,0.2593,0.1667,0.1605,0.0,0.1765,0.0864,0.5186,0,obo7LVZ4zOSACx6CSSNDx_zfJHrtDi8B8e_naezeSydfzZb2WwpYxxoPsBWrrqwlPwaacSKGQu4u0w,BR1_3277359292,16.17,13.794,11.206,11.569,0
7.727,0.4415,0.2208,0.6471,0.2931,0,0.6,0.8095,1.251,7.7521,0.2423,0.2423,0.625,0.3808,3.0,0.1667,1.2113,1.938,12.3669,0.4947,0.0,0.8,0.3067,0.0,0.0,1.9787,2.4734,0,obo7LVZ4zOSACx6CSSNDx_zfJHrtDi8B8e_naezeSydfzZb2WwpYxxoPsBWrrqwlPwaacSKGQu4u0w,BR1_3277306832,16.17,13.589,8.256,2.022,1
5.1044,0.0762,0.5333,0.3,0.1807,0,0.2,0.2286,0.7618,6.9058,0.3369,0.4211,0.1111,0.1704,0.0,0.2667,0.0842,0.758,15.8326,0.0,0.5107,1.0,0.1542,0.0,0.0,0.5107,0.5107,0,obo7LVZ4zOSACx6CSSNDx_zfJHrtDi8B8e_naezeSydfzZb2WwpYxxoPsBWrrqwlPwaacSKGQu4u0w,BR1_3277295932,16.17,13.126,11.874,1.958,0
4.6135,0.2346,0.2346,0.1,0.1363,0,0.0,0.0782,0.7819,6.4232,0.2379,0.4758,0.1429,0.1685,0.0,0.1111,0.1189,0.8326,13.304,0.1942,0.1942,0.3571,0.1649,0.0,0.0667,0.4855,1.3595,0,obo7LVZ4zOSACx6CSSNDx_zfJHrtDi8B8e_naezeSydfzZb2WwpYxxoPsBWrrqwlPwaacSKGQu4u0w,BR1_3277287413,16.17,12.789,8.407,10.298,0
5.5714,0.2143,0.2857,0.3158,0.3642,4,0.0,0.4286,1.3571,7.4452,0.2757,0.2757,0.4444,0.3178,6.0,0.2222,1.103,2.4817,1.8391,0.9195,0.3678,0.5556,0.3426,1.0,0.1,0.9195,1.6552,0,obo7LVZ4zOSACx6CSSNDx_zfJHrtDi8B8e_naezeSydfzZb2WwpYxxoPsBWrrqwlPwaacSKGQu4u0w,BR1_3276976762,16.17,14.0,7.253,5.438,1
6.3449,1.6374,0.1023,0.6,0.2758,1,0.25,0.307,0.5117,9.0186,2.6525,0.3537,0.5,0.2005,0.0,0.25,0.1768,0.3537,,,,,,,,,,0,F9tvDVpHbRCTSD_4NVXez7eca9nJDu6x2QqmbH_JKUI5ORKU9yq9Mqs8FnHLzwKKR5RwSrTklGTN7g,BR1_3277474834,16.17,9.772,5.655,0.0,0
9.1526,0.622,0.1777,0.2727,0.2352,1,0.0,0.2666,0.9775,8.8023,0.873,0.291,0.48,0.242,2.0,0.0909,0.873,1.8187,7.9408,0.6846,0.2738,0.45,0.1749,3.0,0.0556,0.6161,1.3691,1,F9tvDVpHbRCTSD_4NVXez7eca9nJDu6x2QqmbH_JKUI5ORKU9yq9Mqs8FnHLzwKKR5RwSrTklGTN7g,BR1_3277105186,16.17,11.254,13.746,14.608,0
7.7857,0.5,0.1429,0.25,0.1903,2,0.2,0.1429,0.5714,10.2216,0.292,0.292,0.25,0.1046,0.0,0.5,0.292,1.1682,9.1254,0.4345,0.2897,0.3333,0.1198,0.0,0.1111,0.4345,1.3036,0,F9tvDVpHbRCTSD_4NVXez7eca9nJDu6x2QqmbH_JKUI5ORKU9yq9Mqs8FnHLzwKKR5RwSrTklGTN7g,BR1_3277014920,16.17,14.0,6.848,6.904,0
6.9243,1.4457,0.2283,0.2667,0.2722,2,0.0,0.3044,1.1414,5.0599,1.771,0.3373,0.3333,0.1723,2.0,0.1111,0.5903,1.771,4.115,2.1947,0.4115,0.4118,0.1571,0.0,0.2,0.9602,2.3319,0,F9tvDVpHbRCTSD_4NVXez7eca9nJDu6x2QqmbH_JKUI5ORKU9yq9Mqs8FnHLzwKKR5RwSrTklGTN7g,BR1_3277000835,16.17,13.142,11.858,7.29,1
7.3571,0.5,0.1429,0.3846,0.21,0,0.0,0.3571,0.9286,8.5807,0.5627,0.0,0.2727,0.2478,0.0,0.0,0.422,1.5473,0.0,0.0,0.0,0.0,,0.0,1.0,0.0,0.0,0,F9tvDVpHbRCTSD_4NVXez7eca9nJDu6x2QqmbH_JKUI5ORKU9yq9Mqs8FnHLzwKKR5RwSrTklGTN7g,BR1_3276923089,16.17,14.0,7.109,0.164,1
4.7286,0.3582,0.0716,0.2308,0.2,0,0.0,0.2149,0.9314,7.9874,0.3865,0.2577,0.5,0.2441,1.0,0.0,1.0306,2.0613,11.7361,0.4047,0.0,0.4545,0.2691,1.0,0.1,2.0235,4.4516,0,2EN0IR2D6dHp2OEnz8IGH8h8JeLgF_Aaus-O9K1lmw_9O7-NZvZJywQNFIgGnVbBYpAXS_EcTNwP8w,BR1_3276859136,16.17,13.958,7.762,2.471,1
6.2293,0.4296,0.1074,0.2,0.2067,0,0.0,0.2148,1.074,6.155,0.4173,0.1043,0.303,0.1405,1.0,0.0,1.0432,3.4426,,,,,,,,,,0,2EN0IR2D6dHp2OEnz8IGH8h8JeLgF_Aaus-O9K1lmw_9O7-NZvZJywQNFIgGnVbBYpAXS_EcTNwP8w,BR1_3276526451,16.17,9.311,9.586,0.0,1
3.5258,0.082,0.246,0.5,0.2867,1,0.0,0.328,0.656,6.1699,0.0781,0.1562,0.0833,0.0886,0.0,0.0909,0.1562,1.8744,6.1185,0.4635,0.1854,0.4091,0.0769,0.0,0.2222,0.8343,2.0395,1,UE7KTHxrOwEx5w6hVAMUsAZcaX-UZAONwQSgSlaYeOh3hXlcTE92lbNAGA-exrFXJp72tf0DR1qKcQ,BR1_3277251977,16.17,12.196,12.804,10.787,1
7.4286,0.2143,0.0714,0.4444,0.3846,3,0.0,0.2857,0.6429,8.4308,0.272,0.4079,0.0,0.2376,0.0,0.0,0.0,0.136,6.2629,0.8947,0.8947,0.0,0.1383,0.0,0.0,0.0,0.0,0,OcBmXndcxckJwTeZf95E3BhMRmv7swck4mTDacCf-209hP-K6-xgVlnmSa-gGlVskMTDXGwQGHwIzw,BR1_3277486310,16.17,14.0,7.354,2.235,0
5.0714,0.2143,0.3571,0.2,0.2827,0,0.0,0.2143,1.0714,7.4808,0.5072,0.1268,0.25,0.1191,0.0,0.1429,0.2536,1.0143,4.9893,0.2123,0.6369,0.3333,0.1804,0.0,0.2353,0.2123,0.6369,0,OcBmXndcxckJwTeZf95E3BhMRmv7swck4mTDacCf-209hP-K6-xgVlnmSa-gGlVskMTDXGwQGHwIzw,BR1_3276388024,16.17,14.0,7.887,9.42,0
7.747,0.3068,0.1534,0.3077,0.3668,2,0.25,0.3068,0.9971,8.2757,0.3344,0.1672,0.381,0.3308,3.0,0.1111,0.6687,1.7555,6.1719,0.3527,0.2645,0.4,0.4059,3.0,0.0909,0.7054,1.7634,0,OcBmXndcxckJwTeZf95E3BhMRmv7swck4mTDacCf-209hP-K6-xgVlnmSa-gGlVskMTDXGwQGHwIzw,BR1_3275824807,16.16,13.037,11.963,11.342,1
6.5714,0.2143,0.0,0.5455,0.2284,4,0.0,0.4286,0.7857,5.8182,0.8182,0.2727,0.4706,0.2008,3.0,0.1,0.7273,1.5455,3.5357,0.8159,0.3808,0.2222,0.1435,0.0,0.2353,0.2176,0.9791,0,rqcyfaczj9mKoF3EsDTOyC-87m_jjm_QXH-o5U3i2Hr63ji-oaQBM0D5vf7SJwujR1C3Y9x2UBqPuQ,BR1_3277377952,16.17,14.0,11.0,18.384,0
7.3551,0.2658,0.0,0.3571,0.2807,4,0.25,0.4431,1.2406,4.885,0.5104,0.2187,0.3214,0.1902,0.0,0.1429,0.6562,2.0415,14.9477,0.0,0.0,0.0,0.1291,0.0,,0.0,0.0,0,HStdaYQVTEEWGvE_R7PrP9IOtwZqPdX4-uf_FZti1ug2boFADHxRDZTOAUUdzTuWznOxp9Y8JUxP1A,BR1_3276993268,16.17,11.285,13.715,0.268,1
7.8859,1.881,0.0723,0.4,0.2243,5,0.2,0.5788,1.447,7.7832,1.5209,0.3578,0.5,0.2096,1.0,0.1667,0.9841,1.9682,9.5025,0.4751,0.4751,0.125,0.037,0.0,0.3333,0.4751,3.801,1,HStdaYQVTEEWGvE_R7PrP9IOtwZqPdX4-uf_FZti1ug2boFADHxRDZTOAUUdzTuWznOxp9Y8JUxP1A,BR1_3276985173,16.17,13.822,11.178,2.105,1
5.7412,0.2982,0.2982,0.2667,0.1788,0,0.25,0.2982,1.1184,3.2792,0.3452,0.4315,0.3846,0.1566,0.0,0.1,0.4315,1.1218,2.0825,0.1488,0.5206,0.4211,0.2481,0.0,0.2941,0.595,1.4131,0,faN2gh4z0W-wwQpUXUC69vpCD9d1WCV0vBYeTCpdXQ89FIF1w2dH2H_kuQ8H2CSfo4K4i9rmtXw75w,BR1_3275705917,16.16,13.412,11.588,13.445,0
8.0714,0.4286,0.0,0.1818,0.2449,0,0.25,0.1429,0.7857,6.5455,0.4545,0.4545,0.1818,0.322,2.0,0.1,0.1818,1.0,10.8382,0.0,0.6021,0.0,0.3702,0.0,0.0,0.0,0.0,0,ASXtrQVS62XOIp6uSGXyWEeldVn4yIZPfsFqENfOtZjhUwhzbHh6dbGklxcB43s2g1TONviiN30BnA,BR1_3277063994,16.17,14.0,11.0,1.661,0
6.6155,0.5513,0.0,0.3636,0.2545,0,0.0,0.315,0.8663,8.5083,0.3113,0.2075,0.5263,0.219,0.0,0.2222,1.0376,1.9714,11.8477,0.0,0.1107,0.5714,0.4201,1.0,0.1538,1.3287,2.3253,0,ASXtrQVS62XOIp6uSGXyWEeldVn4yIZPfsFqENfOtZjhUwhzbHh6dbGklxcB43s2g1TONviiN30BnA,BR1_3277050591,16.17,12.697,9.638,9.031,1
3.2143,0.3571,0.3571,0.4375,0.1925,0,0.0,0.5,1.1429,5.7273,0.4545,0.3636,0.4231,0.2742,0.0,0.3333,1.0,2.3636,3.2256,0.852,0.1826,0.5625,0.3125,3.0,0.0769,1.0955,1.9475,0,ASXtrQVS62XOIp6uSGXyWEeldVn4yIZPfsFqENfOtZjhUwhzbHh6dbGklxcB43s2g1TONviiN30BnA,BR1_3276813310,16.17,14.0,11.0,16.431,1
7.1429,0.3571,0.0714,0.3333,0.3244,4,0.25,0.3571,1.0714,5.0,0.7273,0.1818,0.6522,0.3837,6.0,0.2222,1.3636,2.0909,6.8614,0.7054,0.2565,0.2593,0.1699,1.0,0.2,0.4489,1.7314,0,ASXtrQVS62XOIp6uSGXyWEeldVn4yIZPfsFqENfOtZjhUwhzbHh6dbGklxcB43s2g1TONviiN30BnA,BR1_3276792109,16.17,14.0,11.0,15.594,1
6.028,0.3396,0.0849,0.6667,0.2177,0,0.25,0.1698,0.2547,7.8871,0.3532,0.3532,0.5,0.3439,1.0,0.0833,0.1177,0.2354,,,,,,,,,,0,nRlEGSWBFWlJ5_Z4ZeCiO5NhpfwcnuxHxD15NLp06_jasucJZUlMbUheBlZ2WOF3mGkZnMG3SL5i-g,BR1_3277164958,16.17,11.778,8.495,0.0,0
5.4286,0.4286,0.2857,0.5,0.28,0,0.0,0.0714,0.1429,10.9041,0.0,0.6414,0.0,0.3315,0.0,,0.0,0.0,,,,,,,,,,0,nRlEGSWBFWlJ5_Z4ZeCiO5NhpfwcnuxHxD15NLp06_jasucJZUlMbUheBlZ2WOF3mGkZnMG3SL5i-g,BR1_3277147743,16.17,14.0,1.559,0.0,0
7.2721,0.4545,0.0,0.4583,0.2346,1,0.25,0.8333,1.818,4.5767,0.5085,0.0848,0.6,0.3139,1.0,0.2222,1.5256,2.5426,6.4838,0.1271,0.3814,0.4615,0.1872,1.0,0.0,0.7628,1.6527,0,nRlEGSWBFWlJ5_Z4ZeCiO5NhpfwcnuxHxD15NLp06_jasucJZUlMbUheBlZ2WOF3mGkZnMG3SL5i-g,BR1_3277127649,16.17,13.201,11.799,7.866,1
7.2857,0.3571,0.0,0.5,0.2997,1,0.0,0.0714,0.1429,6.2727,0.2727,0.1818,0.75,0.4095,1.0,0.1429,0.8182,1.0909,7.0828,0.5151,0.2576,1.0,0.4303,1.0,0.1818,0.7727,0.7727,0,nRlEGSWBFWlJ5_Z4ZeCiO5NhpfwcnuxHxD15NLp06_jasucJZUlMbUheBlZ2WOF3mGkZnMG3SL5i-g,BR1_3276866039,16.17,14.0,11.0,7.765,0
6.3571,0.2143,0.5,0.2,0.2159,2,0.0,0.2857,1.4286,8.5798,0.3651,0.1825,0.5263,0.2758,1.0,0.2,0.9127,1.7342,11.5722,0.0,0.3128,0.25,0.1437,0.0,0.0909,0.6255,2.5021,0,AtOzSgiqfMHCzKs3baFkVXtqC4_m4zc9Y7IL4WwG7GvmFIglfzbD9lF40UL3aB7Pwn3ZeyfXE8YPzw,BR1_3276774088,16.17,14.0,10.956,3.197,1
7.7717,0.3172,0.0793,0.3333,0.1422,0,0.0,0.3965,1.1895,8.5808,0.4857,0.3238,0.45,0.2236,1.0,0.1429,0.7286,1.619,9.1989,0.5492,0.2059,0.5714,0.2208,1.0,0.1667,0.8238,1.4416,0,AtOzSgiqfMHCzKs3baFkVXtqC4_m4zc9Y7IL4WwG7GvmFIglfzbD9lF40UL3aB7Pwn3ZeyfXE8YPzw,BR1_3276689873,16.17,12.61,12.353,14.567,1
8.9286,0.2857,0.0714,0.2857,0.2604,3,0.0,0.2857,1.0,5.8068,0.5094,0.2037,0.75,0.2752,0.0,0.0769,1.2225,1.63,6.1826,0.7633,0.1527,0.6111,0.2842,0.0,0.0769,0.8396,1.3739,0,AtOzSgiqfMHCzKs3baFkVXtqC4_m4zc9Y7IL4WwG7GvmFIglfzbD9lF40UL3aB7Pwn3ZeyfXE8YPzw,BR1_3276682154,16.17,14.0,9.816,13.101,1
6.9286,0.3571,0.2143,0.2353,0.2617,2,0.0,0.2857,1.2143,8.2727,0.4545,0.1818,0.3529,0.2198,1.0,0.1111,0.5455,1.5455,3.6482,1.0945,0.0,0.3333,0.15,1.0,0.3333,0.7296,2.1889,0,Iy7BnK7MNgUiERHCjnBYoHFVrmxk_2TZAs5dNlt12YjYyv7niN_6MqtOoDc9kqK3oH5_cLRPTG0YVQ,BR1_3276979967,16.17,14.0,11.0,2.741,1
6.895,0.3064,0.1532,0.375,0.2192,0,0.0,0.2298,0.6129,8.7051,0.5022,0.1674,0.5,0.1371,1.0,0.1111,0.3348,0.6696,6.8998,0.1754,0.2339,0.4,0.1512,0.0,0.1176,0.1169,0.2924,0,Iy7BnK7MNgUiERHCjnBYoHFVrmxk_2TZAs5dNlt12YjYyv7niN_6MqtOoDc9kqK3oH5_cLRPTG0YVQ,BR1_3276743036,16.17,13.053,11.947,17.102,0
8.4922,0.3033,0.1516,0.2222,0.2568,1,0.0,0.1516,0.6824,8.3354,0.2632,0.2632,0.5556,0.4384,4.0,0.1667,0.8774,1.5793,7.4726,0.0,0.3071,0.3846,0.2617,0.0,0.0,0.5118,1.3307,0,HmpjWTMPU95x_GHStJYTZISV2dhuPQ17CCpPKoSW-4xHq7gYSrxOYT0tjGel8qYs4qMQeIP2fZ4AaQ,BR1_3277342923,16.17,13.189,11.397,9.769,0
6.3297,0.4277,0.1711,0.2,0.2812,3,0.0,0.3421,1.7107,8.8571,0.2605,0.1303,0.4783,0.3258,3.0,0.2667,1.4328,2.9958,,,,,,,,,,0,HmpjWTMPU95x_GHStJYTZISV2dhuPQ17CCpPKoSW-4xHq7gYSrxOYT0tjGel8qYs4qMQeIP2fZ4AaQ,BR1_3277000744,16.17,11.691,7.677,0.0,1
7.561,0.4501,0.27,0.5,0.3527,2,0.25,0.36,0.7201,8.6361,0.4935,0.1645,0.4706,0.337,4.0,0.2143,0.658,1.3982,8.5544,0.0,0.2541,0.3182,0.2231,0.0,0.0,0.5929,1.8633,0,HmpjWTMPU95x_GHStJYTZISV2dhuPQ17CCpPKoSW-4xHq7gYSrxOYT0tjGel8qYs4qMQeIP2fZ4AaQ,BR1_3276993023,16.17,11.11,12.158,11.807,1
8.2985,0.3319,0.083,0.2308,0.2649,3,0.0,0.249,1.0788,9.2667,0.4633,0.0772,0.55,0.3516,4.0,0.4,0.8494,1.5445,10.6843,0.0,0.0,1.0,0.6304,2.0,0.0,2.1369,2.1369,0,HmpjWTMPU95x_GHStJYTZISV2dhuPQ17CCpPKoSW-4xHq7gYSrxOYT0tjGel8qYs4qMQeIP2fZ4AaQ,BR1_3276766488,16.17,12.05,12.95,1.404,1
8.0714,0.4286,0.0714,0.2,0.3241,2,0.0,0.1429,0.7143,10.1276,0.2383,0.1191,0.6667,0.3772,5.0,0.1,1.1915,1.7872,9.5391,0.0,0.0,0.6667,0.355,0.0,1.0,1.4675,2.2013,0,HmpjWTMPU95x_GHStJYTZISV2dhuPQ17CCpPKoSW-4xHq7gYSrxOYT0tjGel8qYs4qMQeIP2fZ4AaQ,BR1_3276753584,16.17,14.0,8.393,1.363,1
6.956,0.0892,0.0,0.1667,0.2395,1,0.0,0.1784,1.0702,4.7872,0.5803,0.2176,0.6842,0.2547,3.0,0.3077,0.9429,1.3781,5.6137,0.3917,0.3917,0.4286,0.216,2.0,0.0909,0.7833,1.8277,0,xkvKHUKLPXDnMpDhOkcyUxitg1BVhnibkiKsUqlp87XilkJnndRymZ2SFlJjSO5DRQskQUhgZBeAfw,BR1_3276575872,16.17,11.213,13.787,7.66,1
6.854,0.2337,0.1558,0.1,0.2161,0,0.0,0.0779,0.7789,7.6476,0.3289,0.3289,0.2667,0.1946,1.0,0.0909,0.3289,1.2335,6.0117,0.2672,0.4676,0.7778,0.3095,0.0,0.25,0.4676,0.6012,0,On1e6iZIXJz-n5dctyq7KLkRBfzf97WorhU97AljBIAQTwWwFpZOLBFBp3-nlq4pNvoMybceAmrX1Q,BR1_3276883695,16.17,12.839,12.161,14.971,0
5.2857,0.1429,0.2857,0.5455,0.3011,5,0.0,0.4286,0.7857,5.9091,0.3636,0.3636,0.5,0.3495,1.0,0.0,0.7273,1.4545,3.9379,0.1737,0.2896,0.3846,0.1732,2.0,0.1538,0.5791,1.5057,0,On1e6iZIXJz-n5dctyq7KLkRBfzf97WorhU97AljBIAQTwWwFpZOLBFBp3-nlq4pNvoMybceAmrX1Q,BR1_3276857093,16.17,14.0,11.0,17.268,1
5.7143,0.4286,0.1429,0.75,0.2747,0,0.2,0.4286,0.5714,6.5455,0.4545,0.2727,0.5556,0.4364,1.0,0.3333,0.4545,0.8182,3.48,0.29,0.3867,0.4,0.3411,0.0,0.2143,0.3867,0.9667,0,On1e6iZIXJz-n5dctyq7KLkRBfzf97WorhU97AljBIAQTwWwFpZOLBFBp3-nlq4pNvoMybceAmrX1Q,BR1_3276835616,16.17,14.0,11.0,10.345,0
8.5,0.0,0.1429,0.25,0.2148,0,0.0,0.1429,0.5714,8.0909,0.2727,0.1818,0.5,0.1756,0.0,0.0909,0.2727,0.5455,8.5236,0.2105,0.2105,0.8333,0.2191,0.0,0.5,0.5261,0.6314,0,ZUn3UsOWI7xrWIf_hReMvEgLH-Ghxw_RnRaTEz77oc-SttjdoMkGn3Ty1oYMa1HvuUwkgw0Q6W026Q,BR1_3277185678,16.17,14.0,11.0,9.503,0
7.3571,0.0714,0.0,0.3333,0.1445,0,0.0,0.0714,0.2143,9.2727,0.0909,0.0909,0.3333,0.1691,0.0,0.1,0.2727,0.8182,6.5284,0.0,0.1166,0.2857,0.1497,0.0,0.1538,0.4663,1.6321,0,ZUn3UsOWI7xrWIf_hReMvEgLH-Ghxw_RnRaTEz77oc-SttjdoMkGn3Ty1oYMa1HvuUwkgw0Q6W026Q,BR1_3277164781,16.17,14.0,11.0,8.578,1
7.5714,0.2857,0.0,0.375,0.2136,2,0.0,0.2143,0.5714,7.0,0.5455,0.2727,0.3333,0.2361,0.0,0.1538,0.3636,1.0909,13.1254,0.3454,0.3454,0.3333,0.1228,0.0,0.0,0.6908,2.0724,0,whuBSxVVDll4kG2U70p7kil98s5LZ6ngTJcdNZ8fBzQbBYv4hrULwAsjC-szfYh149f1g6vysjwjCQ,BR1_3277508737,16.17,14.0,11.0,2.895,1
7.1697,0.3259,0.1629,0.2857,0.1819,1,0.0,0.1629,0.5703,7.5307,0.4366,0.5457,0.3333,0.1727,0.0,0.1818,0.4366,1.3097,0.0,0.6034,0.6034,0.0,0.2121,0.0,0.0,0.0,0.6034,1,whuBSxVVDll4kG2U70p7kil98s5LZ6ngTJcdNZ8fBzQbBYv4hrULwAsjC-szfYh149f1g6vysjwjCQ,BR1_3276986622,16.17,12.274,9.163,1.657,0
7.1515,0.4063,0.0,0.4444,0.1354,1,0.0,0.3251,0.7314,4.7263,0.7089,0.2363,0.4762,0.1955,1.0,0.2667,0.7877,1.6542,0.8536,0.8536,0.0,0.6,0.1541,0.0,0.25,2.5609,4.2682,1,Gzz54ljzqW4hr3bvPVBP220-xbUd-HAeXqgSIAu7vExzBa6BeyOj_WeSuivIVX43c5d1vZl7rTbhlQ,BR1_3274984339,16.16,12.305,12.695,1.171,1
4.2817,0.3358,0.1679,0.5556,0.2058,1,0.0,0.4198,0.7556,7.2016,0.6262,0.3131,0.4118,0.146,0.0,0.0909,0.7306,1.7743,2.3326,0.0,0.0,0.4,0.1879,0.0,0.5,1.866,4.6651,0,Gzz54ljzqW4hr3bvPVBP220-xbUd-HAeXqgSIAu7vExzBa6BeyOj_WeSuivIVX43c5d1vZl7rTbhlQ,BR1_3274967682,16.16,11.911,9.581,2.144,1
6.6429,0.3571,0.0714,0.2222,0.2303,2,0.0,0.1429,0.6429,8.0909,0.5455,0.0909,0.4,0.2571,1.0,0.3,0.3636,0.9091,8.259,0.2898,0.0,0.6667,0.368,0.0,0.5,0.2898,0.4347,1,R87s-btde7SNO3lyWnZUjB-uv4uDGjHYX_JSNkQo4GPeQzjPQxcMSjCJuKul_lIFCcKxcnN1jTS6Jw,BR1_3276324333,16.17,14.0,11.0,6.902,0
7.5714,0.5,0.1429,0.125,0.1559,0,0.25,0.0714,0.5714,7.3636,0.3636,0.1818,0.4375,0.2629,1.0,0.0,0.6364,1.4545,9.3475,0.1747,0.1747,0.6667,0.2913,1.0,0.2,0.3494,0.5242,0,R87s-btde7SNO3lyWnZUjB-uv4uDGjHYX_JSNkQo4GPeQzjPQxcMSjCJuKul_lIFCcKxcnN1jTS6Jw,BR1_3276169839,16.16,14.0,11.0,11.447,0
7.3336,0.3667,0.0,0.0833,0.0945,1,0.25,0.0917,1.1,7.0978,0.5162,0.1291,0.5294,0.1514,0.0,0.2727,1.1615,2.1939,,,,,,,,,,0,B36C7oySnwdJbRquWvelSzgKP5uhUrox5XMC4iLW3RH1DYJkgS2TENlb1GISnpwhTg0sOkRfa6wCWQ,BR1_3275009940,16.16,10.909,7.749,0.0,1
7.0,0.5,0.0,0.1,0.1364,0,0.0,0.0714,0.7143,16.2858,0.0,0.0,0.0,0.0355,0.0,0.3333,0.0,2.9611,,,,,,,,,,0,B36C7oySnwdJbRquWvelSzgKP5uhUrox5XMC4iLW3RH1DYJkgS2TENlb1GISnpwhTg0sOkRfa6wCWQ,BR1_3274991418,16.16,14.0,1.351,0.0,1
5.8571,0.3571,0.0714,0.0833,0.2377,0,0.0,0.0714,0.8571,4.8182,0.5455,0.4545,0.4706,0.2331,1.0,0.1,0.7273,1.5455,2.3341,0.5557,0.3334,0.5862,0.1568,1.0,0.1333,0.9448,1.6117,0,B36C7oySnwdJbRquWvelSzgKP5uhUrox5XMC4iLW3RH1DYJkgS2TENlb1GISnpwhTg0sOkRfa6wCWQ,BR1_3260895457,16.13,14.0,11.0,17.994,1
7.2857,0.2143,0.0,0.25,0.3592,1,0.0,0.0714,0.2857,7.2727,0.3636,0.0909,0.625,0.3237,0.0,0.0,0.9091,1.4545,6.3193,1.149,0.0,1.0,0.1892,0.0,1.0,2.2979,2.2979,0,B36C7oySnwdJbRquWvelSzgKP5uhUrox5XMC4iLW3RH1DYJkgS2TENlb1GISnpwhTg0sOkRfa6wCWQ,BR1_3260876837,16.13,14.0,11.0,1.741,1
3.5,0.5714,0.1429,0.5,0.1922,2,0.0,0.7143,1.4286,3.5525,0.3675,0.245,0.1875,0.1046,0.0,0.1111,0.3675,1.96,0.0,0.0,0.0,0.0,,0.0,1.0,0.0,0.0,1,G7iaDtcsWo5RLzbBu0To0-28isWfs7ggvOhWY7tG7VwSoMrKzfPrjia1t74OshsdR94_qWlzsZjrWw,BR1_3277508533,16.17,14.0,8.163,0.089,1
6.4776,0.3239,0.081,0.6667,0.1858,1,0.0,0.3239,0.4858,4.243,0.1973,0.1973,0.4286,0.2934,4.0,0.2222,0.8881,2.0722,,,,,,,,,,1,u8p06n-zmhsDamjBNbvHN_x9KUGHGSXCAPI6XPL4Oxq5iIXk5mhN6rFLisys7cuM4N3QIwxXOJ6jCA,BR1_3277071724,16.17,12.35,10.134,0.0,1
8.1429,0.5,0.0,0.5,0.3438,1,0.0,0.1429,0.2857,5.1818,0.3636,0.2727,0.6875,0.2765,1.0,0.3,1.0,1.4545,2.6362,0.2636,0.1318,0.75,0.2476,0.0,0.25,1.9771,2.6362,0,BEFG45mxYfvusYbuE6o4kjsAeziqfQ-0FWwtuuCgh1OwbFodBCVkClAT-xCAx4SQNODQcUVaWsdS3Q,BR1_3277500716,16.17,14.0,11.0,7.587,1
7.3571,0.2143,0.2143,0.2143,0.1929,0,0.25,0.2143,1.0,11.0508,0.3349,0.0,0.5,0.1022,0.0,0.0,1.0046,2.0092,,,,,,,,,,0,VKfGuLRxend2HMKFxXTrNnFI15rwm66V9Vc2xCrHBcdML3jRs8quFlmX7URFw_t6WLbLGwfIhVb-xQ,BR1_3277474060,16.17,14.0,2.986,0.0,1
8.2546,0.1756,0.0,0.2857,0.2556,1,0.25,0.1756,0.6147,8.4482,0.1469,0.2204,0.5455,0.3281,5.0,0.1667,0.8816,1.6162,3.9722,0.0,0.4138,0.4737,0.2821,2.0,0.0667,0.7448,1.5723,0,VKfGuLRxend2HMKFxXTrNnFI15rwm66V9Vc2xCrHBcdML3jRs8quFlmX7URFw_t6WLbLGwfIhVb-xQ,BR1_3277452459,16.17,11.388,13.612,12.084,0
5.4286,0.4286,0.2143,0.5,0.2957,2,0.0,0.2857,0.5714,5.8182,0.3636,0.1818,0.5833,0.3143,0.0,0.1818,0.6364,1.0909,5.9295,0.5534,0.2372,0.5882,0.1382,1.0,0.1667,0.7906,1.344,1,gkFO_YAM8h7uHhl3jfMMyZNdi46dTOBAGQ54k4ewcx_rAYBuWFFZepXAp60iqd96f5Qk018QF-tbiQ,BR1_3277169338,16.17,14.0,11.0,12.649,1
7.3871,0.2926,0.0731,0.25,0.3011,3,0.0,0.2926,1.1702,8.5632,0.3531,0.0883,0.375,0.1533,0.0,0.0769,0.5297,1.4125,6.7766,0.3614,0.3614,0.45,0.2621,2.0,0.0909,0.8132,1.8071,0,CVEAjzRu3SrB8FWGeSZQ_tRM2e0sx9XshSM7rCk7E3BBDIDaKDuuHd9WfsmFpo_sfcre5B-_vxc2Kw,BR1_3277496077,16.17,13.672,11.328,11.068,1
5.4286,0.1429,0.2143,0.3333,0.1405,0,0.0,0.2857,0.8571,5.9659,0.5524,0.3314,0.375,0.2865,0.0,0.25,0.3314,0.8838,6.4816,0.4522,0.3015,0.4,0.1654,0.0,0.3846,0.3015,0.7537,0,CVEAjzRu3SrB8FWGeSZQ_tRM2e0sx9XshSM7rCk7E3BBDIDaKDuuHd9WfsmFpo_sfcre5B-_vxc2Kw,BR1_3277223523,16.17,14.0,9.051,6.634,0
7.8253,0.301,0.1505,0.1429,0.133,1,0.0,0.1505,1.0534,4.9435,0.668,0.2672,0.3846,0.2124,2.0,0.0,0.668,1.7369,15.114,0.0,0.3686,0.25,0.157,0.0,0.3333,1.1059,4.4236,0,qWbIZr9v0B4WoptvYBY_gz4pvYsneuGclhWkaUTncAaJPSUbdMMR_A814W-BuB1xVZG-eDb4f2vBVQ,BR1_3276937748,16.17,13.29,7.485,2.713,1
6.67,0.247,0.0,0.2222,0.3427,2,0.25,0.1647,0.7411,3.2669,0.4667,0.2334,0.2692,0.2117,0.0,0.2308,0.5445,2.0224,3.8602,0.5939,0.2969,0.4167,0.1116,0.0,0.125,0.7423,1.7816,0,qWbIZr9v0B4WoptvYBY_gz4pvYsneuGclhWkaUTncAaJPSUbdMMR_A814W-BuB1xVZG-eDb4f2vBVQ,BR1_3276935162,16.17,12.144,12.856,6.735,1
4.3571,0.2857,0.2857,0.5714,0.2133,1,0.0,0.5714,1.0,6.0,0.1818,0.1818,0.3704,0.2549,3.0,0.25,0.9091,2.4545,3.2453,0.4917,0.3934,0.4348,0.2599,2.0,0.0909,0.9834,2.2618,0,qWbIZr9v0B4WoptvYBY_gz4pvYsneuGclhWkaUTncAaJPSUbdMMR_A814W-BuB1xVZG-eDb4f2vBVQ,BR1_3276250521,16.17,14.0,11.0,10.169,1
5.0714,0.2143,0.1429,0.4375,0.2918,4,0.0,0.5,1.1429,3.6364,0.3636,0.1818,0.5714,0.2415,2.0,0.1,0.7273,1.2727,3.7185,0.4198,0.2999,0.4762,0.2427,1.0,0.2353,0.5998,1.2595,0,qWbIZr9v0B4WoptvYBY_gz4pvYsneuGclhWkaUTncAaJPSUbdMMR_A814W-BuB1xVZG-eDb4f2vBVQ,BR1_3276249257,16.17,14.0,11.0,16.674,0
6.1489,0.3892,0.1557,0.4615,0.2855,5,0.0,0.467,1.0118,7.2415,0.4115,0.2469,0.6923,0.2652,1.0,0.2,0.7406,1.0698,9.2712,0.4214,0.1054,0.7273,0.3098,0.0,0.2308,0.8428,1.1589,1,qqW8QoNwYjKY7aV-kuPyUt3p0NuhrULSWwkjPJ0OKLtZXVZxXQa4n6_Y0J2QlKwMTNuW5ohNViJZZA,BR1_3275424436,16.16,12.848,12.152,9.492,0
8.6223,0.5748,0.0,0.0667,0.1177,0,0.25,0.0719,1.0778,10.6522,0.3551,0.0,0.4706,0.1558,1.0,0.1538,0.9469,2.0121,8.285,0.4438,0.1479,0.7083,0.2983,3.0,0.0588,0.8384,1.1836,0,qqW8QoNwYjKY7aV-kuPyUt3p0NuhrULSWwkjPJ0OKLtZXVZxXQa4n6_Y0J2QlKwMTNuW5ohNViJZZA,BR1_3275397836,16.16,13.917,8.449,20.278,1
8.337,0.6582,0.0731,0.3571,0.2265,1,0.25,0.3657,1.0238,11.902,0.2975,0.0,0.1905,0.1371,1.0,0.1333,0.3967,2.0828,,,,,,,,,,0,qqW8QoNwYjKY7aV-kuPyUt3p0NuhrULSWwkjPJ0OKLtZXVZxXQa4n6_Y0J2QlKwMTNuW5ohNViJZZA,BR1_3275098865,16.16,13.674,10.082,0.0,1
5.0587,1.8789,0.4336,0.2353,0.1634,1,0.0,0.2891,1.2285,7.0394,2.9586,0.204,0.3333,0.1483,0.0,0.2,0.3061,0.9182,8.4888,3.3955,0.0,0.0,0.2269,0.0,0.2857,0.0,0.0,0,epuBy1ZOqXzFu6tZsYqU-pko2W1nOpTy04aoIKClOfZ7QORFY3wX-IOse7YaKRmWExBxVYMZdQPxBw,BR1_3277178152,16.17,13.838,9.802,1.767,0
5.5,0.3571,0.3571,0.0,0.1925,0,0.0,0.0,0.8571,6.3667,0.2653,0.2653,0.75,0.3447,0.0,0.125,0.3979,0.5306,6.8412,0.3365,0.4486,0.5,0.168,0.0,0.3077,0.6729,1.3458,0,epuBy1ZOqXzFu6tZsYqU-pko2W1nOpTy04aoIKClOfZ7QORFY3wX-IOse7YaKRmWExBxVYMZdQPxBw,BR1_3277114034,16.17,14.0,7.539,8.917,0
7.7857,1.7143,0.0714,0.2857,0.2541,0,0.0,0.1429,0.5,4.9091,2.2727,0.1818,0.7222,0.3221,4.0,0.2222,1.1818,1.6364,4.5886,1.3496,0.2699,0.5238,0.3195,0.0,0.1111,0.7423,1.4171,0,epuBy1ZOqXzFu6tZsYqU-pko2W1nOpTy04aoIKClOfZ7QORFY3wX-IOse7YaKRmWExBxVYMZdQPxBw,BR1_3276797345,16.17,14.0,11.0,14.819,0
6.5714,0.2857,0.0714,0.1,0.1524,0,0.0,0.0714,0.7143,7.0909,0.6364,0.4545,0.2727,0.1679,1.0,0.2222,0.2727,1.0,8.3559,0.4741,0.237,0.5,0.2394,1.0,0.3125,0.5926,1.1852,0,pCrlFsLEPDbJPCGjASh-I0-s01jmCgGxgMZaygsTN6kz3ldvmWVaRiq3YWjK9pQXgihnSq_RucZAmA,BR1_3277433233,16.17,14.0,11.0,16.874,1
5.7614,0.4321,0.144,0.875,0.3122,1,0.25,0.5041,0.5761,8.7792,0.4283,0.1071,0.5,0.2297,0.0,0.0,0.5353,1.0706,5.8327,0.5347,0.2916,0.5556,0.2446,2.0,0.1667,0.9721,1.7498,0,pCrlFsLEPDbJPCGjASh-I0-s01jmCgGxgMZaygsTN6kz3ldvmWVaRiq3YWjK9pQXgihnSq_RucZAmA,BR1_3276923442,16.17,13.886,9.34,20.574,1
5.2857,0.5,0.2143,0.1429,0.1972,0,0.25,0.1429,1.0,6.7273,0.5455,0.1818,0.6,0.1269,0.0,0.2727,0.5455,0.9091,5.8399,0.3926,0.2454,0.4783,0.2214,0.0,0.25,0.5398,1.1287,0,pCrlFsLEPDbJPCGjASh-I0-s01jmCgGxgMZaygsTN6kz3ldvmWVaRiq3YWjK9pQXgihnSq_RucZAmA,BR1_3276920014,16.17,14.0,11.0,20.377,0
5.8523,0.4745,0.0791,0.2941,0.3391,3,0.0,0.3954,1.3445,7.608,0.0809,0.1619,0.48,0.2477,4.0,0.1538,0.9712,2.0234,6.4889,0.0,0.2496,0.25,0.1739,1.0,0.2,0.4991,1.9966,0,D29-_70VXPymHd3bQDPKSVh7BLkD4E_R2FlMZChZK4AnoOVpJOMklmD-JARtZ3-DgZrwKcirFZA8UQ,BR1_3276995736,16.17,12.645,12.355,8.014,1
6.6897,0.3823,0.1911,0.3636,0.2729,2,0.5,0.3823,1.0512,8.0693,0.3398,0.0849,0.4211,0.3179,4.0,0.2,0.6795,1.6139,6.5764,0.0,0.2497,0.6071,0.5105,4.0,0.125,1.4152,2.3309,0,D29-_70VXPymHd3bQDPKSVh7BLkD4E_R2FlMZChZK4AnoOVpJOMklmD-JARtZ3-DgZrwKcirFZA8UQ,BR1_3276966220,16.17,10.464,11.773,12.013,1
6.129,0.5232,0.3737,0.1579,0.1627,1,0.0,0.2242,1.4201,4.6779,0.8135,0.6102,0.2857,0.1799,0.0,0.0909,0.4068,1.4237,3.8068,0.0,0.0,0.5455,0.0902,0.0,0.4286,2.0764,3.8068,0,hldB_npjuNsOBpui37OPYT67sz5OazWsKn8T6dCw9HHr0iXolCeut_c1O8bPAvZD8p1DCTKWraRJLQ,BR1_3275704040,16.16,13.379,9.834,2.89,1
6.1397,0.5178,0.2219,0.0,0.2154,0,0.0,0.0,0.8877,5.9533,0.1984,0.2977,0.4,0.2336,1.0,0.4,0.5953,1.4883,4.2336,0.4704,0.3136,0.7647,0.4046,2.0,0.1538,1.0192,1.3328,0,hldB_npjuNsOBpui37OPYT67sz5OazWsKn8T6dCw9HHr0iXolCeut_c1O8bPAvZD8p1DCTKWraRJLQ,BR1_3275667269,16.16,13.518,10.078,12.755,1
7.9115,0.5709,0.0,0.2857,0.2595,1,0.0,0.3262,1.1419,5.5461,0.6933,0.2311,0.3333,0.2453,2.0,0.25,0.6933,2.0798,,,,,,,,,,0,DDT22_RjET1QGMMJ5mj5MncCWvu_6AwBkjnTVsJvHeRb7rIKpYDtJPHFSFb8RDrSRY_bwgggVZk-_w,BR1_3277524189,16.17,12.261,4.327,0.0,1
8.2143,0.2857,0.0,0.3333,0.2835,3,0.0,0.4286,1.2857,13.928,0.6056,0.0,0.8,0.4606,1.0,0.0,2.4223,3.0278,,,,,,,,,,0,DDT22_RjET1QGMMJ5mj5MncCWvu_6AwBkjnTVsJvHeRb7rIKpYDtJPHFSFb8RDrSRY_bwgggVZk-_w,BR1_3277514242,16.17,14.0,1.651,0.0,1
6.7478,0.5258,0.0876,0.3077,0.1946,0,0.0,0.3505,1.1392,6.8419,0.7078,0.3932,0.6667,0.3296,1.0,0.125,0.6291,0.9437,4.8486,0.7273,0.4849,0.7143,0.2318,0.0,0.0833,0.6061,0.8485,0,DDT22_RjET1QGMMJ5mj5MncCWvu_6AwBkjnTVsJvHeRb7rIKpYDtJPHFSFb8RDrSRY_bwgggVZk-_w,BR1_3277496205,16.17,11.411,12.716,8.25,0
6.2164,0.3229,0.2422,0.25,0.2345,1,0.0,0.1615,0.6459,5.1533,0.8721,0.3171,0.4,0.1864,0.0,0.0,0.6343,1.5856,6.2105,0.601,0.2003,0.2857,0.1639,1.0,0.0,0.4007,1.4024,1,DDT22_RjET1QGMMJ5mj5MncCWvu_6AwBkjnTVsJvHeRb7rIKpYDtJPHFSFb8RDrSRY_bwgggVZk-_w,BR1_3277477559,16.17,12.387,12.613,4.992,1
7.7164,0.5769,0.0721,0.3333,0.2089,0,0.0,0.1442,0.4327,7.994,0.6287,0.0898,0.6,0.1414,0.0,0.0909,0.8084,1.3473,6.5889,0.834,0.2502,0.5,0.1801,0.0,0.1538,0.5838,1.1676,0,DDT22_RjET1QGMMJ5mj5MncCWvu_6AwBkjnTVsJvHeRb7rIKpYDtJPHFSFb8RDrSRY_bwgggVZk-_w,BR1_3277460166,16.17,13.867,11.133,11.99,1
6.342,0.3603,0.0,0.4167,0.1525,0,0.2,0.3603,0.8648,5.1067,2.0427,0.227,0.6,0.2168,0.0,0.0,0.6809,1.1348,4.2861,1.6073,0.5358,0.0,0.1624,0.0,0.4,0.0,0.5358,0,L01vzXHaSgYWPowV5Sr6VbsiaaY0eQG0bUeZ1YFNDCi5JvCMkH9sSdro8juSRvgFjvMXUeCX37LHYg,BR1_3276748858,16.17,13.876,8.812,1.866,0
7.2664,0.2907,0.0969,0.2,0.1874,0,0.0,0.1938,0.9688,8.7387,0.3719,0.2789,0.3158,0.1222,0.0,0.3333,0.5578,1.7663,5.5975,0.3998,0.1999,0.6667,0.2211,0.0,0.2222,1.1995,1.7992,0,L01vzXHaSgYWPowV5Sr6VbsiaaY0eQG0bUeZ1YFNDCi5JvCMkH9sSdro8juSRvgFjvMXUeCX37LHYg,BR1_3276732703,16.17,10.322,10.757,5.002,1
7.0966,0.0825,0.0,0.125,0.3196,1,0.0,0.0825,0.6602,4.5701,0.4687,0.3515,0.0714,0.1203,1.0,0.25,0.1172,1.6406,8.6478,0.5405,0.3603,0.12,0.1654,2.0,0.0667,0.2702,2.252,0,oimurr9ete1YfC4vSUIZ8W740KNzIJBI0zhgvWOTiZeNgzY5-35wZMu9lQgpABHa6f1Uy5T2aVLlsg,BR1_3277293874,16.17,12.118,8.534,11.101,1
5.6156,0.2917,0.1459,0.3846,0.1492,2,0.0,0.3646,0.9481,6.5555,0.4429,0.4429,0.2857,0.1623,1.0,0.0,0.3544,1.2402,6.363,0.509,0.2545,0.625,0.2012,1.0,0.0,0.6363,1.0181,1,pIdrnW29iOu6vJ9ifVi8B72U6ElQChANJlPP_PXuL9XYuZqMxAqK5bO_AUBGZZsEAUVnwSwecuuBeg,BR1_3276797378,16.17,13.712,11.288,7.858,0
7.5659,0.2182,0.2182,0.5,0.3063,5,0.0,0.582,1.164,7.2863,0.4443,0.2666,0.625,0.3932,5.0,0.0,1.3329,2.1326,7.8823,0.3091,0.1546,1.0,0.3962,0.0,0.1111,1.7001,1.7001,0,pIdrnW29iOu6vJ9ifVi8B72U6ElQChANJlPP_PXuL9XYuZqMxAqK5bO_AUBGZZsEAUVnwSwecuuBeg,BR1_3276780126,16.17,13.746,11.254,6.47,1
6.3632,0.3067,0.23,0.3,0.293,1,0.0,0.23,0.7667,6.5238,0.5855,0.4182,0.2,0.1863,0.0,0.0833,0.3346,1.6728,13.8219,0.601,0.2003,0.0,0.0894,0.0,0.0909,0.0,1.0016,0,pIdrnW29iOu6vJ9ifVi8B72U6ElQChANJlPP_PXuL9XYuZqMxAqK5bO_AUBGZZsEAUVnwSwecuuBeg,BR1_3276761819,16.17,13.044,11.956,4.992,0
3.8739,0.3162,0.4744,0.3333,0.2875,0,0.2,0.3162,0.9487,4.8013,0.343,0.6859,1.0,0.3307,1.0,0.3333,0.343,0.343,,,,,,,,,,0,pIdrnW29iOu6vJ9ifVi8B72U6ElQChANJlPP_PXuL9XYuZqMxAqK5bO_AUBGZZsEAUVnwSwecuuBeg,BR1_3276749832,16.17,12.649,2.916,0.0,0
5.7857,0.2143,0.5,0.0833,0.1473,1,1.0,0.0714,0.8571,6.6364,0.1818,0.3636,0.125,0.1964,1.0,0.2,0.0909,0.7273,6.9183,0.1081,0.6486,0.3077,0.1654,0.0,0.0,0.4324,1.4053,0,A-W8RmUrPNpdBRbjpBDBe1UR_mKi_ZeWiOjiK44c4Ti36usTRwdbcuJRScWqdd80jm4uaf4mRrOPpg,BR1_3276427922,16.17,14.0,11.0,9.251,0
5.4286,0.0714,0.3571,0.5333,0.1872,0,0.0,0.5714,1.0714,3.5241,0.0952,0.5715,0.6154,0.1814,0.0,0.1818,0.762,1.2382,5.0077,0.1318,0.2636,0.6923,0.1918,0.0,0.0,1.186,1.7131,0,A-W8RmUrPNpdBRbjpBDBe1UR_mKi_ZeWiOjiK44c4Ti36usTRwdbcuJRScWqdd80jm4uaf4mRrOPpg,BR1_3275408024,16.16,14.0,10.499,7.588,1
5.5,0.0,0.2857,0.5385,0.3006,3,0.0,0.5,0.9286,6.4545,0.5455,0.2727,0.4118,0.2192,0.0,0.1818,0.6364,1.5455,3.9621,0.7924,0.3396,0.3636,0.1044,0.0,0.0,0.4528,1.2452,0,1CuYXUlF5BlKmKxBo9gPzMigsJFMCLtTuSqRMqlPW58eQfUu3M7nvhC6NK8ySOAsvFMouhK8mMW7GA,BR1_3275919972,16.16,14.0,11.0,8.834,0
6.2857,0.0714,0.1429,0.1111,0.2113,0,0.0,0.0714,0.6429,7.7273,0.4545,0.0,0.3636,0.2004,0.0,0.0833,0.3636,1.0,4.8129,0.3902,0.2602,0.2857,0.087,0.0,0.0,0.5203,1.8211,0,BMHMUT9MS_KlPHRuhqUMl2_P2U-A_HGyoyXJL3G-UERgCDKjLIX303CQ9BkMm7epdE7ArS8lbd1QCA,BR1_3275621044,16.16,14.0,11.0,7.688,1
6.5079,0.1513,0.227,0.1429,0.1684,0,0.0,0.0757,0.5297,9.8428,0.4243,0.0849,0.625,0.2819,0.0,0.0,0.4243,0.6788,5.2627,0.5425,0.217,0.8333,0.4529,6.0,0.0526,0.5425,0.6511,0,BMHMUT9MS_KlPHRuhqUMl2_P2U-A_HGyoyXJL3G-UERgCDKjLIX303CQ9BkMm7epdE7ArS8lbd1QCA,BR1_3275609341,16.16,13.215,11.785,18.432,0
6.9159,0.3415,0.0854,0.1765,0.1685,1,0.0,0.2561,1.4515,6.0469,0.8638,0.096,0.7059,0.2805,1.0,0.0,1.1518,1.6317,1.0353,0.0,0.3451,0.4167,0.1641,0.0,0.1429,1.7256,4.1413,0,BMHMUT9MS_KlPHRuhqUMl2_P2U-A_HGyoyXJL3G-UERgCDKjLIX303CQ9BkMm7epdE7ArS8lbd1QCA,BR1_3275596729,16.16,11.712,10.419,2.898,1
5.6593,0.4353,0.2177,0.4444,0.2587,1,0.75,0.2902,0.653,4.5465,0.2674,0.2674,0.4545,0.2289,0.0,0.1111,0.4457,0.9806,3.869,0.2764,0.5527,0.2727,0.1889,0.0,0.3077,0.2764,1.0133,0,BMHMUT9MS_KlPHRuhqUMl2_P2U-A_HGyoyXJL3G-UERgCDKjLIX303CQ9BkMm7epdE7ArS8lbd1QCA,BR1_3275230017,16.16,13.783,11.217,10.855,0
6.1453,0.2634,0.0878,0.4286,0.2537,0,0.0,0.2634,0.6145,8.9082,0.3003,0.3003,0.5,0.2975,2.0,0.1111,0.3003,0.6006,5.3055,0.5562,0.2995,0.6765,0.3217,6.0,0.0,0.9841,1.4547,0,BMHMUT9MS_KlPHRuhqUMl2_P2U-A_HGyoyXJL3G-UERgCDKjLIX303CQ9BkMm7epdE7ArS8lbd1QCA,BR1_3275215307,16.16,11.391,9.991,23.372,0
5.8445,0.2277,0.1518,0.2,0.3507,1,0.0,0.0759,0.3795,5.6817,0.4509,0.3607,0.5,0.3043,2.0,0.1538,0.4509,0.9019,,,,,,,,,,0,gUGel_R_SyMd25vGxRSxLaT0YuFLDssQ-T1rnaJKt0SQtGvyWrUIr-Z08HxCEhd5uMbDZhsqwRfBBQ,BR1_3276426905,16.17,13.175,11.088,0.0,0
4.9337,0.2426,0.4044,0.4286,0.2213,0,1.0,0.4853,1.1323,5.2116,0.4811,0.4811,0.3684,0.128,0.0,0.3,0.5613,1.5234,4.877,0.0,0.6096,0.25,0.1217,0.0,0.0,0.3048,1.2192,0,hPwRazG8x5geqbwiLLPOr_OyvCdizFvR4My8kwLbMQ7OPQhglrsvC8V9LuOuD98TwIXzDS4_R0yTbw,BR1_3276627064,16.17,12.364,12.472,3.281,0
5.2073,0.3591,0.1796,0.4286,0.1386,0,0.0,0.5387,1.2569,5.9064,0.6563,0.3646,0.3333,0.2646,0.0,0.0,0.2917,0.875,5.6306,0.5631,0.5631,0.3333,0.1822,1.0,0.0,0.3754,1.1261,0,3XKbTbnMDog7jlCfkriqUEIJt3fOLCDuOsmbbblRmADLJAtWxi6pEODrAULSyBQd_lMxmbHWsYornw,BR1_3277424038,16.17,11.138,13.714,5.328,0
5.7074,0.3856,0.0771,0.5714,0.1627,0,0.2,0.3085,0.5399,8.0602,0.4155,0.0831,0.3333,0.1779,0.0,0.2143,0.4986,1.4957,7.7319,0.4377,0.2918,0.25,0.0805,0.0,0.3333,0.4377,1.7506,0,3XKbTbnMDog7jlCfkriqUEIJt3fOLCDuOsmbbblRmADLJAtWxi6pEODrAULSyBQd_lMxmbHWsYornw,BR1_3277407333,16.17,12.966,12.034,6.855,0
8.9302,0.3752,0.0,0.3333,0.2499,1,0.0,0.075,0.2251,6.253,0.4283,0.257,0.6364,0.4415,0.0,0.1,0.5996,0.9422,8.3568,0.4686,0.0781,0.5,0.3239,1.0,0.1875,0.7029,1.4058,0,3XKbTbnMDog7jlCfkriqUEIJt3fOLCDuOsmbbblRmADLJAtWxi6pEODrAULSyBQd_lMxmbHWsYornw,BR1_3277357496,16.17,13.326,11.674,12.804,1
6.7857,0.2857,0.2857,0.4231,0.2642,4,0.0,0.7857,1.8571,7.0909,0.3636,0.3636,0.5385,0.3724,5.0,0.1538,1.2727,2.3636,1.958,0.6527,0.0,0.8333,0.3843,0.0,0.2,3.2634,3.9161,0,zcmpv0JGNdsLhV0nBoclehpS9ak4cq0--K-wm8nyZ7AEczBPHNmEqOcESLvkUSNA_SDC0NgpaN4i2A,BR1_3277314441,16.17,14.0,11.0,1.532,1
5.6147,0.4492,0.0749,0.1429,0.1603,0,0.0,0.0749,0.524,4.5524,0.5154,0.1718,0.2941,0.1391,0.0,0.2222,0.4295,1.4602,4.8622,0.4478,0.2559,0.6,0.2041,0.0,0.0,0.9596,1.5994,0,D0k5KepMGHImovzHlxubBI1Zqk3tCpJraJUo3II-di3D7R3djtfmm_ccQaVRgtgWKpJeiXRy6o-peA,BR1_3277145062,16.17,13.358,11.642,15.631,0
7.4915,0.1561,0.0,0.1667,0.1754,2,0.0,0.2341,1.4047,8.2886,0.1641,0.1641,0.4286,0.1369,1.0,0.4167,0.7386,1.7234,5.842,0.2717,0.1359,0.4737,0.1832,0.0,0.1429,1.2227,2.5813,0,eqPVnaaEXjOdAyoDf0J6PbX2TfySJ3-yJ8q5B_F5o1QTIXrkznaFoRCcfzbucBZyutz9WwiPjAFhpA,BR1_3277511991,16.17,12.815,12.185,7.361,1
7.3571,0.1429,0.1429,0.3,0.2939,2,0.2,0.2143,0.7143,8.0735,0.3755,0.0,0.5333,0.2804,1.0,0.3077,0.751,1.4082,0.0,0.0,0.0,1.0,0.2826,0.0,0.0,6.0075,6.0075,0,eqPVnaaEXjOdAyoDf0J6PbX2TfySJ3-yJ8q5B_F5o1QTIXrkznaFoRCcfzbucBZyutz9WwiPjAFhpA,BR1_3277464595,16.17,14.0,10.652,0.333,1
7.5,0.0714,0.2143,0.3,0.3461,3,0.0,0.2143,0.7143,8.7621,0.3327,0.2218,0.375,0.2543,1.0,0.1111,0.3327,0.8873,4.0083,0.1513,0.4538,0.3333,0.1645,1.0,0.125,0.3781,1.1344,0,eqPVnaaEXjOdAyoDf0J6PbX2TfySJ3-yJ8q5B_F5o1QTIXrkznaFoRCcfzbucBZyutz9WwiPjAFhpA,BR1_3276811536,16.17,14.0,9.016,13.223,0
8.7857,0.1429,0.0,0.4,0.2398,0,0.2,0.4286,1.0714,9.4052,0.2381,0.1191,0.2941,0.2396,2.0,0.0909,0.5953,2.0239,6.1444,0.2255,0.1691,0.5278,0.271,6.0,0.1765,1.071,2.0294,0,eqPVnaaEXjOdAyoDf0J6PbX2TfySJ3-yJ8q5B_F5o1QTIXrkznaFoRCcfzbucBZyutz9WwiPjAFhpA,BR1_3276784942,16.17,14.0,8.4,17.74,1
8.2132,0.2899,0.1933,0.5,0.1585,1,0.0,0.1933,0.3865,7.6787,0.5063,0.5063,0.3333,0.2731,2.0,0.1111,0.2531,0.7594,6.6547,0.4159,0.4159,0.6667,0.2267,2.0,0.2,0.4159,0.6239,0,dvrSVAFCG9wLEIj-VV5TzOH63WMr_zXU2DlUgoOOd_gFNs0kyM709E1PrglziGx2VfY9ekDYdiadIw,BR1_3277384690,16.17,10.349,11.851,4.809,0
6.5714,0.2857,0.3571,0.2857,0.2368,0,0.25,0.2857,1.0,8.5455,0.4545,0.0909,0.1667,0.182,2.0,0.0909,0.1818,1.0909,11.1511,0.0,0.6969,1.0,0.2434,0.0,0.125,1.0454,1.0454,0,dvrSVAFCG9wLEIj-VV5TzOH63WMr_zXU2DlUgoOOd_gFNs0kyM709E1PrglziGx2VfY9ekDYdiadIw,BR1_3277133149,16.17,14.0,11.0,2.87,0
7.5,0.5,0.2143,0.3,0.237,2,0.0,0.2143,0.7143,7.5105,0.5495,0.3664,0.1875,0.1582,0.0,0.1538,0.2748,1.4655,9.9787,0.7128,0.0,0.25,0.1266,0.0,0.0,0.3564,1.4255,1,b3O9YnTXoz5EdwepoPqHhnp_rvzluiPzAaa8pWwQh0322uielnpZxzGv89vC84Ei3LlNFaLhE7rS3Q,BR1_3277526394,16.17,14.0,10.918,2.806,1
7.7857,0.4286,0.2857,0.1818,0.2567,1,0.0,0.1429,0.7857,8.6364,0.7273,0.4545,0.4286,0.2984,0.0,0.0,0.5455,1.2727,9.4488,0.6096,0.3048,0.3636,0.2209,0.0,0.0,0.6096,1.6764,1,b3O9YnTXoz5EdwepoPqHhnp_rvzluiPzAaa8pWwQh0322uielnpZxzGv89vC84Ei3LlNFaLhE7rS3Q,BR1_3276953706,16.17,14.0,11.0,6.562,1
6.6217,0.327,0.1635,0.4615,0.2244,1,0.2,0.4905,1.0627,4.603,0.646,0.4038,0.3125,0.1622,2.0,0.0769,0.4038,1.2921,8.1836,0.9628,0.1203,0.4444,0.132,0.0,0.0909,0.4814,1.0831,0,b3O9YnTXoz5EdwepoPqHhnp_rvzluiPzAaa8pWwQh0322uielnpZxzGv89vC84Ei3LlNFaLhE7rS3Q,BR1_3276801743,16.17,12.233,12.383,8.309,1
6.8571,0.6429,0.2143,0.2727,0.2513,4,0.0,0.4286,1.5714,7.5455,0.4545,0.3636,0.3,0.2275,1.0,0.1818,0.5455,1.8182,6.2118,1.3077,0.0,1.0,0.3415,0.0,0.1667,2.2885,2.2885,0,b3O9YnTXoz5EdwepoPqHhnp_rvzluiPzAaa8pWwQh0322uielnpZxzGv89vC84Ei3LlNFaLhE7rS3Q,BR1_3276623586,16.17,14.0,11.0,3.059,1
6.0,0.2857,0.0714,0.5789,0.2528,3,0.2,0.7857,1.3571,5.0177,0.5018,0.3011,0.5217,0.2512,4.0,0.125,1.2043,2.3082,5.0488,1.0629,0.0,0.7,0.3605,1.0,0.0909,1.8601,2.6573,1,zhyv3BM_TZWtOnAAhcE0ti65oSGf59otHZ71nDYbC4ClcYCV5ICpehTwDOwxfb_OqFFg7_euLafNpA,BR1_3277498294,16.17,14.0,9.965,3.763,1
4.0,0.3571,0.3571,0.1538,0.219,0,0.0,0.1429,0.9286,7.1818,0.4545,0.3636,0.4286,0.1508,0.0,0.0,0.5455,1.2727,4.2911,0.5852,0.5852,0.8571,0.4314,1.0,0.0,1.1703,1.3654,0,zhyv3BM_TZWtOnAAhcE0ti65oSGf59otHZ71nDYbC4ClcYCV5ICpehTwDOwxfb_OqFFg7_euLafNpA,BR1_3277484038,16.17,14.0,11.0,5.127,0
4.8229,0.2923,0.2192,0.5556,0.313,2,0.0,0.3654,0.6577,2.4745,0.707,0.2651,0.6667,0.2945,1.0,0.3333,1.0605,1.5908,3.7172,0.7542,0.431,0.6842,0.2146,1.0,0.16,0.7003,1.0236,0,zhyv3BM_TZWtOnAAhcE0ti65oSGf59otHZ71nDYbC4ClcYCV5ICpehTwDOwxfb_OqFFg7_euLafNpA,BR1_3277460442,16.17,13.685,11.315,18.563,0
8.5964,0.3184,0.0796,0.2727,0.3133,3,0.0,0.2388,0.8756,8.384,0.9064,0.2266,0.6154,0.4113,4.0,0.3636,0.9064,1.4729,,,,,,,,,,1,zhyv3BM_TZWtOnAAhcE0ti65oSGf59otHZ71nDYbC4ClcYCV5ICpehTwDOwxfb_OqFFg7_euLafNpA,BR1_3277133677,16.17,12.563,8.826,0.0,1
6.4286,0.5,0.0714,0.375,0.1837,1,0.0,0.4286,1.1429,6.6942,1.2552,0.2092,0.5417,0.2564,0.0,0.3333,1.3598,2.5103,,,,,,,,,,0,n3aL2P0oKqsn7dEw8MJtBhl4-I_qQohjvKI5O9_xl7050ATL4siS8l4xgpxBsDb6t3pvxQgg3hR8fQ,BR1_3277347969,16.17,14.0,9.56,0.0,1
9.0,0.2857,0.0,0.125,0.1372,0,0.5,0.0714,0.5714,8.0909,0.4545,0.2727,0.5882,0.2355,1.0,0.1111,0.9091,1.5455,9.2331,0.4924,0.2462,0.8182,0.4032,0.0,0.0769,1.108,1.3542,0,n3aL2P0oKqsn7dEw8MJtBhl4-I_qQohjvKI5O9_xl7050ATL4siS8l4xgpxBsDb6t3pvxQgg3hR8fQ,BR1_3277321831,16.17,14.0,11.0,8.123,1
5.7857,0.2143,0.1429,0.3571,0.1636,0,0.0,0.3571,1.0,5.6364,0.4545,0.2727,0.3529,0.185,1.0,0.2222,0.5455,1.5455,2.6905,0.1856,0.5567,0.3571,0.1484,2.0,0.3333,0.4639,1.2989,0,n3aL2P0oKqsn7dEw8MJtBhl4-I_qQohjvKI5O9_xl7050ATL4siS8l4xgpxBsDb6t3pvxQgg3hR8fQ,BR1_3277194653,16.17,14.0,11.0,10.778,0
8.8093,0.4297,0.1432,0.1111,0.2901,1,0.0,0.0716,0.6446,10.3393,0.549,0.183,0.0833,0.1267,0.0,0.1667,0.0915,1.098,9.97,0.4288,0.0,0.2941,0.1947,1.0,0.1538,0.536,1.8225,0,DLPbk5x9vBy8Z9qS5n_DbMaK949cDKbTqrTzZ-lsvJ8Q9m-SpmpFcnFpi7wcQ9n6qkd_VnIUoSn4cQ,BR1_3277155210,16.17,13.962,10.929,9.328,1
7.2974,0.5321,0.152,0.125,0.153,0,0.0,0.152,1.2162,9.7935,0.5066,0.1689,0.3571,0.2022,1.0,0.0,0.4221,1.182,7.3175,0.5354,0.357,0.625,0.4539,3.0,0.0909,0.4462,0.7139,0,DLPbk5x9vBy8Z9qS5n_DbMaK949cDKbTqrTzZ-lsvJ8Q9m-SpmpFcnFpi7wcQ9n6qkd_VnIUoSn4cQ,BR1_3277132423,16.17,13.155,11.845,11.206,0
5.4728,0.304,0.1013,0.0,0.1596,0,0.0,0.0,0.7094,9.0061,0.3518,0.1407,0.125,0.1388,0.0,0.0,0.1407,1.1258,,,,,,,,,,0,DLPbk5x9vBy8Z9qS5n_DbMaK949cDKbTqrTzZ-lsvJ8Q9m-SpmpFcnFpi7wcQ9n6qkd_VnIUoSn4cQ,BR1_3276769034,16.17,9.867,14.213,0.0,0
7.0,0.2857,0.1429,0.2727,0.139,1,0.0,0.2143,0.7857,7.9207,0.1821,0.6373,0.4286,0.2377,1.0,0.0556,0.2731,0.6373,,,,,,,,,,0,HkfzQk3EwXrlFsLRVbOvpGDL1QMDDTDaUNJU7-Z3vHR04RRgKEmFXT4Bs-42TDzFqEGwK1ZjxA9iwg,BR1_3277476434,16.17,14.0,10.984,0.0,0
5.55,0.3908,0.0782,0.4286,0.1845,0,0.0,0.2345,0.5472,7.2088,0.4096,0.2458,0.625,0.2552,0.0,0.2105,0.8192,1.3107,33.2647,0.0,0.0,0.5,0.2663,0.0,,4.7521,9.5042,0,HkfzQk3EwXrlFsLRVbOvpGDL1QMDDTDaUNJU7-Z3vHR04RRgKEmFXT4Bs-42TDzFqEGwK1ZjxA9iwg,BR1_3277465050,16.17,12.793,12.207,0.21,0
4.8524,1.6435,0.2348,0.3333,0.2385,3,0.0,0.3131,0.9392,5.5217,2.0079,0.4016,0.3636,0.2148,1.0,0.1429,0.4016,1.1043,1.9918,1.6249,0.4193,0.5652,0.2195,0.0,0.0952,0.6814,1.2056,0,sBnF3bA5akZ7LgxFb2Zb4Me8VZTJsIsP2zaJpPgXjeKYXsAdMoFtU51wXduIIymSsmq8eSeGxpn1RA,BR1_3277225678,16.17,12.777,9.961,19.078,0
5.0993,0.3923,0.1569,0.3077,0.2674,1,0.25,0.3138,1.0199,5.7128,0.4081,0.3264,0.3333,0.1125,1.0,0.1818,0.5713,1.7138,8.1343,0.7177,0.4785,0.3333,0.0219,0.0,0.0,0.2392,0.7177,0,fwdbmMDC2ccgmiJNpyTxthq6eQnnfVI7C3s-c8MKLKOKuaiSGRYMdNObi2FiJSee-xFuFcP6JjvDrg,BR1_3277382574,16.17,12.747,12.253,4.18,0
6.2215,0.4643,0.0929,0.1538,0.2223,1,0.0,0.1857,1.2072,5.6769,0.3686,0.4424,0.3529,0.143,1.0,0.0,0.4424,1.2533,4.7676,0.5501,0.3056,0.4643,0.1576,1.0,0.15,0.7946,1.7114,0,fULH0aRVzDQoSS6rIof26ta0ZcBj0FVT0f8_TlDXFq5lYehLEv0Wt5DgZBkT4bl2RKO5ek4Spxtjeg,BR1_3277495638,16.17,10.769,13.564,16.361,0
6.5714,0.4286,0.0714,0.6154,0.3595,4,0.0,0.5714,0.9286,5.9091,0.5455,0.3636,0.4667,0.2518,2.0,0.25,0.6364,1.3636,3.3147,0.4143,0.4834,0.2778,0.2025,2.0,0.2,0.3453,1.243,0,fULH0aRVzDQoSS6rIof26ta0ZcBj0FVT0f8_TlDXFq5lYehLEv0Wt5DgZBkT4bl2RKO5ek4Spxtjeg,BR1_3277452713,16.17,14.0,11.0,14.481,0
4.9536,0.1457,0.1457,0.1333,0.1685,1,0.0,0.1457,1.0927,2.7501,0.0887,0.4436,0.3077,0.1609,0.0,0.2308,0.3548,1.1532,0.0,0.0,0.7633,1.0,0.2971,0.0,0.0,0.7633,0.7633,0,yEiL7Xts4nXJcM2e8F1tIelIhHgaq1aEU0fjFlUCxy0CAw7ZEM0lzt6BzrXgNgaQG1bK3jbJhTdHrg,BR1_3277208076,16.17,13.727,11.273,1.31,0
5.4959,0.0886,0.2659,0.25,0.2578,1,0.0,0.1773,0.7091,6.9189,0.2965,0.0988,0.0,0.0999,0.0,0.1538,0.0,0.4942,0.6506,0.0,0.6506,1.0,0.2226,0.0,0.3333,0.6506,0.6506,0,yEiL7Xts4nXJcM2e8F1tIelIhHgaq1aEU0fjFlUCxy0CAw7ZEM0lzt6BzrXgNgaQG1bK3jbJhTdHrg,BR1_3277155115,16.17,11.281,10.117,1.537,0
6.5885,0.383,0.0766,0.2222,0.2056,1,0.0,0.1532,0.6895,4.6874,0.4185,0.2511,0.4,0.2441,0.0,0.125,0.1674,0.4185,5.9439,0.4323,0.5404,0.3333,0.2233,0.0,0.2,0.4323,1.2969,0,UB9zoDOSQ7BdgFrEwHLzCd8O6cgiBnPzXSPukClgZCw0_Rb2YzjpxZKPwk-cmh9Rbj0oSDkHotuw6Q,BR1_3277382022,16.17,13.053,11.947,9.253,0
7.6429,0.5,0.0714,0.5625,0.3242,6,0.0,0.6429,1.1429,8.9132,0.6963,0.1393,0.6,0.4056,3.0,0.1667,0.8356,1.3927,4.3781,0.9518,0.3173,0.6364,0.3171,1.0,0.0,0.8883,1.3959,0,UB9zoDOSQ7BdgFrEwHLzCd8O6cgiBnPzXSPukClgZCw0_Rb2YzjpxZKPwk-cmh9Rbj0oSDkHotuw6Q,BR1_3277358725,16.17,14.0,7.18,15.76,1
6.9284,0.4519,0.0753,0.4118,0.2814,6,0.5,0.5272,1.2803,6.7198,0.4978,0.3733,0.3846,0.3144,2.0,0.1111,0.6222,1.6177,6.8838,0.9696,0.097,0.5,0.2624,1.0,0.0,0.8726,1.7452,0,UB9zoDOSQ7BdgFrEwHLzCd8O6cgiBnPzXSPukClgZCw0_Rb2YzjpxZKPwk-cmh9Rbj0oSDkHotuw6Q,BR1_3277346075,16.17,13.279,8.036,10.314,1
6.3582,0.3391,0.1696,0.3,0.1897,2,0.75,0.5087,1.6955,3.0011,0.4547,0.3638,0.6333,0.1532,1.0,0.2632,1.7279,2.7283,,,,,,,,,,1,UB9zoDOSQ7BdgFrEwHLzCd8O6cgiBnPzXSPukClgZCw0_Rb2YzjpxZKPwk-cmh9Rbj0oSDkHotuw6Q,BR1_3277336057,16.17,11.796,10.996,0.0,1
7.1727,0.4219,0.2532,0.375,0.3308,3,0.0,0.2532,0.6751,7.3007,0.2281,0.2281,0.5789,0.284,2.0,0.2,0.8365,1.4449,6.3597,0.2596,0.2596,0.4815,0.2549,1.0,0.3125,0.8436,1.7522,0,3DWbuHNt4I7ogKPYoigiOMGWiJEJTbZDe-Ssg-PWvsqDLdchBJoTVvNCxfQeQCLtZNJjQBaZdBBBjA,BR1_3276897003,16.17,11.851,13.149,15.409,1
6.7143,0.2143,0.1429,0.381,0.2219,2,0.4,0.5714,1.5,5.5455,0.4545,0.3636,0.6,0.3211,1.0,0.0909,1.0909,1.8182,6.4531,0.2806,0.1403,0.4286,0.1935,1.0,0.2222,0.8417,1.964,0,28YdFcRwCKS_sJSQFvyNgFaGHbEOu8yl6t1BqD5e_gL6SXagijR_JZTIr0X0GION62Sh-NdOvwgdJw,BR1_3277521291,16.17,14.0,11.0,14.257,1
8.4663,0.2248,0.0749,0.0909,0.0885,0,0.2,0.0749,0.8241,7.2713,0.2346,0.1173,0.7143,0.2334,1.0,0.5556,1.1728,1.6419,5.1844,0.3535,0.2357,0.6429,0.195,0.0,0.25,1.0604,1.6496,0,rq1nLjNogbwdqlf3mDVr1Q2qpP3iOnCzRYLqQs_EGwfTF-OVSJc9Ir-Iy-h83xd05she-Mesj73GVA,BR1_3276762795,16.17,13.347,8.527,8.487,1
7.0714,0.3571,0.2143,0.2143,0.2402,0,0.0,0.2143,1.0,7.0,0.2727,0.1818,0.6429,0.1533,0.0,0.1,0.8182,1.2727,3.7262,0.2192,0.2192,0.75,0.4097,0.0,0.0,1.3151,1.7535,0,rq1nLjNogbwdqlf3mDVr1Q2qpP3iOnCzRYLqQs_EGwfTF-OVSJc9Ir-Iy-h83xd05she-Mesj73GVA,BR1_3276689896,16.17,14.0,11.0,4.562,1
7.5267,0.2304,0.0768,0.4444,0.1693,2,0.0,0.3072,0.6912,7.4292,0.3339,0.0835,0.5,0.1774,1.0,0.1818,0.3339,0.6678,6.6017,0.0,0.3475,0.5,0.2567,0.0,0.0,1.0424,2.0848,0,rq1nLjNogbwdqlf3mDVr1Q2qpP3iOnCzRYLqQs_EGwfTF-OVSJc9Ir-Iy-h83xd05she-Mesj73GVA,BR1_3276678717,16.17,13.02,11.98,5.756,0
4.5673,0.3262,0.2175,0.6667,0.3295,1,0.0,0.87,1.3049,4.3299,0.1493,0.3733,0.3929,0.1988,0.0,0.2727,0.8212,2.0903,1.2443,0.0,0.4977,0.5,0.1426,0.0,0.4,0.7466,1.4932,0,OANf0-r981pVZ_XcePhX8FoUVEPJdkfgx6rr50D-fafQU-AOIg_tZoxbd_y_veTz-upJFctLkqtxyQ,BR1_3277230960,16.17,9.196,13.395,8.037,1
6.0223,0.0743,0.1487,0.4737,0.3249,2,0.2,0.6691,1.4126,7.7922,0.3463,0.3463,0.4737,0.411,1.0,0.0,0.7792,1.645,7.279,0.3831,0.0,0.3333,0.2306,0.0,0.0,1.1493,3.448,0,OANf0-r981pVZ_XcePhX8FoUVEPJdkfgx6rr50D-fafQU-AOIg_tZoxbd_y_veTz-upJFctLkqtxyQ,BR1_3276938525,16.17,13.45,11.55,2.61,1
9.3387,0.3766,0.0753,0.0,0.2073,0,0.0,0.0,0.3766,7.5789,0.4042,0.2021,0.4375,0.2927,2.0,0.0,0.7074,1.6168,5.2164,0.333,0.222,0.7059,0.3179,0.0,0.3529,1.3319,1.8868,0,3FsLGz0p6T0zi8sx8T-iFibvOtzmFPBnMGrzoOpSfFxwE2P4-B7LpIkmjXDkF9lh-XT2Opcpw3l2Vw,BR1_3277178685,16.17,13.278,9.896,9.01,1
7.0,0.3571,0.0,0.3,0.3117,2,0.0,0.2143,0.7143,5.5947,0.6455,0.0,0.6667,0.32,1.0,0.0,1.2911,1.9366,,,,,,,,,,0,3FsLGz0p6T0zi8sx8T-iFibvOtzmFPBnMGrzoOpSfFxwE2P4-B7LpIkmjXDkF9lh-XT2Opcpw3l2Vw,BR1_3277147190,16.17,14.0,4.647,0.0,1
8.8039,0.4243,0.0,0.0,0.0961,0,0.0,0.0,0.7425,6.3574,0.4495,0.2569,0.5758,0.2426,1.0,0.0,1.2201,2.1191,5.804,0.3224,0.3224,0.5,0.2714,0.0,0.375,0.4837,0.9673,0,1dwq7j3N3ISzZPuROSFqeifzzSUkcZdsfYG8aGUIoz-Jx-dDtewRnclu_3nfcpkktp5k4BggqvSvCA,BR1_3276557586,16.17,9.428,15.572,6.203,0
6.4,0.3012,0.1506,0.1667,0.2084,0,0.0,0.1506,0.9035,5.632,0.5973,0.256,0.5294,0.2296,0.0,0.1111,0.768,1.4507,9.0392,0.6026,0.2009,0.75,0.2857,0.0,0.0,0.6026,0.8035,0,1dwq7j3N3ISzZPuROSFqeifzzSUkcZdsfYG8aGUIoz-Jx-dDtewRnclu_3nfcpkktp5k4BggqvSvCA,BR1_3276549691,16.17,13.281,11.719,4.978,0
4.4286,0.3571,0.2143,0.1429,0.1121,0,0.0,0.1429,1.0,4.0134,0.3254,0.4339,0.3333,0.1365,0.0,0.2727,0.2169,0.6508,,,,,,,,,,0,1dwq7j3N3ISzZPuROSFqeifzzSUkcZdsfYG8aGUIoz-Jx-dDtewRnclu_3nfcpkktp5k4BggqvSvCA,BR1_3276546981,16.17,14.0,9.219,0.0,0
6.5714,0.3571,0.0714,0.1765,0.1501,1,0.5,0.2143,1.2143,7.0909,0.6364,0.2727,0.3846,0.2812,2.0,0.0,0.4545,1.1818,4.5744,0.895,0.1989,0.7391,0.3453,0.0,0.1,1.6905,2.2872,0,1dwq7j3N3ISzZPuROSFqeifzzSUkcZdsfYG8aGUIoz-Jx-dDtewRnclu_3nfcpkktp5k4BggqvSvCA,BR1_3275232272,16.16,14.0,11.0,10.056,1
5.401,0.146,0.2919,0.4,0.2142,3,0.0,0.2919,0.7299,3.5402,0.0885,0.4425,0.7333,0.3065,1.0,0.2222,0.9735,1.3276,3.3371,0.0,0.5562,0.0,0.3516,0.0,0.0,0.0,0.0,0,RR9wzuyWu-X-mRCFUdxOOJRPCaxk6-pvMM2IlbnrXxgT19FyBTpGHIdEFd5folZSD0LOOGgaydHbOg,BR1_3277079593,16.17,13.701,11.299,1.798,0
6.2857,0.2857,0.2143,0.1905,0.2152,3,0.0,0.2857,1.5,4.7273,0.0909,0.2727,0.25,0.2101,0.0,0.125,0.3636,1.4545,4.4647,0.0,0.3882,0.1,0.0614,0.0,0.3,0.1941,1.9412,0,RR9wzuyWu-X-mRCFUdxOOJRPCaxk6-pvMM2IlbnrXxgT19FyBTpGHIdEFd5folZSD0LOOGgaydHbOg,BR1_3276988562,16.17,14.0,11.0,5.152,1
4.5223,0.2769,0.2769,0.3333,0.264,1,0.0,0.2769,0.8306,6.1171,0.0,0.3059,0.4118,0.2414,2.0,0.2143,0.5353,1.2999,5.7871,0.5261,0.5261,0.5,0.2425,0.0,0.6667,1.0522,2.1044,0,RR9wzuyWu-X-mRCFUdxOOJRPCaxk6-pvMM2IlbnrXxgT19FyBTpGHIdEFd5folZSD0LOOGgaydHbOg,BR1_3276978594,16.17,10.835,13.078,1.901,0
6.8275,0.2468,0.2468,0.0,0.2336,0,0.25,0.0,0.4936,7.5526,0.3893,0.3114,0.1818,0.2216,0.0,0.2727,0.1557,0.8565,10.747,0.3161,0.3161,0.0,0.099,0.0,0.1429,0.0,0.3161,0,RZbLHVYP_VFPJkKhPDTxm36cCmyf3CTz_-pISn8WNqgmFllxTnh3-yTikkSPqp4RFLPEj72tTBUgpg,BR1_3276672828,16.17,12.157,12.843,3.164,0
5.9832,0.1575,0.2362,0.2941,0.2142,1,0.0,0.3936,1.3383,4.9755,0.2985,0.398,0.1333,0.1049,1.0,0.1818,0.199,1.4927,7.9288,0.2403,0.0,0.6667,0.1293,0.0,0.0909,0.9611,1.4416,0,21CT8pVrlwWMeoMFIs6VH6E7SN4BTnFWrXiFeq4tbG7mjcAWpMKqy5NyD1Ug1D55xb-T3QQjrxhiag,BR1_3277209898,16.17,12.702,10.049,4.162,1
8.0739,0.299,0.299,0.2222,0.1906,0,0.0,0.1495,0.6728,8.001,0.3441,0.4302,0.1875,0.1412,1.0,0.1818,0.2581,1.3765,10.2726,0.321,0.1605,0.5,0.0708,0.0,0.25,0.321,0.642,0,JxUSqKbXNkkSYi9Dp1HBOHasJaJwo0DlUnxmmh3tlGYdX8twlCFAmEplr1v63GaC4h9qruVZv9DyeA,BR1_3277217143,16.17,13.376,11.624,6.23,0
8.9286,0.5,0.0,0.3636,0.2832,1,0.0,0.2857,0.7857,9.5455,0.4545,0.1818,0.3333,0.2991,0.0,0.1818,0.4545,1.3636,7.3506,0.35,0.0,0.6667,0.4113,1.0,0.0,2.1002,3.1503,0,JxUSqKbXNkkSYi9Dp1HBOHasJaJwo0DlUnxmmh3tlGYdX8twlCFAmEplr1v63GaC4h9qruVZv9DyeA,BR1_3277132297,16.17,14.0,11.0,2.857,1
7.2143,0.0714,0.0714,0.15,0.1422,1,0.2,0.2143,1.4286,6.4545,0.2727,0.1818,0.4286,0.1898,2.0,0.2,0.5455,1.2727,7.0923,0.2446,0.4891,0.4286,0.3331,1.0,0.2,0.3668,0.856,0,iM5zhfP3Cpqb9NHDEYodysDoMuMoY63TnXRBdALdS1YeuJwOuhWwr86pnLmJnkbI0NhHotq3XZ-QmQ,BR1_3276783519,16.17,14.0,11.0,8.178,0
7.1253,0.0,0.1454,0.0,0.1281,0,0.0,0.0,0.4362,6.4022,0.0889,0.2668,0.4615,0.103,0.0,0.0833,0.5335,1.156,5.6001,0.2667,0.1778,0.5,0.2443,0.0,0.1667,0.9778,1.9556,0,iM5zhfP3Cpqb9NHDEYodysDoMuMoY63TnXRBdALdS1YeuJwOuhWwr86pnLmJnkbI0NhHotq3XZ-QmQ,BR1_3276762261,16.17,13.754,11.246,11.25,1
5.9286,0.2143,0.1429,0.5714,0.2706,3,0.0,0.2857,0.5,7.0909,0.3636,0.2727,0.6667,0.2089,0.0,0.1,0.3636,0.5455,2.2913,0.0,0.9165,0.0,0.3279,0.0,0.0,0.0,0.0,0,kup1ClFezR3DHWldq8QvKGFuCYFeCUUHEA8oPIZpnq1HUz4yYaEP8nuLls6_qsj2EEV5s4igBmFeUQ,BR1_3277515253,16.17,14.0,11.0,2.182,0
5.0,0.2857,0.2143,0.5455,0.2938,1,0.25,0.4286,0.7857,5.0055,0.1112,0.3337,0.4375,0.2997,1.0,0.0714,0.7786,1.7797,4.3673,0.104,0.208,0.6364,0.2391,0.0,0.0833,0.7279,1.1438,1,kup1ClFezR3DHWldq8QvKGFuCYFeCUUHEA8oPIZpnq1HUz4yYaEP8nuLls6_qsj2EEV5s4igBmFeUQ,BR1_3277494569,16.17,14.0,8.99,9.617,0
5.4944,0.1593,0.1593,0.5455,0.2226,2,0.0,0.4778,0.8759,5.4654,0.2411,0.3215,0.56,0.3126,4.0,0.0,1.1252,2.0093,5.3244,0.2535,0.2535,0.4167,0.1118,1.0,0.0714,0.4226,1.0142,0,kup1ClFezR3DHWldq8QvKGFuCYFeCUUHEA8oPIZpnq1HUz4yYaEP8nuLls6_qsj2EEV5s4igBmFeUQ,BR1_3277146018,16.17,12.558,12.442,11.832,0
8.0,0.2143,0.0,0.25,0.0964,0,0.0,0.1429,0.5714,8.0756,0.2485,0.2485,0.2,0.2156,0.0,0.1429,0.1242,0.6212,6.9011,0.206,0.206,0.7,0.3156,1.0,0.1538,0.721,1.03,0,kup1ClFezR3DHWldq8QvKGFuCYFeCUUHEA8oPIZpnq1HUz4yYaEP8nuLls6_qsj2EEV5s4igBmFeUQ,BR1_3277125319,16.17,14.0,8.049,9.709,0
3.9627,0.1585,0.4755,0.2308,0.2427,1,0.0,0.2378,1.0303,7.946,0.7834,0.2238,0.45,0.2314,1.0,0.0,1.0072,2.2383,9.6497,0.8391,0.3147,0.4375,0.2271,5.0,0.0833,0.7342,1.6782,0,64j_5w_T31Vbhl1VguNeBq1hxynnBDw10sLxH-GaJmhQNYvKoSshfeqvSMw5gAnPbbndI0FrimkFBg,BR1_3277395070,16.17,12.618,8.935,9.534,0
8.0623,0.3257,0.0814,0.35,0.264,2,0.0,0.5701,1.6287,9.5766,0.5633,0.0,0.8,0.3262,2.0,0.0,1.1267,1.4083,,,,,,,,,,0,64j_5w_T31Vbhl1VguNeBq1hxynnBDw10sLxH-GaJmhQNYvKoSshfeqvSMw5gAnPbbndI0FrimkFBg,BR1_3277364838,16.17,12.279,3.55,0.0,1
6.4286,0.2143,0.2857,0.6364,0.3458,6,0.2,0.5,0.7857,8.1818,0.1818,0.3636,0.4167,0.2945,2.0,0.1111,0.4545,1.0909,7.0755,0.0,0.4043,0.5,0.2677,1.0,0.0,0.4043,0.8086,1,64j_5w_T31Vbhl1VguNeBq1hxynnBDw10sLxH-GaJmhQNYvKoSshfeqvSMw5gAnPbbndI0FrimkFBg,BR1_3277340406,16.17,14.0,11.0,9.893,0
8.9898,0.2644,0.0,0.1818,0.1805,1,0.0,0.1763,0.9695,6.0789,0.3662,0.0,0.5556,0.1778,0.0,0.1667,0.7324,1.3183,4.6403,0.7139,0.0,0.5,0.2898,1.0,0.4286,1.7847,3.5695,0,kZU5qbuYv_26rfA7HHNJ7HYtuNfYecgic4dhrCKV2g1chGJJv4PKgvMi3chE4Nje3toAovCMVt44MA,BR1_3277501404,16.17,11.346,13.654,2.802,1
5.1429,0.2857,0.2143,0.4,0.3587,3,0.2,0.2857,0.7143,8.9091,0.4545,0.2727,0.375,0.1851,0.0,0.0,0.2727,0.7273,4.4624,0.3771,0.2514,0.7857,0.2918,1.0,0.1579,1.3827,1.7598,0,FwWVm3WA85kfnv54Y0bopHq_kkJoSl3RBAR6OaDLe67OhaA9SxUrdE0od3BQ1MeEQmdFq_LkTua-AQ,BR1_3277326211,16.17,14.0,11.0,15.911,0
7.7143,0.3571,0.0714,0.625,0.3715,2,0.0,0.3571,0.5714,8.3711,0.2146,0.2146,0.6,0.3176,2.0,0.1818,0.9659,1.6098,3.8063,0.365,0.3128,0.7097,0.2417,1.0,0.1111,1.1471,1.6164,0,FwWVm3WA85kfnv54Y0bopHq_kkJoSl3RBAR6OaDLe67OhaA9SxUrdE0od3BQ1MeEQmdFq_LkTua-AQ,BR1_3276684090,16.17,14.0,9.318,19.179,1
7.972,0.2989,0.0996,0.25,0.1589,0,0.25,0.2989,1.1958,8.1467,0.7406,0.2116,0.4375,0.284,1.0,0.0,0.7406,1.6928,,,,,,,,,,0,Vc9axJTfanpVO4kkPd0RhQbDYUhEciwARA00ypV-RtVUdL8bb353K6wIWDA00qTRmW0gF1Pu4_Eltw,BR1_3273737048,16.16,10.035,9.452,0.0,1
8.2857,0.1429,0.1429,0.0,0.3008,0,0.0,0.0,0.1429,8.1818,0.4545,0.1818,0.0,0.1595,0.0,0.1111,0.0,0.7273,7.1461,0.1588,0.3176,0.5714,0.2814,0.0,0.5,0.3176,0.5558,0,Vc9axJTfanpVO4kkPd0RhQbDYUhEciwARA00ypV-RtVUdL8bb353K6wIWDA00qTRmW0gF1Pu4_Eltw,BR1_3273625359,16.16,14.0,11.0,12.594,0
6.2143,0.1429,0.1429,0.3125,0.1297,2,0.0,0.3571,1.1429,5.9091,0.3636,0.0,0.3846,0.2132,0.0,0.0909,0.4545,1.1818,5.689,0.2306,0.3844,0.5,0.1483,1.0,0.1579,0.3844,0.7688,0,pCyTaE7V7IEDjXe66KX1i9LdZV6o3tH9m1F-1zfGWZjsTaoVn9DjmSvvMNeNTh8G5ZFZRPWnBU-uXg,BR1_3277275829,16.17,14.0,11.0,13.008,0
6.6253,0.3272,0.1636,0.0,0.1574,0,0.0,0.0,0.3272,5.6114,0.1581,0.2371,0.5385,0.2698,0.0,0.1667,0.5532,1.0274,2.8418,0.0,0.406,0.5,0.2824,0.0,0.1538,0.609,1.2179,0,gdbExGxJzFRz45IiYL6IRXpWCRgcVJOp2oBEEx2A5hbAFQlUgdHfT93F7qdGiCSon0tZ9DnqTX55gg,BR1_3277289326,16.17,12.226,12.653,9.853,0
5.1429,0.2857,0.1429,0.3333,0.1961,0,0.75,0.0714,0.2143,7.5615,0.3689,0.1844,0.0,0.0675,0.0,0.125,0.0,0.6455,7.9571,0.1895,0.3789,0.0,0.0671,0.0,0.3636,0.0,0.9473,0,OI30x4QK5n6MpZpGvXQtSTpZrObhp6O9d5L-xmgcAA0ZuV3lXmdOzqtxaXCNzERVuyyDiG0fZ5w9bQ,BR1_3277510564,16.17,14.0,10.844,5.278,0
6.4286,0.2143,0.0714,0.0,0.2111,0,0.0,0.0,0.5,7.7273,0.4545,0.1818,0.6316,0.3101,3.0,0.0909,1.0909,1.7273,8.5391,0.4018,0.2009,0.25,0.1512,1.0,0.0,0.2009,0.8037,0,OI30x4QK5n6MpZpGvXQtSTpZrObhp6O9d5L-xmgcAA0ZuV3lXmdOzqtxaXCNzERVuyyDiG0fZ5w9bQ,BR1_3277477910,16.17,14.0,11.0,9.954,0
6.7391,0.2436,0.0812,0.5556,0.2725,2,0.0,0.406,0.7307,5.44,0.473,0.2365,0.5714,0.2493,1.0,0.1667,0.6307,1.1038,6.7234,0.2204,0.1102,0.55,0.2549,2.0,0.0,1.2124,2.2044,0,OI30x4QK5n6MpZpGvXQtSTpZrObhp6O9d5L-xmgcAA0ZuV3lXmdOzqtxaXCNzERVuyyDiG0fZ5w9bQ,BR1_3277458914,16.17,12.316,12.684,9.073,1
6.4018,0.2259,0.0753,0.75,0.2674,0,0.0,0.2259,0.3013,6.8245,0.4265,0.2559,0.5714,0.3233,5.0,0.1,0.6825,1.1943,1.5223,0.1791,0.1791,0.2222,0.1195,1.0,0.4167,0.1791,0.8059,0,OI30x4QK5n6MpZpGvXQtSTpZrObhp6O9d5L-xmgcAA0ZuV3lXmdOzqtxaXCNzERVuyyDiG0fZ5w9bQ,BR1_3277316416,16.17,13.278,11.722,11.168,0
5.5714,0.5,0.1429,0.3,0.2625,1,0.0,0.2143,0.7143,9.1357,0.435,0.145,0.5833,0.3583,1.0,0.1429,1.0151,1.7401,10.686,0.8549,0.0,0.875,0.306,0.0,0.125,2.9921,3.4195,0,791ukx2OIwSyj9Y6U1kLoJ6QJfg-CvBtTMmervksm-Y8-ZHFQU01enRWda8wPiQU5HuY8DsoX4XB6w,BR1_3277529157,16.17,14.0,6.896,2.34,1
6.3054,0.1752,0.3503,0.2222,0.2089,1,0.0,0.1752,0.7882,5.5223,0.4418,0.2945,0.1739,0.1765,0.0,0.0769,0.2945,1.6935,4.7651,0.0,0.0,0.2,0.1443,1.0,0.0,0.7942,3.9709,0,791ukx2OIwSyj9Y6U1kLoJ6QJfg-CvBtTMmervksm-Y8-ZHFQU01enRWda8wPiQU5HuY8DsoX4XB6w,BR1_3277508772,16.17,11.419,13.581,1.259,1
6.7718,0.4515,0.2257,0.2,0.2182,2,0.0,0.1505,0.7524,8.9143,0.7866,0.2622,0.3333,0.1515,1.0,0.25,0.2622,0.7866,,,,,,,,,,0,791ukx2OIwSyj9Y6U1kLoJ6QJfg-CvBtTMmervksm-Y8-ZHFQU01enRWda8wPiQU5HuY8DsoX4XB6w,BR1_3277494885,16.17,13.29,3.814,0.0,0
4.9095,1.4655,0.0733,0.2692,0.1592,0,0.0,0.5129,1.9052,4.1399,3.1709,0.2642,0.3684,0.2332,2.0,0.1,0.6166,1.6736,3.7459,3.7459,0.3567,0.9,0.2345,0.0,0.1429,1.6054,1.7837,0,791ukx2OIwSyj9Y6U1kLoJ6QJfg-CvBtTMmervksm-Y8-ZHFQU01enRWda8wPiQU5HuY8DsoX4XB6w,BR1_3277481653,16.17,13.647,11.353,5.606,1
8.2903,0.3838,0.0768,0.3333,0.2836,2,0.5,0.3838,1.1514,7.9378,0.1526,0.1526,0.6923,0.3806,2.0,0.375,1.3738,1.9844,,,,,,,,,,0,klojPSXi3QRYULdBbLgG4Qksz2a6pB772_M28FvONzC_qNzkGRO_ZQFt-41PZZwjzBNa26NMfwryFA,BR1_3277287956,16.17,13.027,6.551,0.0,1
5.2192,0.1558,0.1558,0.4375,0.1661,6,0.0,0.5453,1.2464,4.7074,0.4615,0.4615,0.5714,0.3094,0.0,0.2222,0.3692,0.6461,7.0098,0.2749,0.5498,0.6667,0.315,1.0,0.0,0.8247,1.237,1,ats7BEnGQyS3zHQLkfGsvVkbLY0vdlkh6DUW3qgyYRYZ_QAAKxqvW6V4GXHKWYRQh-JNPtIP8CbKCA,BR1_3276980544,16.17,12.837,10.834,7.276,0
6.1429,0.2857,0.2143,0.5333,0.2389,1,0.0,0.5714,1.0714,6.3636,0.3636,0.4545,0.5,0.2081,0.0,0.1,0.3636,0.7273,4.6852,0.5512,0.5512,0.5,0.2319,0.0,0.0,0.4134,0.8268,0,ats7BEnGQyS3zHQLkfGsvVkbLY0vdlkh6DUW3qgyYRYZ_QAAKxqvW6V4GXHKWYRQh-JNPtIP8CbKCA,BR1_3276966820,16.17,14.0,11.0,7.257,0
4.1765,0.1576,0.3152,0.1429,0.1196,1,0.0,0.0788,0.5516,4.3064,0.2484,0.4969,0.6,0.292,4.0,0.1,0.7453,1.2422,7.061,0.463,0.3473,0.625,0.408,4.0,0.0,0.5788,0.926,0,ats7BEnGQyS3zHQLkfGsvVkbLY0vdlkh6DUW3qgyYRYZ_QAAKxqvW6V4GXHKWYRQh-JNPtIP8CbKCA,BR1_3276959017,16.17,12.69,12.075,8.639,0
6.5483,0.1505,0.0753,0.5556,0.3155,8,0.75,0.7527,1.3548,8.3705,0.3939,0.2954,0.6296,0.4193,9.0,0.3333,1.6741,2.6588,,,,,,,,,,0,ats7BEnGQyS3zHQLkfGsvVkbLY0vdlkh6DUW3qgyYRYZ_QAAKxqvW6V4GXHKWYRQh-JNPtIP8CbKCA,BR1_3276926606,16.17,13.286,10.155,0.0,1
5.9286,0.3571,0.1429,0.2,0.1233,0,0.0,0.2857,1.4286,5.6891,0.0,0.3992,0.2857,0.2643,0.0,0.0909,0.1996,0.6987,2.3992,0.0,0.8997,0.5,0.1904,0.0,0.2,0.2999,0.5998,1,czkQ1w-wNRc6jC5vzUeIgSdbaICWq-wKIpdVaU7emhSgg1SUlsrZopJ6NDpJbiBGETU8ZhsNQaW-5w,BR1_3277285485,16.17,14.0,10.019,3.334,0
5.4273,0.3618,0.2171,0.625,0.4078,3,0.0,0.3618,0.5789,6.6184,0.4472,0.2683,0.5333,0.1605,0.0,0.2222,0.7155,1.3416,5.5654,0.0647,0.1294,0.5385,0.1916,0.0,0.0909,0.906,1.6826,1,czkQ1w-wNRc6jC5vzUeIgSdbaICWq-wKIpdVaU7emhSgg1SUlsrZopJ6NDpJbiBGETU8ZhsNQaW-5w,BR1_3277058680,16.17,13.819,11.181,15.453,1
6.1429,0.4286,0.2143,0.5,0.2366,1,0.0,0.2143,0.4286,5.0909,0.8182,0.3636,0.35,0.1659,0.0,0.1818,0.6364,1.8182,4.5992,0.5749,0.1437,0.3,0.1368,0.0,0.2222,0.4312,1.4372,0,czkQ1w-wNRc6jC5vzUeIgSdbaICWq-wKIpdVaU7emhSgg1SUlsrZopJ6NDpJbiBGETU8ZhsNQaW-5w,BR1_3277044814,16.17,14.0,11.0,6.958,1
6.064,0.2958,0.1479,0.1429,0.2104,1,0.2,0.1479,1.0353,4.7049,0.0,0.1743,0.5455,0.2357,1.0,0.4,0.5228,0.9584,3.1381,0.0,0.2414,0.2727,0.2493,0.0,0.1667,0.3621,1.3277,0,FovfVNXHEoNf5qVIARm-AUb4W5IUxw8x5tahdmxPfNjdWEAQN0bcFKrp0i7tz8iP9zJWq9bjn31Tow,BR1_3277020692,16.17,13.523,11.477,8.285,0
5.1429,0.3571,0.1429,0.5556,0.2272,2,0.0,0.7143,1.2857,6.7273,0.4545,0.2727,0.65,0.2494,1.0,0.0833,1.1818,1.8182,7.0954,0.5068,0.0,0.5,0.2165,1.0,0.0,1.267,2.5341,0,4Jmn4n4ELBwiQ5mxe9qNYZY4ildOhJbfrQ81csvG9aP4pZoREu0vcTjGvTdSUdc3xECeiPbqG5OfNA,BR1_3276931949,16.17,14.0,11.0,3.946,1
5.8401,0.2433,0.2433,0.5,0.2592,0,0.0,0.4056,0.8111,5.591,0.5481,0.3289,0.5455,0.2568,0.0,0.3333,0.6578,1.2059,4.7843,0.0,0.5741,0.875,0.3043,0.0,0.25,1.3396,1.531,0,4Jmn4n4ELBwiQ5mxe9qNYZY4ildOhJbfrQ81csvG9aP4pZoREu0vcTjGvTdSUdc3xECeiPbqG5OfNA,BR1_3276930371,16.17,12.328,9.122,5.225,0
5.8571,0.3571,0.1429,0.3333,0.2635,2,0.0,0.2857,0.8571,6.7545,0.6987,0.1165,0.5789,0.3596,0.0,0.25,1.281,2.2127,,,,,,,,,,0,4Jmn4n4ELBwiQ5mxe9qNYZY4ildOhJbfrQ81csvG9aP4pZoREu0vcTjGvTdSUdc3xECeiPbqG5OfNA,BR1_3276922920,16.17,14.0,8.587,0.0,1
6.2143,0.2857,0.1429,0.5,0.2916,1,0.0,0.1429,0.2857,7.2727,0.4545,0.1818,0.2222,0.1556,0.0,0.125,0.1818,0.8182,6.1656,0.4404,0.2202,0.0,0.2984,0.0,0.4444,0.0,0.0,0,4Jmn4n4ELBwiQ5mxe9qNYZY4ildOhJbfrQ81csvG9aP4pZoREu0vcTjGvTdSUdc3xECeiPbqG5OfNA,BR1_3276918271,16.17,14.0,11.0,4.541,0
5.5714,0.3571,0.0714,0.25,0.2425,2,0.0,0.1429,0.5714,5.4545,0.0,0.2727,0.625,0.228,6.0,0.3,0.9091,1.4545,8.132,0.0,0.3614,0.625,0.28,1.0,0.0,0.9036,1.4457,0,rX7bF_RLT6IY2p4ratjM7CEPk0V2nkVg1IGK14khs47DRpsRjHQ1glcL2Szd1MWOn2VgnhPYIbEIiA,BR1_3275598880,16.16,14.0,11.0,5.534,0
7.4649,0.3472,0.1736,1.0,0.2813,1,0.0,0.0868,0.0868,8.4976,0.0,0.2655,0.3333,0.2421,1.0,0.125,0.1328,0.3983,,,,,,,,,,0,rX7bF_RLT6IY2p4ratjM7CEPk0V2nkVg1IGK14khs47DRpsRjHQ1glcL2Szd1MWOn2VgnhPYIbEIiA,BR1_3275573478,16.16,11.521,7.532,0.0,0
6.0379,0.2352,0.2352,0.4444,0.2057,2,0.0,0.3137,0.7057,9.6411,0.2864,0.0955,0.2353,0.1561,1.0,0.0909,0.3818,1.6228,5.4506,0.1947,0.1947,0.375,0.1001,0.0,0.3,1.168,3.1146,0,4A3zYm-9B057EA5IKDaCmbfDqL5M6znedhxgaBUjh0in3jv0-xUUsKVkHE51JJLrbsY3IhtDPeTEhQ,BR1_3275488262,16.16,12.753,10.476,5.137,1
7.0319,0.3024,0.0,0.4,0.2398,1,0.0,0.3024,0.7561,4.9259,0.3397,0.0,0.619,0.362,2.0,0.1818,1.1041,1.7835,5.1412,0.3213,0.0,0.9,0.4785,1.0,0.125,1.446,1.6066,0,4A3zYm-9B057EA5IKDaCmbfDqL5M6znedhxgaBUjh0in3jv0-xUUsKVkHE51JJLrbsY3IhtDPeTEhQ,BR1_3275468048,16.16,13.226,11.774,6.224,1
6.6705,0.1499,0.0749,0.625,0.3586,1,0.25,0.3747,0.5996,6.0047,0.5147,0.0,0.7333,0.3913,3.0,0.1111,0.9436,1.2867,6.487,0.4185,0.2093,0.6875,0.2156,1.0,0.3636,1.1509,1.6741,0,4A3zYm-9B057EA5IKDaCmbfDqL5M6znedhxgaBUjh0in3jv0-xUUsKVkHE51JJLrbsY3IhtDPeTEhQ,BR1_3275352645,16.16,13.342,11.658,9.558,1
5.6429,0.0714,0.2857,0.3333,0.2709,0,0.2,0.2143,0.6429,7.2716,0.1232,0.2465,0.5455,0.3757,2.0,0.1111,0.7395,1.3557,8.1909,0.4964,0.4964,0.4,0.2168,0.0,0.0,0.4964,1.241,0,4A3zYm-9B057EA5IKDaCmbfDqL5M6znedhxgaBUjh0in3jv0-xUUsKVkHE51JJLrbsY3IhtDPeTEhQ,BR1_3275341166,16.16,14.0,8.114,4.029,0
7.3571,0.3571,0.1429,0.3333,0.1643,1,0.0,0.2857,0.8571,6.3636,0.4545,0.0,0.6667,0.2418,1.0,0.2308,0.5455,0.8182,5.7124,0.5619,0.1873,0.8,0.2321,0.0,0.2222,1.1237,1.4047,0,EL_xkX_wnsp7ikSwvbsXB1IiD2jz2Wk9u870DuDGbR6JP994txWPap4ul_1OIV_iuwvzgdlmBjoFlw,BR1_3276212679,16.16,14.0,11.0,10.679,1
5.6429,0.3571,0.1429,0.3333,0.2803,1,0.0,0.2857,0.8571,4.6364,0.4545,0.1818,0.5,0.155,0.0,0.25,0.2727,0.5455,7.3275,0.621,0.3726,0.3,0.082,0.0,0.1111,0.3726,1.242,0,BaS9q0XBGCjJt52whLy1XbmKECppnMPQbFncYQOgKwDuirbBcxXQ7ZK5se-ljKhX-YwuVGF8jkxCAw,BR1_3277513500,16.17,14.0,11.0,8.052,0
6.5,0.2857,0.2143,0.4231,0.2402,2,0.2,0.7857,1.8571,6.8182,0.9091,0.0909,0.2593,0.2215,3.0,0.0,0.6364,2.4545,2.8796,0.7999,0.3999,0.2778,0.2457,1.0,0.1429,0.3999,1.4398,0,BaS9q0XBGCjJt52whLy1XbmKECppnMPQbFncYQOgKwDuirbBcxXQ7ZK5se-ljKhX-YwuVGF8jkxCAw,BR1_3277493477,16.17,14.0,11.0,12.502,1
3.3095,0.1003,0.3009,0.1,0.1489,0,0.0,0.1003,1.0029,3.5949,0.3824,0.3059,0.4118,0.1265,0.0,0.1667,0.5354,1.3003,4.3465,0.5433,0.1811,0.2143,0.0726,0.0,0.5,0.5433,2.5355,0,BaS9q0XBGCjJt52whLy1XbmKECppnMPQbFncYQOgKwDuirbBcxXQ7ZK5se-ljKhX-YwuVGF8jkxCAw,BR1_3277476804,16.17,9.971,13.074,5.522,1
7.9255,0.381,0.3048,0.1667,0.1233,0,0.0,0.1524,0.9145,9.7681,0.5233,0.0,0.0909,0.0458,0.0,0.1538,0.0872,0.9594,7.8715,0.0,0.6297,0.0,0.1199,0.0,0.625,0.0,0.6297,0,BaS9q0XBGCjJt52whLy1XbmKECppnMPQbFncYQOgKwDuirbBcxXQ7ZK5se-ljKhX-YwuVGF8jkxCAw,BR1_3277466215,16.17,13.122,11.466,3.176,0
7.2762,0.5821,0.0728,0.3571,0.2155,1,0.0,0.3638,1.0187,7.8176,0.6219,0.1777,0.2381,0.124,2.0,0.1333,0.4442,1.8656,7.6655,0.511,0.511,0.2727,0.1845,0.0,0.0,0.7666,2.8107,0,BaS9q0XBGCjJt52whLy1XbmKECppnMPQbFncYQOgKwDuirbBcxXQ7ZK5se-ljKhX-YwuVGF8jkxCAw,BR1_3277444809,16.17,13.743,11.257,3.914,1
6.8571,0.3571,0.2143,0.2222,0.2081,1,0.0,0.1429,0.6429,5.2727,0.3636,0.3636,0.7727,0.2745,0.0,0.1,1.5455,2.0,4.6844,0.2129,0.4259,0.625,0.3166,0.0,0.0,1.0646,1.7034,1,x0mEl77av31PqcRxjTexcBAo7tmDD_4OpoUiEfdILfjeNMqa0dbrlXVgfIrvE9wf0C0HVDZ1QkHzBg,BR1_3270844685,16.15,14.0,11.0,4.696,1
8.8994,0.0735,0.0735,0.1875,0.1845,3,0.0,0.2206,1.1768,8.3784,0.3852,0.0963,0.3571,0.1917,2.0,0.2667,0.4815,1.3482,6.0378,0.0,0.2625,0.5,0.3881,1.0,0.0,1.0501,2.1001,0,cTQAmaWd-h61ZPFadWQzmiOuHbKu7u3LSnkNF4SxzBkmZNCN2rB_85BYAbQjW3nO00yOWYY7gAUMEg,BR1_3277344506,16.17,13.596,10.384,3.809,1
7.2143,0.1429,0.3571,0.3,0.2605,0,0.0,0.2143,0.7143,9.0,0.3636,0.1818,0.2,0.1719,1.0,0.0,0.2727,1.3636,7.2074,0.7207,0.0,0.8,0.4266,0.0,0.4286,2.883,3.6037,0,cTQAmaWd-h61ZPFadWQzmiOuHbKu7u3LSnkNF4SxzBkmZNCN2rB_85BYAbQjW3nO00yOWYY7gAUMEg,BR1_3277335586,16.17,14.0,11.0,1.387,1
5.1555,0.2864,0.2864,0.0,0.1527,0,0.6,0.0,0.5012,4.35,0.2719,0.4531,0.2222,0.1659,0.0,0.2,0.1813,0.8156,9.554,0.39,0.195,0.5,0.2477,0.0,0.4,0.195,0.39,0,ZiFwPWS36Xh1e0n-2HPo1fUKUEHtpCTxzPk7IdNL_g8Qca8bOoQU4aOHVvkEcFcr8AunEzkzp4KY_Q,BR1_3277521757,16.17,13.966,11.034,5.129,0
6.8201,0.2558,0.1705,0.0,0.2258,0,0.0,0.0,1.023,6.3648,0.5583,0.2233,0.4444,0.2241,2.0,0.2222,0.4467,1.005,0.0,0.5171,1.0342,0.0,0.3651,0.0,0.4,0.0,0.0,0,vPxVA5t4cEPfEkQchvRK8B03iqBxqa3QcLuX720xJgJLkAKTPz1hvmWLnnFFtlegvjf2AJ-zG2xNPw,BR1_3277350157,16.17,11.73,8.955,1.934,0
7.0714,0.2857,0.2143,0.2222,0.2578,2,0.0,0.1429,0.6429,7.2727,0.4545,0.1818,0.625,0.2862,4.0,0.0769,1.3636,2.1818,41.1835,0.0,0.0,0.0,0.2224,0.0,0.0,0.0,2.1676,0,Wp7theulZC174r7BXAyY2_rKnO4uPhJA0LJfehEvMKR9w1QKBJp6O2H9SilajcJvnBpxi4fD25ycPg,BR1_3274825139,16.16,14.0,11.0,0.461,1
5.6429,0.3571,0.0714,0.3077,0.2415,1,0.75,0.2857,0.9286,4.817,0.4632,0.2779,0.3333,0.1948,1.0,0.1667,0.6484,1.9453,3.5899,1.0257,0.1709,0.4167,0.2098,2.0,0.1818,0.8547,2.0514,1,luMCK4DKoz5RU4E_VDYsIKOcDo32-CCJTADGccUPDRpFgY10K-9lHR1UhyDcpLsOLyRTjF21xb_3zw,BR1_3277377935,16.17,14.0,10.795,5.85,1
6.7143,0.1429,0.1429,0.7778,0.3186,2,0.0,0.5,0.6429,8.6364,0.5455,0.3636,0.4167,0.3419,1.0,0.125,0.4545,1.0909,4.8099,0.3006,0.2004,0.5625,0.2606,1.0,0.1333,0.9019,1.6033,0,r3DlbzBFi-IcgoDgqUVj1W-OpgZkmoqHq-h6WQjs0pRS_Yu90XFiKXxQynJmAnkyqF0uzW1UHivSyg,BR1_3277520562,16.17,14.0,11.0,9.979,1
7.2322,0.3528,0.0882,0.35,0.1937,3,0.0,0.6174,1.7639,5.3062,0.3316,0.2211,0.1176,0.1247,0.0,0.125,0.2211,1.8793,1.4852,0.4951,0.3301,0.3846,0.1648,1.0,0.0,0.8251,2.1453,0,r3DlbzBFi-IcgoDgqUVj1W-OpgZkmoqHq-h6WQjs0pRS_Yu90XFiKXxQynJmAnkyqF0uzW1UHivSyg,BR1_3277502976,16.17,11.338,9.046,6.06,1
8.0904,0.1634,0.0817,0.3529,0.2935,1,0.2,0.4903,1.3893,7.5942,0.3492,0.2619,0.4667,0.2605,3.0,0.1818,0.611,1.3093,2.9651,0.2965,0.0,0.5,0.3883,1.0,0.0,1.4825,2.9651,1,r3DlbzBFi-IcgoDgqUVj1W-OpgZkmoqHq-h6WQjs0pRS_Yu90XFiKXxQynJmAnkyqF0uzW1UHivSyg,BR1_3277489587,16.17,12.237,11.456,3.373,1
6.7655,0.101,0.0,0.25,0.224,1,0.0,0.202,0.8078,7.776,0.0,0.0,0.5294,0.3434,1.0,0.1429,0.7525,1.4214,5.5911,0.0,0.1118,0.85,0.5198,3.0,0.2667,1.901,2.2364,0,r3DlbzBFi-IcgoDgqUVj1W-OpgZkmoqHq-h6WQjs0pRS_Yu90XFiKXxQynJmAnkyqF0uzW1UHivSyg,BR1_3277449904,16.17,9.903,11.96,8.943,1
5.5714,0.2143,0.0714,0.3125,0.2779,2,0.0,0.3571,1.1429,6.4756,0.2775,0.2775,0.5,0.2687,1.0,0.125,0.6476,1.2951,2.5015,0.0,0.2779,0.8125,0.2692,0.0,0.1304,0.9033,1.1118,0,r3DlbzBFi-IcgoDgqUVj1W-OpgZkmoqHq-h6WQjs0pRS_Yu90XFiKXxQynJmAnkyqF0uzW1UHivSyg,BR1_3277033775,16.17,14.0,10.81,14.391,1
7.9505,0.1916,0.0958,0.6,0.3025,5,0.0,0.5747,0.9579,9.6277,0.2832,0.2124,0.5238,0.3572,5.0,0.1667,0.7787,1.4866,,,,,,,,,,0,O9DM7BbNNaQckUcuyKGGrsn-e9k38IK7iDL3tAX0RcejDuxwm7nPBezgbWGLaXOpbS1OjF6zL48PHQ,BR1_3277288403,16.17,10.44,14.126,0.0,1
7.4761,0.1699,0.1699,0.1429,0.2154,1,0.0,0.1699,1.1894,5.8205,0.2268,0.2268,0.7143,0.3163,3.0,0.0833,0.7559,1.0583,5.1298,0.1806,0.289,0.5455,0.1747,2.0,0.0,0.4335,0.7948,0,O9DM7BbNNaQckUcuyKGGrsn-e9k38IK7iDL3tAX0RcejDuxwm7nPBezgbWGLaXOpbS1OjF6zL48PHQ,BR1_3277267456,16.17,11.771,13.229,27.681,0
6.1429,0.4286,0.2143,0.375,0.2648,1,0.0,0.4286,1.1429,5.2727,0.3636,0.3636,0.7222,0.3681,4.0,0.25,1.1818,1.6364,7.4852,0.4158,0.1386,0.4375,0.2471,0.0,0.0,0.9703,2.2178,0,b-emA3iEClhocKCJlOszzbPSAuBwm0OV1EifWJv_CyyXz3sb_efOoH35S79Qh9-3oCsDdDdItZexlw,BR1_3276497764,16.17,14.0,11.0,7.214,1
7.2547,0.39,0.078,0.0,0.2286,0,0.0,0.0,0.5461,9.5233,0.2463,0.4105,0.375,0.2279,2.0,0.0,0.4926,1.3136,7.6867,0.2985,0.2985,0.6667,0.4756,4.0,0.0526,1.0448,1.5672,0,b-emA3iEClhocKCJlOszzbPSAuBwm0OV1EifWJv_CyyXz3sb_efOoH35S79Qh9-3oCsDdDdItZexlw,BR1_3276439106,16.17,12.819,12.181,13.4,0
6.2908,0.3544,0.3544,0.3333,0.3082,1,0.0,0.1772,0.5316,7.7856,0.3156,0.2104,0.0,0.1051,0.0,0.2941,0.0,0.1052,,,,,,,,,,0,OzBWQCsuweR1LkHmyc-NGDtuGZypwipdAi-ozwCZvRHHaBJc0yhODK0R0k2d-uT4rKsoVPc-p8Nelg,BR1_3277341634,16.17,11.286,9.505,0.0,0
7.4945,0.3156,0.0789,0.6154,0.1642,2,0.0,0.6311,1.0256,8.0331,0.4057,0.1623,0.6667,0.3287,1.0,0.0714,0.8114,1.2171,6.9551,0.094,0.188,1.0,0.4424,1.0,0.0833,1.0339,1.0339,0,OzBWQCsuweR1LkHmyc-NGDtuGZypwipdAi-ozwCZvRHHaBJc0yhODK0R0k2d-uT4rKsoVPc-p8Nelg,BR1_3276979057,16.17,12.676,12.324,10.64,0
5.255,0.2919,0.3649,0.3846,0.2002,1,0.6,0.3649,0.9488,10.472,0.5302,0.1326,0.3333,0.1532,0.0,0.0,0.5302,1.5907,4.6519,0.3323,0.3323,0.25,0.2279,0.0,0.1,0.6646,2.6582,0,OzBWQCsuweR1LkHmyc-NGDtuGZypwipdAi-ozwCZvRHHaBJc0yhODK0R0k2d-uT4rKsoVPc-p8Nelg,BR1_3276967501,16.17,13.701,7.544,3.01,1
6.4286,0.4286,0.2143,0.3571,0.2876,3,0.0,0.3571,1.0,7.7398,1.1057,0.2211,0.25,0.1858,0.0,0.25,0.2211,0.8845,,,,,,,,,,1,SwCPslpQLdQwkCTvSoi-3sOqNzZMi6eELRQ_zZ4YlNI9I4de8Qz1SPXRpKwezRMn1uk0bKY-Zwhqsg,BR1_3277508481,16.17,14.0,4.522,0.0,1
6.6429,0.3571,0.2143,0.625,0.2842,3,0.0,0.3571,0.5714,7.9091,0.4545,0.0909,0.6,0.2828,2.0,0.1,0.2727,0.4545,7.9611,0.4683,0.281,0.375,0.2997,1.0,0.2,0.562,1.4986,0,SwCPslpQLdQwkCTvSoi-3sOqNzZMi6eELRQ_zZ4YlNI9I4de8Qz1SPXRpKwezRMn1uk0bKY-Zwhqsg,BR1_3277487861,16.17,14.0,11.0,10.677,0
8.4945,0.2317,0.0772,0.0,0.1638,0,0.0,0.0,0.2317,8.2984,0.4149,0.4149,0.3636,0.2062,1.0,0.1667,0.3319,0.9128,9.0597,0.0,0.3775,1.0,0.2681,0.0,0.0,0.755,0.755,0,SwCPslpQLdQwkCTvSoi-3sOqNzZMi6eELRQ_zZ4YlNI9I4de8Qz1SPXRpKwezRMn1uk0bKY-Zwhqsg,BR1_3277474880,16.17,12.95,12.05,2.649,0
5.1429,0.2857,0.1429,0.1111,0.2493,0,0.0,0.0714,0.6429,7.526,0.4342,0.2895,0.3,0.1131,1.0,0.125,0.4342,1.4473,4.5214,0.5447,0.3813,0.381,0.1915,1.0,0.1667,0.4358,1.144,0,BCq9tK32J2bBjbE_MwWXzF2l4or6CXYfl7R0_sLzVFuTBtGRQdwMeZKmIt6QYDztIxyRFL-p_eNhBg,BR1_3277306946,16.17,14.0,6.909,18.357,1
6.4338,0.4437,0.0,0.4615,0.2469,2,0.0,0.4437,0.9614,9.6489,0.536,0.0,0.5,0.4007,1.0,0.5,0.536,1.0721,,,,,,,,,,1,BCq9tK32J2bBjbE_MwWXzF2l4or6CXYfl7R0_sLzVFuTBtGRQdwMeZKmIt6QYDztIxyRFL-p_eNhBg,BR1_3276733567,16.17,13.522,1.865,0.0,1
6.4277,0.5421,0.0774,0.4545,0.2571,1,0.25,0.3872,0.8519,8.5214,0.0827,0.0827,0.4706,0.3483,6.0,0.0769,0.6619,1.4064,2.3922,0.0,0.29,0.5,0.2587,1.0,0.2,0.8699,1.7398,0,BCq9tK32J2bBjbE_MwWXzF2l4or6CXYfl7R0_sLzVFuTBtGRQdwMeZKmIt6QYDztIxyRFL-p_eNhBg,BR1_3276441651,16.17,12.913,12.087,13.795,1
5.9895,0.2428,0.2428,0.25,0.1338,2,0.0,0.1619,0.6475,6.643,0.3954,0.3163,0.4,0.1589,3.0,0.0,0.4745,1.1862,3.9127,0.4772,0.2863,0.4615,0.2294,0.0,0.0909,0.5726,1.2406,0,BCq9tK32J2bBjbE_MwWXzF2l4or6CXYfl7R0_sLzVFuTBtGRQdwMeZKmIt6QYDztIxyRFL-p_eNhBg,BR1_3276422323,16.17,12.355,12.645,10.479,0
5.8571,0.2857,0.2857,0.25,0.2716,1,0.0,0.0714,0.2857,9.0244,0.4512,0.1504,0.0,0.2456,0.0,0.2,0.0,0.0,4.1874,0.4653,0.4653,0.0,0.2772,0.0,0.0,0.0,0.0,0,yOmwa4xpe_w0x0soy5dEuFOb6LoPN2AukKqxCSXirNSvM25_7o-_gEYqWQcgYSadrg79NRnW-BiRiw,BR1_3277514489,16.17,14.0,6.649,2.149,0
7.1953,0.2878,0.2878,0.2308,0.2148,2,0.0,0.2159,0.9354,3.2427,0.4504,0.3603,0.4,0.2325,0.0,0.1111,0.5404,1.3511,7.8499,0.4906,0.2453,0.75,0.2361,0.0,0.2,1.1039,1.4719,0,5LxNhpZ1XkxGf9QCIM0tqRLawgi2QCLoVXqmdD1JS4Zky1O32su5zMs3CF6AZ9fA02MbABPqr-_QHA,BR1_3277374657,16.17,13.898,11.102,8.153,1
6.0714,0.2143,0.0714,0.3,0.1008,1,0.2,0.4286,1.4286,7.6417,0.0,0.1092,0.375,0.2372,5.0,0.0714,0.9825,2.62,,,,,,,,,,0,x6hR-4xUY5KfWB_JRYaber-mibZ5bvt2ZFMsQ0iqgLzBQdoPnW74KCrWnPtUgJ6n5wzx95SO95ya5A,BR1_3277352030,16.17,14.0,9.16,0.0,1
5.3687,0.352,0.176,0.5,0.3045,1,0.0,0.5281,1.0561,6.5992,0.5133,0.1466,0.6875,0.2089,1.0,0.0,0.8066,1.1732,2.8553,0.0,0.2677,0.875,0.295,0.0,0.375,0.6246,0.7138,1,x6hR-4xUY5KfWB_JRYaber-mibZ5bvt2ZFMsQ0iqgLzBQdoPnW74KCrWnPtUgJ6n5wzx95SO95ya5A,BR1_3277327993,16.17,11.362,13.638,11.207,0
7.4286,0.5714,0.2857,0.2857,0.2174,0,0.0,0.1429,0.5,7.0909,0.5455,0.5455,0.2857,0.1977,0.0,0.1818,0.3636,1.2727,6.4096,0.5608,0.4807,0.2353,0.0881,0.0,0.0,0.3205,1.362,0,DfuAFh2_2CIuYRjCoLZW-_xNGppSaTMlFi5b_3lcuNtg9L3mIgTaTGiDRHblazZlmC-VRQDX93n9oA,BR1_3277309750,16.17,14.0,11.0,12.481,0
7.5022,0.3607,0.0721,0.3684,0.3652,3,0.0,0.505,1.3706,14.4626,0.0,0.0,0.5,0.0835,1.0,0.0,0.6887,1.3774,,,,,,,,,,0,DfuAFh2_2CIuYRjCoLZW-_xNGppSaTMlFi5b_3lcuNtg9L3mIgTaTGiDRHblazZlmC-VRQDX93n9oA,BR1_3277280705,16.17,13.863,1.452,0.0,1
7.9231,0.4443,0.1481,0.5,0.2376,1,0.6,0.1481,0.2962,6.4374,0.444,0.444,1.0,0.4046,0.0,0.1,0.222,0.222,3.7064,0.0,1.2355,1.0,0.4088,0.0,0.1667,0.6177,0.6177,1,DfuAFh2_2CIuYRjCoLZW-_xNGppSaTMlFi5b_3lcuNtg9L3mIgTaTGiDRHblazZlmC-VRQDX93n9oA,BR1_3277174663,16.17,13.505,9.01,1.619,0
6.7857,0.5714,0.0,0.6667,0.3239,3,0.0,0.4286,0.6429,4.1934,0.4058,0.4058,0.3333,0.1595,0.0,0.1429,0.2705,0.8116,3.0563,0.1273,0.6367,0.6667,0.3039,0.0,0.2143,0.2547,0.382,0,dQ82uxpj878s6UWkGKFsSf3UNPQZ0fG7EH_-M14qXqXhlxY6R-b9hWP9TktJOKESUBVaoG0e_tf6tg,BR1_3276071982,16.16,14.0,7.393,7.853,0
6.6136,0.0882,0.1764,0.125,0.1481,1,0.0,0.0882,0.7054,5.9695,0.4117,0.3088,0.3333,0.155,0.0,0.0,0.2058,0.6175,10.1081,0.0,0.2592,0.0,0.2404,0.0,0.5,0.0,0.2592,0,1SQnHxVFE3Qll6Ns-HhuCbtzzeWi_ZQthP4PGc-bMaBMvn9Lh2K7qqImCDV4G_Q3PabeWlvudQ3b5w,BR1_3276709408,16.17,11.34,9.716,3.858,0
7.2857,0.3571,0.2857,0.3333,0.2417,0,0.0,0.2857,0.8571,5.2727,0.4545,0.5455,0.1538,0.1539,0.0,0.25,0.1818,1.1818,9.05,0.5586,0.4469,0.25,0.097,0.0,0.0,0.2235,0.8938,0,1SQnHxVFE3Qll6Ns-HhuCbtzzeWi_ZQthP4PGc-bMaBMvn9Lh2K7qqImCDV4G_Q3PabeWlvudQ3b5w,BR1_3276282910,16.17,14.0,11.0,8.95,0
6.7857,0.3571,0.1429,0.7273,0.3445,2,0.0,0.5714,0.7857,7.869,0.319,0.319,0.4444,0.434,2.0,0.2308,0.4254,0.957,14.0731,0.4853,0.4853,0.4,0.2069,0.0,0.1667,0.9706,2.4264,0,1SQnHxVFE3Qll6Ns-HhuCbtzzeWi_ZQthP4PGc-bMaBMvn9Lh2K7qqImCDV4G_Q3PabeWlvudQ3b5w,BR1_3276276907,16.17,14.0,9.404,2.061,1
7.1429,0.3571,0.0714,0.5714,0.3072,1,0.0,0.5714,1.0,3.8512,0.6419,0.2567,0.4706,0.3184,1.0,0.125,1.027,2.1823,4.7738,0.7459,0.4475,0.6667,0.179,0.0,0.1111,0.8951,1.3426,0,1SQnHxVFE3Qll6Ns-HhuCbtzzeWi_ZQthP4PGc-bMaBMvn9Lh2K7qqImCDV4G_Q3PabeWlvudQ3b5w,BR1_3276207963,16.16,14.0,7.79,6.703,1
6.9962,0.3292,0.2469,0.375,0.3659,3,0.25,0.2469,0.6585,9.4303,0.7932,0.1763,0.625,0.3869,3.0,0.0909,0.8813,1.4101,5.5319,0.6953,0.3023,0.5,0.2385,2.0,0.0625,0.6348,1.2696,1,1SQnHxVFE3Qll6Ns-HhuCbtzzeWi_ZQthP4PGc-bMaBMvn9Lh2K7qqImCDV4G_Q3PabeWlvudQ3b5w,BR1_3276197834,16.16,12.149,11.346,33.081,1
6.7143,0.1429,0.0714,0.3636,0.3077,3,0.0,0.2857,0.7857,8.8404,0.3886,0.2914,0.5556,0.2166,1.0,0.0909,0.4857,0.8743,5.5428,0.3764,0.2395,0.4412,0.1841,3.0,0.0833,0.5132,1.1633,0,xL0w7C0iRTIKKPRv6X6eK551hgV_yFPCAGnhmHVbN6YTjQ46NQ_2OpToetRVeISBOLHYFTBfro9Hjg,BR1_3277522171,16.17,14.0,10.294,29.227,0
7.2857,0.3571,0.1429,0.6667,0.3623,3,0.0,0.2857,0.4286,6.0,0.0909,0.4545,0.5217,0.2473,1.0,0.25,1.0909,2.0909,4.9664,0.2483,0.4966,0.5,0.3417,1.0,0.1429,0.2483,0.4966,1,xL0w7C0iRTIKKPRv6X6eK551hgV_yFPCAGnhmHVbN6YTjQ46NQ_2OpToetRVeISBOLHYFTBfro9Hjg,BR1_3277306449,16.17,14.0,11.0,4.027,0
6.4848,0.3643,0.0729,0.0769,0.2024,0,0.0,0.0729,0.9472,5.1762,0.4405,0.2203,0.5,0.2187,1.0,0.125,0.7709,1.5419,5.8592,0.3516,0.2344,0.5556,0.159,0.0,0.5,1.1718,2.1093,0,LkeMmNWC8pqiTtu7cM6VzjvTYLTqR05hR9TYcfDgE8EJloUwN9vTasW1P2A5bYKr4IEx7ovQkLDwgg,BR1_3277476398,16.17,13.724,9.08,8.534,1
7.8438,0.4043,0.1617,0.125,0.1525,1,0.0,0.0809,0.6469,11.0817,0.6332,0.0792,0.4,0.2887,6.0,0.0,0.4749,1.1873,8.2393,0.2154,0.2693,0.375,0.2568,1.0,0.087,0.3231,0.8616,0,LkeMmNWC8pqiTtu7cM6VzjvTYLTqR05hR9TYcfDgE8EJloUwN9vTasW1P2A5bYKr4IEx7ovQkLDwgg,BR1_3277455277,16.17,12.367,12.633,18.57,0
5.0714,0.2143,0.1429,0.2222,0.268,0,0.0,0.1429,0.6429,6.8182,0.3636,0.2727,0.3333,0.1624,1.0,0.125,0.4545,1.3636,5.796,0.3344,0.3344,0.6667,0.1854,0.0,0.1429,0.2229,0.3344,0,eYdaiaqkZzhgdlzCj3bRMKSFDhrhPYHam7fQh8m56JshtEaUpFd6legmgrbBbgjwlhE0-mnQDd0lFg,BR1_3276938766,16.17,14.0,11.0,8.972,0
6.0714,0.3571,0.2857,0.3077,0.2209,2,0.25,0.2857,0.9286,6.613,0.6012,0.2004,0.3333,0.2295,1.0,0.1429,0.501,1.503,4.0817,0.7849,0.471,0.4444,0.1837,0.0,0.0769,0.628,1.4129,0,eYdaiaqkZzhgdlzCj3bRMKSFDhrhPYHam7fQh8m56JshtEaUpFd6legmgrbBbgjwlhE0-mnQDd0lFg,BR1_3276562364,16.17,14.0,9.98,6.37,0
6.5,0.2857,0.1429,0.2143,0.1398,1,0.0,0.2143,1.0,6.618,0.4487,0.5608,0.2353,0.1749,1.0,0.2,0.4487,1.9069,4.3853,0.4385,0.2924,0.3333,0.1388,1.0,0.0,0.6578,1.9734,0,nGRnYiE8yWR9hw73O9fk6YZHHgzc-34G4e26UJUZYt-HSI3nmhSPSWNLXZD4IvMqlgmre0LGIG0omQ,BR1_3277509915,16.17,14.0,8.915,13.682,1
7.4187,0.3747,0.2248,0.1111,0.2571,1,0.0,0.0749,0.6744,4.9317,0.3216,0.7505,0.2727,0.2203,1.0,0.2857,0.3216,1.1793,14.8006,0.4111,0.2741,0.5833,0.2839,1.0,0.1111,0.9593,1.6445,0,-6XUzsNl8NsV8u68UuLtpXacrOQ-vDcqlDHf0YHJXzrDAuD_Kwt-WR3xLcCv9rmFmothxDEhGQ2gXw,BR1_3277172134,16.17,13.345,9.328,7.297,0
4.9286,0.2143,0.2857,0.1538,0.1194,0,0.0,0.1429,0.9286,7.5455,0.4545,0.2727,0.2667,0.1641,1.0,0.2222,0.3636,1.3636,8.3529,0.4475,0.3729,0.7647,0.3606,1.0,0.2222,0.9695,1.2679,0,-6XUzsNl8NsV8u68UuLtpXacrOQ-vDcqlDHf0YHJXzrDAuD_Kwt-WR3xLcCv9rmFmothxDEhGQ2gXw,BR1_3276549420,16.17,14.0,11.0,13.408,0
7.3049,0.1538,0.0,0.4444,0.235,2,0.0,0.3076,0.692,7.5865,0.2501,0.2501,0.381,0.2169,4.0,0.3,0.6669,1.7507,7.4015,0.2741,0.0,0.3846,0.1222,0.0,0.0,1.3707,3.5637,1,ryeCyDMYkQWaYPE7vhedqnoH4hJ_Hu3k4VbrY8_dWTTjj656unKlEIbwRjDJXandB8I6ML2vRzw77Q,BR1_3277519630,16.17,13.005,11.995,3.648,1
6.8571,0.4286,0.2143,0.375,0.244,2,0.0,0.2143,0.5714,6.6742,0.6973,0.1992,0.1429,0.1041,2.0,0.0,0.1992,1.3946,4.8985,0.4779,0.5974,0.5,0.1203,0.0,0.1667,0.3584,0.7169,0,ryeCyDMYkQWaYPE7vhedqnoH4hJ_Hu3k4VbrY8_dWTTjj656unKlEIbwRjDJXandB8I6ML2vRzw77Q,BR1_3277388791,16.17,14.0,10.039,8.37,0
6.8052,0.3025,0.0756,0.6667,0.3932,3,0.0,0.3025,0.4537,7.5895,0.5116,0.2558,0.4286,0.3464,1.0,0.125,0.2558,0.5969,7.8836,0.5054,0.4043,0.4,0.3321,4.0,0.0,0.6064,1.5161,0,4N0GZWFVvJPf914bmNc_3SwVYU7d90B6e3g5jDJjpto4qgPopvSq81ziFkq4worOnKOA8R_N5J3iaQ,BR1_3277041439,16.17,13.225,11.727,9.894,1
8.2377,0.1791,0.0,0.375,0.1866,1,0.25,0.2686,0.7163,7.0128,0.1446,0.2892,0.3684,0.2331,2.0,0.2727,0.5061,1.3736,6.6638,0.2563,0.3204,0.1765,0.1914,0.0,0.0,0.1922,1.0893,0,09bm31ZZmbKetE55McFQD5yLIFAELShq3HvLhAcSYSaAx-BnhztE8mGKGyZGk_UeTyRo6nTDig2vww,BR1_3278933206,16.17,11.168,13.832,15.607,1
7.6134,0.2284,0.0,0.0,0.115,0,0.0,0.0,0.6091,5.6528,0.4348,0.2174,0.3333,0.1177,0.0,0.0,0.5435,1.6306,5.5034,0.4438,0.2663,0.5385,0.1524,0.0,0.0769,0.6213,1.1539,0,09bm31ZZmbKetE55McFQD5yLIFAELShq3HvLhAcSYSaAx-BnhztE8mGKGyZGk_UeTyRo6nTDig2vww,BR1_3278856294,16.17,13.135,9.199,11.266,0
8.0626,0.3062,0.2041,0.2857,0.1826,2,0.0,0.4082,1.4288,6.1939,0.3519,0.1408,0.4706,0.2726,2.0,0.2,0.5631,1.1966,8.2735,0.2236,0.0,0.25,0.2671,0.0,0.5556,0.4472,1.7889,0,09bm31ZZmbKetE55McFQD5yLIFAELShq3HvLhAcSYSaAx-BnhztE8mGKGyZGk_UeTyRo6nTDig2vww,BR1_3278843401,16.17,9.798,14.207,4.472,1
8.1689,0.0888,0.0888,0.0,0.2711,0,0.0,0.0,0.3552,6.1373,0.4976,0.1659,0.4,0.2239,1.0,0.0,0.3317,0.8294,8.7352,0.3565,0.1783,0.6667,0.237,2.0,0.0,1.0696,1.6044,0,09bm31ZZmbKetE55McFQD5yLIFAELShq3HvLhAcSYSaAx-BnhztE8mGKGyZGk_UeTyRo6nTDig2vww,BR1_3278789051,16.17,11.262,12.057,5.609,1
5.1636,0.1455,0.2182,0.4,0.1975,1,0.5,0.4364,1.0909,5.5233,0.3249,0.3249,0.3,0.1923,1.0,0.1,0.3249,1.083,8.3936,0.3449,0.23,0.375,0.1054,1.0,0.0,0.3449,0.9198,0,fApJlFpLSQTSRxw5gtRG-z_eRyLMEpBAcKsUrZByLz_XvotI2qazPuHiSzqghDyzamWI14nAhbkL5A,BR1_3277267746,16.17,13.75,9.234,8.697,0
4.8571,0.2857,0.1429,0.3077,0.1119,0,0.2,0.2857,0.9286,6.4545,0.4545,0.0,0.2,0.0668,1.0,0.1,0.2727,1.3636,5.7988,0.0,0.0,0.4545,0.0955,0.0,0.0,0.9061,1.9933,0,pJezDKxYj8RawNPmKPGBeAJYusKIj8Oi_HGJvWbqKLSt6Wcue6hsD2o7_jIvjhvl49XeUVcr6yINew,BR1_3277898643,16.17,14.0,11.0,5.518,1
5.5433,0.2342,0.1562,0.0,0.0926,0,0.0,0.0,1.1711,8.2109,1.2316,0.0,0.3333,0.1114,0.0,0.0,0.4105,1.2316,,,,,,,,,,0,pJezDKxYj8RawNPmKPGBeAJYusKIj8Oi_HGJvWbqKLSt6Wcue6hsD2o7_jIvjhvl49XeUVcr6yINew,BR1_3277885552,16.17,12.808,2.436,0.0,1
5.5622,0.409,0.2454,0.5,0.3146,3,0.0,0.5726,1.1452,4.1488,0.3914,0.2348,0.6111,0.3053,0.0,0.1538,0.8611,1.409,5.4742,0.3732,0.2488,0.6667,0.3479,0.0,0.0833,0.7465,1.1197,1,-gronE7p9-OF4HYIAfdg80lF-qf4VB9uiACYK0VF3X2RmMudvf-cGxSHUb9YmSZx0_PF3xoNfBp8pQ,BR1_3278348205,16.17,12.225,12.775,8.038,0
5.8052,0.4466,0.2233,0.7647,0.3251,3,0.0,0.9675,1.2652,5.5346,0.8648,0.4324,0.4545,0.2727,0.0,0.0,0.4324,0.9513,4.6535,0.8256,0.5254,0.375,0.1735,2.0,0.1053,0.6755,1.8013,0,__nMeblGZMNFr2Jodt-xrS54ceuP1-fEocc2vsPsdUPB7AfZNbTaKFqeqynLkUSlaZ-7P02AmhSBnA,BR1_3277556373,16.17,13.436,11.564,13.323,1
5.0,0.3571,0.2143,0.3333,0.2203,0,0.0,0.2857,0.8571,5.3636,0.5455,0.2727,0.5263,0.235,1.0,0.1429,0.9091,1.7273,4.2347,0.8863,0.197,0.4286,0.2327,1.0,0.5,0.8863,2.0681,0,__nMeblGZMNFr2Jodt-xrS54ceuP1-fEocc2vsPsdUPB7AfZNbTaKFqeqynLkUSlaZ-7P02AmhSBnA,BR1_3277131121,16.17,14.0,11.0,10.154,1
5.2731,0.37,0.4626,0.4,0.1141,0,0.0,0.37,0.9251,6.8561,0.5194,0.3116,0.1429,0.2002,0.0,0.2,0.1039,0.7272,,,,,,,,,,0,__nMeblGZMNFr2Jodt-xrS54ceuP1-fEocc2vsPsdUPB7AfZNbTaKFqeqynLkUSlaZ-7P02AmhSBnA,BR1_3277112658,16.17,10.81,9.626,0.0,0
6.9238,0.2926,0.0975,0.25,0.1553,0,0.0,0.195,0.7801,10.1862,0.3664,0.0,0.4286,0.2395,3.0,0.3333,0.6595,1.5389,8.5287,0.1333,0.3998,0.2941,0.1814,0.0,0.1818,0.6663,2.2654,0,oLPxxq4_cvzt9zFUVR4qRXZ26L6fbUN8VhWfN7dxPb-ZdLO5KODNdBYYOF3GrtFYu9zGPYxzyTCXnA,BR1_3277948818,16.17,10.254,13.646,7.504,1
5.7857,0.2857,0.2143,0.125,0.2061,0,0.0,0.0714,0.5714,9.3636,0.2727,0.2727,0.619,0.3178,2.0,0.25,1.1818,1.9091,8.3416,0.6212,0.0887,0.5789,0.316,1.0,0.0,0.9761,1.6861,0,oLPxxq4_cvzt9zFUVR4qRXZ26L6fbUN8VhWfN7dxPb-ZdLO5KODNdBYYOF3GrtFYu9zGPYxzyTCXnA,BR1_3277832330,16.17,14.0,11.0,11.269,1
7.4286,0.2143,0.0,0.5,0.3113,2,0.0,0.3571,0.7143,9.2727,0.1818,0.0909,0.5,0.2321,4.0,0.2222,0.7273,1.4545,9.4458,0.0,0.1476,0.6154,0.3878,3.0,0.0,1.1807,1.9187,0,oLPxxq4_cvzt9zFUVR4qRXZ26L6fbUN8VhWfN7dxPb-ZdLO5KODNdBYYOF3GrtFYu9zGPYxzyTCXnA,BR1_3277814076,16.17,14.0,11.0,6.775,1
6.8892,0.0774,0.1548,0.25,0.2619,0,0.0,0.0774,0.3096,5.8769,0.2483,0.4966,0.3125,0.1695,1.0,0.3,0.4139,1.3244,6.0795,0.3269,0.3269,0.5652,0.3172,1.0,0.1875,0.8498,1.5035,0,-f7Agba0pw7YD6Ls_ZG4K1YieTJTFopwIRH-l1-A1bbw8dwqU9g7t5ZhvIGnxNsaJN5FPv7WlFVStQ,BR1_3278946406,16.17,12.919,12.081,15.297,0
7.8343,0.0,0.1073,0.0,0.1402,0,0.0,0.0,0.7512,7.0729,0.3368,0.2526,0.4286,0.1574,0.0,0.125,0.5052,1.1788,8.1172,0.3775,0.2832,0.5556,0.2587,1.0,0.2308,0.4719,0.8495,0,-f7Agba0pw7YD6Ls_ZG4K1YieTJTFopwIRH-l1-A1bbw8dwqU9g7t5ZhvIGnxNsaJN5FPv7WlFVStQ,BR1_3278836727,16.17,9.318,11.876,10.595,0
7.7397,0.1596,0.0798,0.3333,0.2669,0,0.0,0.2394,0.7181,6.2891,0.5469,0.0911,0.5185,0.2339,4.0,0.3125,1.276,2.4609,3.673,0.2449,0.4897,0.375,0.4198,2.0,0.125,0.7346,1.959,0,-f7Agba0pw7YD6Ls_ZG4K1YieTJTFopwIRH-l1-A1bbw8dwqU9g7t5ZhvIGnxNsaJN5FPv7WlFVStQ,BR1_3278739588,16.17,12.533,10.971,4.084,1
7.5452,0.4921,0.164,0.0,0.1061,0,0.0,0.0,0.6561,7.0275,0.6247,0.2343,0.1538,0.0606,0.0,0.2308,0.1562,1.0151,7.859,0.5016,0.3344,0.3333,0.14,0.0,0.0,0.5016,1.5049,0,Y7j4OUSgSTbDnQj2xNv6zSbwWDUePRGjMHEgcvrt51bn0nqG1CE9UILuHXZe-KOo0hEFnAx17yCGtw,BR1_3277795515,16.17,12.193,12.807,5.98,1
5.9286,0.2857,0.1429,0.2857,0.3116,2,0.2,0.1429,0.5,7.4103,0.469,0.1876,0.5,0.2162,1.0,0.1818,0.469,0.938,4.0532,0.3954,0.4943,0.25,0.2291,0.0,0.0714,0.1977,0.7909,0,p0nOiO2W5leICgX7QD3bBHshU6WutlhEp8rKWLpXDjnSgAAOUP7wuRGxguENIcyH-d2mpjZeBfy9Ng,BR1_3277973858,16.17,14.0,10.661,10.115,0
5.2301,0.2906,0.1453,0.625,0.2286,1,0.0,0.3632,0.5811,7.5666,0.2671,0.2671,0.5,0.3085,2.0,0.125,0.5341,1.0682,7.5466,0.2795,0.0,0.1111,0.1784,0.0,0.1111,0.2795,2.5155,0,p0nOiO2W5leICgX7QD3bBHshU6WutlhEp8rKWLpXDjnSgAAOUP7wuRGxguENIcyH-d2mpjZeBfy9Ng,BR1_3277959139,16.17,13.766,11.234,3.578,1
5.2857,0.2143,0.1429,0.6364,0.4182,4,0.0,0.5,0.7857,4.1818,0.4545,0.3636,0.5,0.4472,3.0,0.2,1.0,2.0,5.1136,0.3409,0.5114,0.3333,0.1883,0.0,0.5714,0.5114,1.5341,0,p0nOiO2W5leICgX7QD3bBHshU6WutlhEp8rKWLpXDjnSgAAOUP7wuRGxguENIcyH-d2mpjZeBfy9Ng,BR1_3277912904,16.17,14.0,11.0,5.867,0
4.4525,0.106,0.5301,0.0714,0.2162,1,0.0,0.106,1.4842,6.5611,0.4058,0.1353,0.3,0.2017,1.0,0.1818,0.4058,1.3528,8.4298,0.0,0.2479,0.3,0.1497,1.0,0.2857,0.7438,2.4793,0,p0nOiO2W5leICgX7QD3bBHshU6WutlhEp8rKWLpXDjnSgAAOUP7wuRGxguENIcyH-d2mpjZeBfy9Ng,BR1_3277899131,16.17,9.433,14.784,4.033,1
6.2143,0.3571,0.0714,0.25,0.2257,0,0.0,0.1429,0.5714,6.8182,0.4545,0.0909,0.6316,0.2676,0.0,0.125,1.0909,1.7273,3.9863,0.2453,0.3066,0.75,0.1955,0.0,0.2941,0.7359,0.9813,0,Bzziz0b6t-vgXUiegDFpDEISSj4YAF6HQKDNxnj0WdCBBBV5-7tUidU8qmaHVMtxVhUC9-nsp0LCmg,BR1_3277746069,16.17,14.0,11.0,16.306,0
7.3026,0.2259,0.0753,0.4706,0.3373,7,0.0,0.6023,1.2798,7.7215,0.0,0.0,0.625,0.6205,2.0,0.6667,2.413,3.8608,,,,,,,,,,0,MtqUfLZHktrtzMYKJysQB2dyB9AhYInEkOsKkWfL-dT-BzdQx99thjWz45gIB9QnXdvkn-en1lGtYw,BR1_3278995013,16.17,13.283,2.072,0.0,1
6.3223,0.4683,0.3122,0.4,0.1728,1,0.0,0.3122,0.7805,9.0251,0.4923,0.3282,0.7,0.3538,4.0,0.0,1.1486,1.6409,2.4352,0.2214,0.6642,0.75,0.2974,2.0,0.0,0.6642,0.8855,0,MtqUfLZHktrtzMYKJysQB2dyB9AhYInEkOsKkWfL-dT-BzdQx99thjWz45gIB9QnXdvkn-en1lGtYw,BR1_3278978245,16.17,12.812,12.188,4.517,0
5.2548,0.2502,0.5005,0.3571,0.2908,2,0.0,0.4171,1.1677,4.9851,0.5915,0.507,0.6111,0.2694,1.0,0.0833,0.9294,1.5209,7.7343,0.6941,0.2975,0.375,0.2509,3.0,0.0588,0.5949,1.5865,0,MtqUfLZHktrtzMYKJysQB2dyB9AhYInEkOsKkWfL-dT-BzdQx99thjWz45gIB9QnXdvkn-en1lGtYw,BR1_3278849952,16.17,11.989,11.835,20.17,0
4.2857,0.0714,0.2143,0.1667,0.1644,0,0.2,0.0714,0.4286,6.0,0.4545,0.6364,0.0,0.031,0.0,0.125,0.0,1.3636,4.5972,0.9194,0.4086,0.0625,0.0316,1.0,0.0,0.1022,1.6346,0,3fbQ32lAKsnfFvI2SOhWssxFcHd0D5vY5vkEZPKjg981uSkEo7cpXXtE1BOfDgHngXqjaG6SweyGXg,BR1_3278658700,16.17,14.0,11.0,9.789,0
5.0203,0.1545,0.3862,0.375,0.3071,3,0.0,0.2317,0.6179,7.1354,0.4148,0.3319,0.1875,0.2095,1.0,0.1,0.2489,1.3275,7.3134,0.3265,0.3265,0.2778,0.2019,1.0,0.0,0.3265,1.1754,1,5cWFgguciktyAA1To8ISo5nAaWCRumkFT3HQ-uvttkOvUvlfaInRvf4RuGLb4EK54iBf_IN_M8mbTA,BR1_3278449713,16.17,12.947,12.053,15.314,0
8.5533,0.1901,0.0,0.5,0.3129,4,0.0,0.7603,1.5206,8.6157,0.2904,0.0968,0.4815,0.3365,4.0,0.3077,1.2585,2.6137,,,,,,,,,,1,5cWFgguciktyAA1To8ISo5nAaWCRumkFT3HQ-uvttkOvUvlfaInRvf4RuGLb4EK54iBf_IN_M8mbTA,BR1_3277679520,16.17,10.522,10.33,0.0,1
7.8245,0.0931,0.1863,0.1875,0.2576,1,0.0,0.2794,1.4904,8.5074,0.1791,0.5373,0.2632,0.238,0.0,0.1,0.4478,1.7015,11.1484,0.3655,0.0,0.4118,0.2025,2.0,0.3333,1.2793,3.1069,1,5cWFgguciktyAA1To8ISo5nAaWCRumkFT3HQ-uvttkOvUvlfaInRvf4RuGLb4EK54iBf_IN_M8mbTA,BR1_3277532608,16.17,10.735,11.167,5.472,1
7.0,0.4286,0.1429,0.5,0.2828,3,0.0,0.3571,0.7143,8.5455,0.4545,0.2727,0.3333,0.3163,0.0,0.0,0.3636,1.0909,5.9165,0.1972,0.1972,1.0,0.4413,0.0,0.0,0.9861,0.9861,1,leXCjZ7TWeHZcUapb1KrlfWNOaKTQx-TiCZhHgvTkKMI5fPIU-JL-m6hj2V1BBcfIyCG_xW0gjn_wg,BR1_3277840367,16.17,14.0,11.0,5.071,0
7.2082,0.5256,0.3003,0.25,0.3204,0,0.0,0.0751,0.3003,7.7043,0.6848,0.3424,0.6667,0.3569,0.0,0.0,0.3424,0.5136,12.5379,0.0,0.6965,0.0,0.3443,0.0,0.2,0.0,0.6965,0,leXCjZ7TWeHZcUapb1KrlfWNOaKTQx-TiCZhHgvTkKMI5fPIU-JL-m6hj2V1BBcfIyCG_xW0gjn_wg,BR1_3277827324,16.17,13.318,11.682,1.436,0
6.0743,0.5999,0.15,0.6667,0.2824,2,0.5,0.7499,1.1249,7.1733,0.4782,0.2869,0.5385,0.3528,1.0,0.1111,0.6695,1.2434,10.6846,0.6194,0.3097,0.25,0.2873,1.0,0.0,0.1548,0.6194,0,_BvLLmDMAhdMtRqdQXB1hB5QvprWR-nwvyiEwOLrsdXzI6338qYTX_JQlBMem90oLz4j0atuf2D5RQ,BR1_3278849741,16.17,13.335,10.455,6.458,0
9.0359,0.3316,0.0,0.5455,0.2861,4,0.0,0.4974,0.9119,8.5027,0.5411,0.1546,0.6154,0.3269,1.0,0.3,0.6184,1.0049,5.8499,0.9,0.375,0.5484,0.3923,6.0,0.1667,1.275,2.325,0,-p7j0FrTl6rUQCytHSiLLO_KmTJdpt8VM3t6xkEuRYfFYPcWA09MVLMwT54sS-3ljXWcmB1Kdt_z_g,BR1_3277997783,16.17,12.063,12.937,13.334,1
4.3776,0.2264,0.3019,0.6667,0.2754,3,0.0,0.3019,0.4529,2.0443,0.5451,0.6814,0.4286,0.352,0.0,0.1429,0.4089,0.954,,,,,,,,,,0,-p7j0FrTl6rUQCytHSiLLO_KmTJdpt8VM3t6xkEuRYfFYPcWA09MVLMwT54sS-3ljXWcmB1Kdt_z_g,BR1_3277628002,16.17,13.249,7.337,0.0,0
5.4286,0.2143,0.3571,0.3,0.2101,1,0.0,0.2143,0.7143,4.4545,0.4545,0.2727,0.5,0.1861,0.0,0.2222,0.7273,1.4545,4.1793,0.2882,0.2882,0.7857,0.2071,0.0,0.0,1.5852,2.0176,0,XjFyLtd4hX_LdEygDsjBLe-g78pKVDIPQ7V4OMNSeSMvY9Z08otpMSMO1NXcLFc2BwXJ_wDUu3yngw,BR1_3278288520,16.17,14.0,11.0,6.939,1
5.028,0.2285,0.2285,0.2727,0.2431,3,0.0,0.2285,0.838,6.135,0.6135,0.409,1.0,0.1716,0.0,0.0,0.409,0.409,,,,,,,,,,0,XjFyLtd4hX_LdEygDsjBLe-g78pKVDIPQ7V4OMNSeSMvY9Z08otpMSMO1NXcLFc2BwXJ_wDUu3yngw,BR1_3278081835,16.17,13.127,4.89,0.0,0
5.0939,0.2152,0.1435,0.1111,0.25,1,0.0,0.0717,0.6457,6.961,0.5424,0.1808,0.1875,0.1203,0.0,0.0,0.2712,1.4464,5.0955,0.5226,0.2613,0.5,0.1757,0.0,0.1,1.0452,2.0905,0,aVPRVa6k4cFwxk4Rt397ELTwQ3YVjiHtha8AHrHFDlXybW_pWqbI0knwu6elLle1x_-AIrIMBPfXaA,BR1_3278617948,16.17,13.938,11.062,7.654,1
7.0,0.2857,0.2857,0.4,0.1708,0,0.0,0.1429,0.3571,8.4545,0.5455,0.1818,0.2,0.2044,0.0,0.1,0.0909,0.4545,7.5436,0.321,0.1605,0.5,0.2754,0.0,0.0,0.4815,0.963,0,f_NJuIPV9DVB7ag3nRxCJIAjY0pV1weOoLNsXBthzDio-joiTQvrAlLbLoI4JZ__TLMC8rZ7nonbag,BR1_3278979942,16.17,14.0,11.0,6.23,0
6.6429,0.2857,0.2857,0.3333,0.1738,1,0.4,0.2857,0.8571,9.1818,0.3636,0.3636,0.5,0.3218,3.0,0.0714,0.8182,1.6364,5.6769,0.4603,0.4603,0.5,0.1792,0.0,0.1111,0.9206,1.8412,0,f_NJuIPV9DVB7ag3nRxCJIAjY0pV1weOoLNsXBthzDio-joiTQvrAlLbLoI4JZ__TLMC8rZ7nonbag,BR1_3278778841,16.17,14.0,11.0,6.518,1
8.3625,0.1779,0.089,0.4,0.306,3,0.0,0.5338,1.3344,7.7143,0.417,0.2085,0.6154,0.427,4.0,0.2222,0.834,1.3552,8.4505,0.338,0.2253,0.3333,0.2869,0.0,0.3636,0.5634,1.6901,1,f_NJuIPV9DVB7ag3nRxCJIAjY0pV1weOoLNsXBthzDio-joiTQvrAlLbLoI4JZ__TLMC8rZ7nonbag,BR1_3278776619,16.17,11.241,9.593,8.875,1
6.4116,0.6233,0.3562,0.7,0.4342,3,0.0,0.6233,0.8905,7.4799,0.8714,0.3631,0.2,0.2235,1.0,0.0,0.3631,1.8155,14.0886,0.4943,0.4943,0.3333,0.2513,1.0,0.0,0.2472,0.7415,1,yaessDgp-oxFecc9-K9n5xrqJGS824ltKm3CNEBBvWGIjYjpmd8T-F7NLjdL6wqOuN-7hN25Cn7Pig,BR1_3278856278,16.17,11.23,13.77,4.046,0
7.0714,0.2143,0.3571,0.0,0.2254,0,0.25,0.0,0.5,9.5455,0.5455,0.1818,0.0,0.1882,0.0,0.0,0.0,0.2727,12.3519,0.66,0.1886,0.1875,0.1636,0.0,0.125,0.2829,1.5086,0,yaessDgp-oxFecc9-K9n5xrqJGS824ltKm3CNEBBvWGIjYjpmd8T-F7NLjdL6wqOuN-7hN25Cn7Pig,BR1_3278845408,16.17,14.0,11.0,10.606,1
6.722,0.5042,0.084,0.8333,0.4189,4,0.0,0.8403,1.0083,7.0235,0.9161,0.229,0.7857,0.4612,5.0,0.1538,0.8398,1.0688,9.1205,0.8291,0.4146,0.75,0.5383,5.0,0.0,0.8291,1.1055,0,yaessDgp-oxFecc9-K9n5xrqJGS824ltKm3CNEBBvWGIjYjpmd8T-F7NLjdL6wqOuN-7hN25Cn7Pig,BR1_3278771990,16.17,11.901,13.099,14.473,0
6.3894,0.5477,0.4564,0.4444,0.3127,3,0.0,0.3651,0.8215,5.1978,0.8544,0.356,0.4815,0.2784,3.0,0.0,0.9256,1.9225,9.3403,0.8035,0.3013,0.2143,0.2205,2.0,0.1333,0.3013,1.4061,1,yaessDgp-oxFecc9-K9n5xrqJGS824ltKm3CNEBBvWGIjYjpmd8T-F7NLjdL6wqOuN-7hN25Cn7Pig,BR1_3278774205,16.17,10.956,14.044,9.957,1
5.8571,0.5714,0.4286,0.5263,0.3726,5,0.0,0.7143,1.3571,6.8144,1.0129,0.2763,0.5263,0.4436,3.0,0.1,0.9209,1.7496,8.8875,0.9998,0.3333,0.6316,0.3912,1.0,0.0,1.3331,2.1108,0,yaessDgp-oxFecc9-K9n5xrqJGS824ltKm3CNEBBvWGIjYjpmd8T-F7NLjdL6wqOuN-7hN25Cn7Pig,BR1_3278768972,16.17,14.0,10.859,9.001,1
6.254,0.3523,0.2643,0.4444,0.2375,0,0.25,0.3523,0.7928,4.7502,0.108,0.4318,0.6667,0.1819,1.0,0.2222,0.6477,0.9716,11.004,0.3439,0.0,0.7778,0.2857,1.0,0.3636,1.2036,1.5474,0,0wiuRSne8PnmOWZ9WpsJ3AoMtQWpBKupMGm3ocrfN7HY3qCe7SnioPjioVEWwtLAWsSH1jBDw6YuVA,BR1_3278516341,16.17,11.353,9.263,5.816,0
8.1429,0.2857,0.0714,0.4,0.2621,1,0.0,0.2857,0.7143,6.3636,0.6364,0.1818,0.5556,0.3505,2.0,0.0909,0.9091,1.6364,7.6285,0.4768,0.2384,0.3333,0.1416,0.0,0.3636,0.4768,1.4303,0,xoScg3MFpFjP-r59i34uLg2ko2MBPwfQOBFgzQVVi7DAHC6YNAfHRotn6ioIll9BGERfGt1I0jlcPw,BR1_3278735910,16.17,14.0,11.0,8.39,1
8.5714,0.0714,0.1429,0.0,0.1306,0,0.0,0.0,0.5714,7.0116,0.3506,1.0517,1.0,0.2062,1.0,0.25,0.3506,0.3506,,,,,,,,,,0,xoScg3MFpFjP-r59i34uLg2ko2MBPwfQOBFgzQVVi7DAHC6YNAfHRotn6ioIll9BGERfGt1I0jlcPw,BR1_3278728935,16.17,14.0,2.852,0.0,0
6.9302,0.27,0.27,0.1111,0.2032,0,0.0,0.09,0.81,7.4462,0.4329,0.1732,0.5,0.2398,0.0,0.0,0.3463,0.6927,,,,,,,,,,0,xoScg3MFpFjP-r59i34uLg2ko2MBPwfQOBFgzQVVi7DAHC6YNAfHRotn6ioIll9BGERfGt1I0jlcPw,BR1_3278722553,16.17,11.111,11.55,0.0,0
7.5,0.4286,0.2143,0.5455,0.2567,2,0.25,0.4286,0.7857,6.6364,0.5455,0.0909,0.5,0.2717,5.0,0.1429,1.0909,2.1818,7.7061,1.1009,0.0,0.5,0.1505,0.0,0.0,1.1009,2.2018,1,xoScg3MFpFjP-r59i34uLg2ko2MBPwfQOBFgzQVVi7DAHC6YNAfHRotn6ioIll9BGERfGt1I0jlcPw,BR1_3278704607,16.17,14.0,11.0,2.725,1
8.0877,0.2941,0.0,0.1538,0.1684,2,0.0,0.147,0.9558,7.9831,0.3509,0.2632,0.3182,0.2195,4.0,0.0714,0.6141,1.93,3.5553,1.0158,0.0,0.8,0.1276,0.0,0.2,2.0316,2.5395,0,Nb3t9Dj8On1C-LUEOWtp-7DTV6RAWgS5ziXyOZJ_VqjPOQ5_KZt2S1FoPMMexmJHEem42Wdw_ZxFIw,BR1_3277952315,16.17,13.601,11.399,1.969,1
6.4831,0.4052,0.1013,0.2857,0.212,1,0.25,0.2026,0.7091,7.139,0.5288,0.1983,0.25,0.1852,1.0,0.0833,0.3305,1.322,3.3729,0.3373,0.3373,0.875,0.1993,0.0,0.2,1.1805,1.3492,0,Nb3t9Dj8On1C-LUEOWtp-7DTV6RAWgS5ziXyOZJ_VqjPOQ5_KZt2S1FoPMMexmJHEem42Wdw_ZxFIw,BR1_3277894435,16.17,9.872,15.128,11.859,0
6.7857,0.2857,0.1429,0.5,0.1619,0,0.0,0.5,1.0,6.5455,0.2727,0.1818,0.6522,0.2128,0.0,0.25,1.3636,2.0909,2.245,0.6123,0.2041,0.5833,0.2075,0.0,0.2,1.4286,2.4491,0,Nb3t9Dj8On1C-LUEOWtp-7DTV6RAWgS5ziXyOZJ_VqjPOQ5_KZt2S1FoPMMexmJHEem42Wdw_ZxFIw,BR1_3277811320,16.17,14.0,11.0,4.9,1
5.7857,0.2857,0.0714,0.3333,0.3628,1,0.25,0.2857,0.8571,7.3636,0.4545,0.1818,0.5333,0.2787,1.0,0.2222,0.7273,1.3636,4.9999,0.3846,0.2308,0.4062,0.1972,0.0,0.1667,0.5,1.2308,1,aLzinStw6qty-NupUaXWsIKMwUdXn_IGD2KVO6jCqckP_bsHy8JELUuoftlyw_vPgd_nFS0MA0UrJA,BR1_3278320120,16.17,14.0,11.0,26.0,0
6.6451,0.3127,0.3127,0.3333,0.2452,1,0.2,0.3127,0.9381,7.6995,0.4095,0.2457,0.5,0.2042,0.0,0.0769,0.3276,0.6553,4.7508,0.4242,0.3393,0.4,0.2631,1.0,0.1538,0.3393,0.8484,0,l5JwYvwjGuqS410CRVnDVuC59591cboZHuvJvJ2JPxi1dTQ-6Kt5C0TUpQm_ZHh7KM-5d7iMgJ4AQg,BR1_3278188199,16.17,12.791,12.209,11.787,0
6.2821,0.2191,0.073,0.2,0.1807,1,0.0,0.2191,1.0957,4.1555,0.2652,0.1768,0.7647,0.2097,0.0,0.2,1.1494,1.5031,7.4122,0.0,0.1215,0.4167,0.0934,0.0,0.2857,0.6076,1.4581,0,G6nvb6HdsREJKwRx0EdlvTARVu2tBVoUL8kenzHtYciRmgajYrNIAvsipy-gGtxn7LXlBzNgwtuDJA,BR1_3278808365,16.17,13.69,11.31,8.23,1
4.0404,0.0,0.2819,0.1538,0.1151,1,0.0,0.1879,1.2215,7.4299,0.1955,0.1955,0.1818,0.1027,1.0,0.0,0.391,2.1507,,,,,,,,,,0,G6nvb6HdsREJKwRx0EdlvTARVu2tBVoUL8kenzHtYciRmgajYrNIAvsipy-gGtxn7LXlBzNgwtuDJA,BR1_3278798714,16.17,10.643,5.114,0.0,1
5.2143,0.0714,0.1429,0.3889,0.251,1,0.0,0.5,1.2857,5.4545,0.3636,0.0909,0.3684,0.0913,0.0,0.0,0.6364,1.7273,5.0955,0.0,0.0,0.2667,0.0977,0.0,0.5,0.7028,2.6356,0,G6nvb6HdsREJKwRx0EdlvTARVu2tBVoUL8kenzHtYciRmgajYrNIAvsipy-gGtxn7LXlBzNgwtuDJA,BR1_3277752609,16.17,14.0,11.0,5.691,1
5.7061,0.2445,0.2445,0.2143,0.0878,0,0.0,0.2445,1.1412,5.1051,0.3927,0.3142,0.5,0.217,0.0,0.2,0.5498,1.0995,5.6853,0.4061,0.2707,0.6897,0.2466,1.0,0.25,1.3537,1.9628,0,G6nvb6HdsREJKwRx0EdlvTARVu2tBVoUL8kenzHtYciRmgajYrNIAvsipy-gGtxn7LXlBzNgwtuDJA,BR1_3277737781,16.17,12.268,12.732,14.775,1
6.2857,0.2857,0.0714,0.25,0.2263,0,0.0,0.1429,0.5714,5.8182,0.4545,0.3636,0.4286,0.1854,0.0,0.1667,0.2727,0.6364,4.8376,0.3721,0.7442,0.75,0.3282,0.0,0.0,1.1164,1.4885,0,cEcw_F7HeW8B1eB80cwV0gCkPeUyHLixbv9c30tlWd_gMa9gFsk-cnBQ47NyFROzscCjoTfnj6YDIw,BR1_3279037360,16.17,14.0,11.0,2.687,0
5.0714,0.2857,0.3571,0.4444,0.2418,1,0.0,0.2857,0.6429,7.3636,0.6364,0.0909,0.6,0.2515,1.0,0.2222,0.8182,1.3636,7.7805,0.5074,0.3383,0.1111,0.119,0.0,0.2,0.1691,1.5223,0,cEcw_F7HeW8B1eB80cwV0gCkPeUyHLixbv9c30tlWd_gMa9gFsk-cnBQ47NyFROzscCjoTfnj6YDIw,BR1_3279020482,16.17,14.0,11.0,5.912,1
6.9731,0.3576,0.0,0.5,0.2427,2,0.0,0.5364,1.0728,6.9494,0.4343,0.2172,0.3333,0.1998,2.0,0.4167,0.4343,1.303,4.6893,0.4019,0.268,0.32,0.1991,1.0,0.0,0.5359,1.6747,1,cEcw_F7HeW8B1eB80cwV0gCkPeUyHLixbv9c30tlWd_gMa9gFsk-cnBQ47NyFROzscCjoTfnj6YDIw,BR1_3279001524,16.17,11.186,13.814,14.928,1
4.6429,0.2857,0.2857,0.3158,0.2472,2,0.2,0.4286,1.3571,4.7519,0.4874,0.2437,0.7692,0.3466,1.0,0.125,1.2184,1.584,7.9095,0.0,0.1551,0.3684,0.2295,1.0,0.3333,0.5428,1.4733,0,cEcw_F7HeW8B1eB80cwV0gCkPeUyHLixbv9c30tlWd_gMa9gFsk-cnBQ47NyFROzscCjoTfnj6YDIw,BR1_3278979777,16.17,14.0,8.207,12.896,1
4.5861,0.3988,0.0997,0.3333,0.2001,1,0.0,0.0997,0.2991,4.8132,0.382,0.382,0.4444,0.2615,1.0,0.0,0.6112,1.3752,,,,,,,,,,0,Lxn06Bvv2VVm2DJrmbUnV7d7Wt2vL50wHcSLkhBEUg62J5UBl3yRjxegEnFE-jIRIpNpPBhnxQ_IZQ,BR1_3277462882,16.17,10.03,13.089,0.0,0
5.3571,0.4286,0.2143,0.4615,0.2078,0,0.25,0.4286,0.9286,5.2588,0.3944,0.3944,0.4,0.1642,0.0,0.1111,0.5259,1.3147,6.435,0.4387,0.2194,0.7391,0.1782,0.0,0.0556,1.2431,1.6819,0,Lxn06Bvv2VVm2DJrmbUnV7d7Wt2vL50wHcSLkhBEUg62J5UBl3yRjxegEnFE-jIRIpNpPBhnxQ_IZQ,BR1_3277448256,16.17,14.0,7.606,13.675,1
3.5714,0.5,0.1429,0.5,0.1903,0,1.0,0.3571,0.7143,3.1818,0.4545,0.1818,0.7059,0.2131,0.0,0.1111,1.0909,1.5455,4.8555,0.5395,0.1349,0.8182,0.2162,0.0,0.2308,1.2139,1.4836,0,Lxn06Bvv2VVm2DJrmbUnV7d7Wt2vL50wHcSLkhBEUg62J5UBl3yRjxegEnFE-jIRIpNpPBhnxQ_IZQ,BR1_3277412119,16.17,14.0,11.0,7.414,1
5.5823,0.3145,0.4717,0.1429,0.1625,0,0.0,0.0786,0.5504,4.9669,0.6514,0.4071,0.35,0.2128,0.0,0.1,0.57,1.6285,3.9026,0.6004,0.4503,0.4211,0.1499,0.0,0.2857,1.2008,2.8519,0,vgII0fiQev_rgElKfpQWdyFfuvQXYXQ3gFstq1-i_Io_yrrxqiAF-0lEAUFT2hdmsCjJxgaPjb2wZQ,BR1_3278826453,16.17,12.719,12.281,6.662,1
5.0,0.4286,0.2143,0.25,0.2374,1,0.0,0.1429,0.5714,3.9091,0.4545,0.5455,0.25,0.1766,0.0,0.1111,0.3636,1.4545,1.6557,0.4731,0.5913,0.5294,0.1805,2.0,0.0,1.0644,2.0105,0,vgII0fiQev_rgElKfpQWdyFfuvQXYXQ3gFstq1-i_Io_yrrxqiAF-0lEAUFT2hdmsCjJxgaPjb2wZQ,BR1_3278776452,16.17,14.0,11.0,8.455,1
9.5714,0.2857,0.0,0.3333,0.1894,0,0.0,0.4286,1.2857,10.3356,0.3299,0.3299,0.4,0.2665,3.0,0.125,0.8796,2.1991,8.4855,0.5893,0.2357,0.5714,0.2054,1.0,0.1667,1.4142,2.4749,0,KeotjaqLDlWlJyxp6JsgnvbOzrdowD9wMvcNGefo0SymRIHGU6FVF8aZC1v7qfu0AtSssSjU9HHQjQ,BR1_3278834530,16.17,14.0,9.095,8.485,1
6.3503,0.4704,0.3136,0.5,0.2763,1,0.0,0.0784,0.1568,7.9218,0.5717,0.49,0.2727,0.1569,2.0,0.0,0.245,0.8983,8.794,0.6514,0.6514,0.75,0.1445,0.0,0.2857,0.9771,1.3028,0,KeotjaqLDlWlJyxp6JsgnvbOzrdowD9wMvcNGefo0SymRIHGU6FVF8aZC1v7qfu0AtSssSjU9HHQjQ,BR1_3278717395,16.17,12.755,12.245,3.07,0
6.8855,0.2347,0.0782,0.2857,0.2799,2,0.0,0.4695,1.6431,8.5244,0.1795,0.2692,0.4091,0.3129,7.0,0.25,0.8076,1.9741,4.6699,0.5189,0.2594,0.5,0.3114,2.0,0.2,1.0378,2.0755,0,WlmERaSw229y8QuxfrJm9-DCCF0Tp97VS8vgSuefjzQiDop_vOkGsrZAmkD1ZYgRdgC_Zp6f0uY8Fw,BR1_3277878967,16.17,12.781,11.145,3.854,1
6.0,0.3571,0.0714,0.6,0.3741,5,0.0,0.6429,1.0714,8.0909,0.7273,0.0909,0.3871,0.2914,3.0,0.1429,1.0909,2.8182,1.9644,0.0,0.4911,0.2,0.2274,1.0,0.0,0.4911,2.4556,0,UR9U3MX5RIWRASgWPUkv8uz0p-YNd6cCJzipBKUey4y9ADcpJmtTpM-GSD_PynqNNirt5OsBJaYhVQ,BR1_3278631577,16.17,14.0,11.0,2.036,1
6.5,0.3571,0.0714,0.5,0.2813,5,0.2,0.5714,1.1429,5.3636,0.2727,0.2727,0.7778,0.352,2.0,0.0769,0.6364,0.8182,4.1613,0.0,0.2561,0.6522,0.365,3.0,0.0769,0.9603,1.4724,0,UR9U3MX5RIWRASgWPUkv8uz0p-YNd6cCJzipBKUey4y9ADcpJmtTpM-GSD_PynqNNirt5OsBJaYhVQ,BR1_3278592757,16.17,14.0,11.0,15.62,1
5.5001,0.3235,0.3235,0.1538,0.1335,0,0.0,0.1618,1.0515,4.2733,0.4748,0.3957,0.1613,0.122,0.0,0.1538,0.3957,2.4532,3.6432,0.7286,0.3643,0.2083,0.1402,0.0,0.0,0.6072,2.9146,0,UR9U3MX5RIWRASgWPUkv8uz0p-YNd6cCJzipBKUey4y9ADcpJmtTpM-GSD_PynqNNirt5OsBJaYhVQ,BR1_3278216879,16.17,12.363,12.637,8.235,1
6.9286,0.3571,0.0714,0.6,0.0989,1,0.0,0.2143,0.3571,4.8689,0.4773,0.3819,0.2,0.258,1.0,0.1111,0.0955,0.4773,0.8212,0.4106,0.8212,0.0,0.4959,0.0,0.1111,0.0,0.0,0,UR9U3MX5RIWRASgWPUkv8uz0p-YNd6cCJzipBKUey4y9ADcpJmtTpM-GSD_PynqNNirt5OsBJaYhVQ,BR1_3277926448,16.17,14.0,10.475,2.435,0
6.8571,0.2857,0.0714,0.25,0.1664,1,0.6,0.2857,1.1429,9.3636,0.4545,0.1818,0.2105,0.1171,0.0,0.1667,0.3636,1.7273,4.3056,0.3959,0.2969,0.4333,0.234,2.0,0.2222,0.6434,1.4847,1,0yi4FtzLju7lRp2KKgNUgtZQXLkaDFsEZ2p5zFzpq8JtUE_36AK_Ka-_Ae-w0DKTIJaTmTModlay-A,BR1_3278575093,16.17,14.0,11.0,20.206,0
8.4298,0.3602,0.072,0.3636,0.216,1,0.2,0.2882,0.7925,8.4527,0.4496,0.0899,0.3571,0.175,1.0,0.1,0.4496,1.2589,6.4224,0.4654,0.2792,0.7778,0.4398,3.0,0.0,1.3031,1.6754,0,0yi4FtzLju7lRp2KKgNUgtZQXLkaDFsEZ2p5zFzpq8JtUE_36AK_Ka-_Ae-w0DKTIJaTmTModlay-A,BR1_3278270677,16.17,13.879,11.121,10.744,0
6.9516,0.2242,0.2242,0.0769,0.2783,0,0.0,0.0747,0.9717,4.9045,0.1721,0.1721,0.5,0.192,0.0,0.0714,0.4302,0.8604,36.4964,0.0,0.0,1.0,0.3771,0.0,,3.6496,3.6496,0,0yi4FtzLju7lRp2KKgNUgtZQXLkaDFsEZ2p5zFzpq8JtUE_36AK_Ka-_Ae-w0DKTIJaTmTModlay-A,BR1_3278234003,16.17,13.378,11.622,0.274,1
7.3867,0.2925,0.1463,0.6667,0.3765,4,0.0,0.5851,0.8776,6.5444,0.4742,0.2845,0.52,0.283,0.0,0.2857,1.233,2.3711,,,,,,,,,,1,0yi4FtzLju7lRp2KKgNUgtZQXLkaDFsEZ2p5zFzpq8JtUE_36AK_Ka-_Ae-w0DKTIJaTmTModlay-A,BR1_3277924433,16.17,13.673,10.543,0.0,1
6.5158,0.3066,0.0767,0.2308,0.2296,0,0.0,0.23,0.9965,8.1976,0.4182,0.2509,0.5625,0.3927,1.0,0.0625,0.7528,1.3384,6.1635,0.3387,0.2032,0.5263,0.2201,0.0,0.0,0.6773,1.2869,0,cs_SFTYDvtKSonFjgiaQTuCdyZvU8be1FlhNacWYDeME_GVzlXrNzCTLhF_6AtP9NoQag2yEohPYIQ,BR1_3278657950,16.17,13.045,11.955,14.764,1
6.3571,0.2857,0.0,0.6667,0.3518,1,0.0,0.7143,1.0714,9.0,0.3636,0.1818,0.4286,0.2369,2.0,0.1667,0.5455,1.2727,5.0239,1.0048,0.0,0.5,0.3732,0.0,0.4,0.5024,1.0048,0,cs_SFTYDvtKSonFjgiaQTuCdyZvU8be1FlhNacWYDeME_GVzlXrNzCTLhF_6AtP9NoQag2yEohPYIQ,BR1_3278643155,16.17,14.0,11.0,1.99,1
8.2637,0.4304,0.0,0.125,0.1578,2,0.0,0.1722,1.3773,6.4011,0.5334,0.2667,0.2,0.1903,1.0,0.1667,0.2667,1.3336,,,,,,,,,,0,cs_SFTYDvtKSonFjgiaQTuCdyZvU8be1FlhNacWYDeME_GVzlXrNzCTLhF_6AtP9NoQag2yEohPYIQ,BR1_3278627760,16.17,11.617,3.749,0.0,1
7.0,0.4286,0.0,0.6923,0.4477,4,0.0,0.6429,0.9286,5.4545,0.3636,0.1818,0.5833,0.4107,0.0,0.2,0.6364,1.0909,9.933,0.4967,0.3311,0.5833,0.3213,0.0,0.1,1.1589,1.9866,1,cs_SFTYDvtKSonFjgiaQTuCdyZvU8be1FlhNacWYDeME_GVzlXrNzCTLhF_6AtP9NoQag2yEohPYIQ,BR1_3278618052,16.17,14.0,11.0,6.04,1
8.0,0.2143,0.0714,0.0,0.1926,0,0.0,0.0,0.4286,6.0,0.4545,0.1818,0.4,0.193,0.0,0.1,0.3636,0.9091,4.5722,0.1759,0.2638,0.8,0.2895,0.0,0.0,0.7034,0.8793,0,ab1ShacCvoHSO3gVIgdusPdgJzo37ckkZGMKsLoYmb4M_aK-972wRF3Vmmv-kYv_B_gyUUuQRlxNrQ,BR1_3277742121,16.17,14.0,11.0,11.373,0
6.0,0.3571,0.2143,0.2222,0.122,0,0.0,0.1429,0.6429,4.9765,0.5409,0.2164,0.5,0.1135,0.0,0.1111,0.5409,1.0819,5.1319,0.2503,0.2503,0.6,0.1258,0.0,0.125,0.3755,0.6258,0,ab1ShacCvoHSO3gVIgdusPdgJzo37ckkZGMKsLoYmb4M_aK-972wRF3Vmmv-kYv_B_gyUUuQRlxNrQ,BR1_3276813264,16.17,14.0,9.243,7.989,0
6.2857,0.2143,0.0714,0.2667,0.1112,0,0.0,0.2857,1.0714,7.0909,0.3636,0.0909,0.3333,0.1355,1.0,0.1,0.5455,1.6364,4.2238,0.3017,0.181,0.3,0.1372,0.0,0.0625,0.5431,1.8102,0,ab1ShacCvoHSO3gVIgdusPdgJzo37ckkZGMKsLoYmb4M_aK-972wRF3Vmmv-kYv_B_gyUUuQRlxNrQ,BR1_3276588496,16.17,14.0,11.0,16.573,1
5.0911,0.3743,0.0,0.4118,0.2097,0,0.75,0.5241,1.2728,4.8955,0.4294,0.1718,0.4,0.1694,2.0,0.0,0.5153,1.2883,4.4884,0.7278,0.4246,0.25,0.1472,1.0,0.1176,0.2426,0.9705,0,a3bGbugW7a0dRquNRPJiN_I10ckYn1cnoDuHhEr-N03dHxdXYkqsuyFFjWdj96nmsCa_7bPuLVxcVw,BR1_3276419335,16.17,13.357,11.643,16.487,0
7.2143,0.2143,0.2143,0.0,0.1644,0,0.25,0.0,0.8571,5.8182,0.4545,0.2727,0.6,0.1666,0.0,0.0769,0.2727,0.4545,7.3299,0.4581,0.4581,0.6667,0.2031,0.0,0.3333,0.6108,0.9162,0,GbgR6LdRdEwckAp9ZN3TA5YnIB1xzPk38UofdRbuRT-_nHmyoNwOOONI5XWo_ivAx4rgPfK_v8aHmw,BR1_3279015570,16.17,14.0,11.0,6.548,0
4.9809,0.2668,0.4447,0.0,0.2415,0,0.0,0.0,0.0889,4.0884,0.2726,0.5451,0.4,0.2174,0.0,0.0833,0.1817,0.4543,,,,,,,,,,0,GbgR6LdRdEwckAp9ZN3TA5YnIB1xzPk38UofdRbuRT-_nHmyoNwOOONI5XWo_ivAx4rgPfK_v8aHmw,BR1_3279002141,16.17,11.243,11.007,0.0,0
6.8659,0.3377,0.2251,0.0,0.3309,0,0.0,0.0,0.3377,4.7686,0.2135,0.427,0.3333,0.1757,0.0,0.2941,0.5694,1.7082,,,,,,,,,,0,GbgR6LdRdEwckAp9ZN3TA5YnIB1xzPk38UofdRbuRT-_nHmyoNwOOONI5XWo_ivAx4rgPfK_v8aHmw,BR1_3278983846,16.17,8.884,14.05,0.0,0
7.4286,0.3571,0.0,0.4,0.2222,0,0.25,0.4286,1.0714,7.8182,0.4545,0.1818,0.4,0.2536,1.0,0.2,0.5455,1.3636,6.0778,0.0,0.5065,0.5,0.3998,0.0,0.125,1.013,2.0259,0,GbgR6LdRdEwckAp9ZN3TA5YnIB1xzPk38UofdRbuRT-_nHmyoNwOOONI5XWo_ivAx4rgPfK_v8aHmw,BR1_3278956429,16.17,14.0,11.0,1.974,1
5.6456,0.2258,0.2258,0.0,0.2628,0,0.0,0.0,0.6022,4.5558,0.2336,0.1168,0.75,0.3166,0.0,0.1429,0.7009,0.9345,3.8622,0.3358,0.3358,0.3333,0.2443,1.0,0.2857,0.5038,1.5113,0,ebM6b8vdWax3aBMZ3zExSW9qzDx5q60c78GHiKl08TWdc4hzi62tcVTBS2pHjeNIQynpdrRKDnJ73g,BR1_3278954758,16.17,13.285,8.561,5.955,0
5.5474,0.365,0.073,0.2,0.1858,1,0.0,0.073,0.365,5.547,0.2175,0.2175,0.3636,0.1403,0.0,0.0,0.4351,1.1964,3.8397,0.3428,0.2743,0.5333,0.1856,2.0,0.1053,0.5485,1.0285,0,ebM6b8vdWax3aBMZ3zExSW9qzDx5q60c78GHiKl08TWdc4hzi62tcVTBS2pHjeNIQynpdrRKDnJ73g,BR1_3278629992,16.17,13.7,9.194,14.584,0
4.5008,0.3397,0.2548,0.2857,0.224,1,0.0,0.3397,1.1889,4.6363,0.3929,0.0786,0.4545,0.2505,0.0,0.2727,0.3929,0.8644,4.497,0.2249,0.0,1.0,0.3286,1.0,0.3,0.8994,0.8994,1,ebM6b8vdWax3aBMZ3zExSW9qzDx5q60c78GHiKl08TWdc4hzi62tcVTBS2pHjeNIQynpdrRKDnJ73g,BR1_3278486588,16.17,11.776,12.726,4.447,1
6.5,0.4286,0.0714,0.2143,0.2697,0,0.0,0.2143,1.0,6.6364,0.4545,0.1818,0.6842,0.1938,0.0,0.2308,1.1818,1.7273,6.6456,0.4984,0.3323,0.1765,0.1814,0.0,0.0,0.2492,1.4122,0,pQYKG_KYAIaSyn5fSjaerfxfbE9X1E-UhJ-iIRuFf0jzAKbc_mgl2VFYJX6iYLPFke1chRbDm8TvcQ,BR1_3277688470,16.17,14.0,11.0,12.038,0
5.2143,0.2143,0.1429,0.4375,0.2178,2,0.2,0.5,1.1429,4.4545,0.3636,0.3636,0.6667,0.2936,2.0,0.1538,1.0909,1.6364,6.3929,0.4262,0.3044,0.4,0.1761,2.0,0.1875,0.6089,1.5221,0,pQYKG_KYAIaSyn5fSjaerfxfbE9X1E-UhJ-iIRuFf0jzAKbc_mgl2VFYJX6iYLPFke1chRbDm8TvcQ,BR1_3277606803,16.17,14.0,11.0,16.424,1
5.3011,0.2945,0.589,0.5,0.2817,1,0.25,0.2945,0.589,3.9873,0.3518,0.2345,0.7273,0.2581,0.0,0.0909,0.9382,1.29,7.455,0.497,0.3976,0.5,0.2573,0.0,0.4615,0.6958,1.3916,0,qu0BNSrzk7QevaQJkUrR-jcIRd9L_ErC0E2QZFgXJDPBxDIOn2sk7YBTeQKJ49qhKsppPlTao4VP0g,BR1_3277944448,16.17,13.582,8.527,10.06,0
6.5186,0.2573,0.1715,0.8,0.2494,0,0.0,0.3431,0.4289,5.3969,0.5247,0.3748,0.4667,0.2195,1.0,0.0833,0.5247,1.1243,4.0675,0.0,0.8135,0.0,0.2269,0.0,0.3333,0.0,0.8135,0,qu0BNSrzk7QevaQJkUrR-jcIRd9L_ErC0E2QZFgXJDPBxDIOn2sk7YBTeQKJ49qhKsppPlTao4VP0g,BR1_3277733782,16.17,11.659,13.341,2.459,0
7.0,0.2857,0.2143,0.7143,0.2607,1,0.25,0.3571,0.5,4.5931,0.4593,0.0919,0.3846,0.1565,0.0,0.1538,0.4593,1.1942,,,,,,,,,,0,qu0BNSrzk7QevaQJkUrR-jcIRd9L_ErC0E2QZFgXJDPBxDIOn2sk7YBTeQKJ49qhKsppPlTao4VP0g,BR1_3277721786,16.17,14.0,10.886,0.0,1
6.1429,0.5,0.0,0.4615,0.3206,2,0.0,0.4286,0.9286,3.1818,0.0909,0.3636,0.7143,0.3242,2.0,0.0,0.9091,1.2727,2.2781,0.0,0.0,0.6,0.2587,0.0,0.75,1.3669,2.2781,0,60kei8rfrHu7QpLtvEqWlM8Ev4CTaV5Eh_9ybVtcnKuCuB4FPk2C1uDm1vMvQiEDtPuz98x6GyKalg,BR1_3278906423,16.17,14.0,11.0,2.195,1
7.3543,0.4413,0.0,0.25,0.1924,2,0.0,0.1471,0.5883,4.2193,0.1279,0.3836,0.8571,0.2181,0.0,0.125,0.7671,0.895,1.8763,0.1104,0.3311,0.6,0.2477,0.0,0.0909,0.3311,0.5519,0,60kei8rfrHu7QpLtvEqWlM8Ev4CTaV5Eh_9ybVtcnKuCuB4FPk2C1uDm1vMvQiEDtPuz98x6GyKalg,BR1_3278259973,16.17,13.598,7.821,9.06,0
3.9657,0.0721,0.2163,0.4091,0.4343,3,0.0,0.6489,1.5863,6.0192,0.0898,0.2695,0.4091,0.2236,1.0,0.25,0.8086,1.9765,2.2534,0.0,0.2651,0.1667,0.1227,0.0,0.0769,0.2651,1.5907,0,hzmHKgiZlIJpr94XlFx-5fb-lo7hvr8sfJYb8mul-TjIZmShx3RhT8F5-LUuvK0J7YXIclgbWWWxTA,BR1_3278458071,16.17,13.869,11.131,7.544,0
6.6034,0.1554,0.0777,0.2,0.0937,0,0.0,0.1554,0.7769,6.0192,0.4123,0.4123,0.4,0.1474,0.0,0.2,0.6596,1.6491,7.052,0.4231,0.141,0.5,0.1978,2.0,0.0,1.1283,2.2566,0,Pkun4bERkklgKN5Nm2Je9jcwCg8Tf3D5QF3ZdCrjd51EXwmb649A-TyhIZlR59RcDfZ_NWS3uUyR7A,BR1_3278194499,16.17,12.872,12.128,7.09,1
5.5,0.2143,0.0,0.2,0.1294,0,0.0,0.1429,0.7143,6.0909,0.4545,0.1818,0.7,0.2374,0.0,0.1111,0.6364,0.9091,3.0882,0.3431,0.1716,0.6,0.1037,0.0,0.1667,1.0294,1.7156,0,C5atuKPBzapmxswaAFzdKp1asPZwi-QWIZL_Vsndr6cMiMJDIr5ccIV6r_BFCJgp0KbLP2OcaP_14A,BR1_3277720408,16.17,14.0,11.0,11.657,1
3.8696,0.0806,0.1612,0.2143,0.1697,1,0.2,0.2419,1.1286,6.1132,0.2382,0.1588,0.2105,0.1061,0.0,0.0,0.3176,1.5084,1.995,0.3694,0.2956,0.3913,0.1049,0.0,0.0,0.665,1.6994,1,C5atuKPBzapmxswaAFzdKp1asPZwi-QWIZL_Vsndr6cMiMJDIr5ccIV6r_BFCJgp0KbLP2OcaP_14A,BR1_3277703997,16.17,12.404,12.596,13.534,1
5.2143,0.2143,0.0714,0.4375,0.2049,0,0.0,0.5,1.1429,6.4545,0.3636,0.2727,0.4,0.2013,2.0,0.2727,0.5455,1.3636,4.1966,0.2708,0.2708,0.6154,0.1953,1.0,0.3333,1.083,1.7599,0,C5atuKPBzapmxswaAFzdKp1asPZwi-QWIZL_Vsndr6cMiMJDIr5ccIV6r_BFCJgp0KbLP2OcaP_14A,BR1_3277701150,16.17,14.0,11.0,7.387,1
3.898,0.3248,0.2436,0.1429,0.1266,0,0.0,0.1624,1.1369,6.6342,0.1088,0.2175,0.2222,0.1103,1.0,0.0,0.435,1.9576,2.1313,0.1066,0.4263,0.4286,0.2021,0.0,0.0556,0.9591,2.2378,0,C5atuKPBzapmxswaAFzdKp1asPZwi-QWIZL_Vsndr6cMiMJDIr5ccIV6r_BFCJgp0KbLP2OcaP_14A,BR1_3277695274,16.17,12.314,9.195,9.384,1
6.5714,0.2857,0.0714,0.0909,0.1967,1,0.0,0.0714,0.7857,7.5455,0.2727,0.3636,0.25,0.2774,0.0,0.0833,0.1818,0.7273,5.0867,0.1272,0.5087,0.5,0.2776,0.0,0.6667,0.3815,0.763,0,2G-DyIC7bXVbXlSC5WxKHx5ASzeAKQKWon735JeQd-3mL7MLmk4XFEFXkWmfILlopXPipzxziw9waQ,BR1_3279035547,16.17,14.0,11.0,7.864,0
6.6429,0.4286,0.2143,0.3889,0.2788,1,0.0,0.5,1.2857,8.7774,0.3173,0.3173,0.8571,0.298,1.0,0.2222,0.6345,0.7403,6.6571,0.3414,0.3414,0.5909,0.2504,0.0,0.0769,1.1095,1.8777,0,op3j40xGOBT-e_sA2Br0p_Q8z0T90cZkYXZO6KWdWQ3-B_flWwtwJ7HKIp-wQ7DjVfzRPwZ4EyZwTg,BR1_3276931417,16.17,14.0,9.456,11.717,1
7.5931,0.2978,0.2233,0.2857,0.1946,0,0.0,0.1489,0.5211,5.6136,0.4881,0.4881,0.625,0.2571,2.0,0.0,0.6102,0.9763,8.7723,0.3655,0.2437,0.6667,0.3268,3.0,0.0,0.731,1.0965,0,dDYAk_BijvWLYvvyMEL7XilnCDkclBWSACXacNpMHMyywXdEaSJOZKg55yL5NWNV-lOU64RHIN5dwQ,BR1_3276433156,16.17,13.433,8.194,8.208,0
6.4976,0.3209,0.2407,0.5,0.2056,0,0.0,0.3209,0.6417,7.4997,0.4787,0.2394,0.5263,0.1472,0.0,0.0833,0.7978,1.5159,6.3504,0.3285,0.438,0.4,0.1277,0.0,0.0714,0.438,1.0949,0,LqvTYq8jc48mje1gSh6K6TnST1JdGNKzwtxv2Uy0O7-CCV7Q_hvfdhzJfpoM0b2sz5f2n3nDmYE8cg,BR1_3278729972,16.17,12.466,12.534,9.133,0
5.9587,0.5488,0.0,0.5,0.208,2,0.0,0.392,0.784,5.8908,0.4332,0.1733,0.7143,0.1723,0.0,0.1818,0.4332,0.6064,5.8421,0.9128,0.0913,0.5714,0.2012,3.0,0.2222,1.0954,1.9169,1,l0Mig_GwF-T6-SpVT0CXf2bx5mShUQfI-Xscqpq1-JAwVXYd319SwlrazeW2Q0j_CJEEvwCNRkD3wg,BR1_3278792353,16.17,12.755,11.543,10.955,1
6.6146,0.6521,0.1863,0.3333,0.2791,1,0.0,0.0932,0.2795,7.2899,2.2431,0.2804,0.2353,0.1497,1.0,0.0667,0.2804,1.1916,3.5718,5.0006,0.4762,0.5,0.1679,1.0,0.1111,0.4762,0.9525,0,l0Mig_GwF-T6-SpVT0CXf2bx5mShUQfI-Xscqpq1-JAwVXYd319SwlrazeW2Q0j_CJEEvwCNRkD3wg,BR1_3278741649,16.17,10.734,14.266,4.2,0
6.4093,1.2819,0.2564,0.4167,0.2574,1,0.0,0.4273,1.0255,6.5422,1.0528,0.376,0.4,0.1644,1.0,0.0769,0.6016,1.5039,8.1166,1.8117,0.2174,0.2609,0.1554,2.0,0.0,0.4348,1.6668,0,l0Mig_GwF-T6-SpVT0CXf2bx5mShUQfI-Xscqpq1-JAwVXYd319SwlrazeW2Q0j_CJEEvwCNRkD3wg,BR1_3278716266,16.17,11.702,13.298,13.799,0
4.8571,0.4286,0.3571,0.5,0.3378,5,0.2,0.5714,1.1429,6.8182,1.2727,0.1818,0.4286,0.2246,2.0,0.2,0.5455,1.2727,6.1758,1.7082,0.3942,0.2308,0.1253,0.0,0.1818,0.3942,1.7082,1,l0Mig_GwF-T6-SpVT0CXf2bx5mShUQfI-Xscqpq1-JAwVXYd319SwlrazeW2Q0j_CJEEvwCNRkD3wg,BR1_3278646971,16.17,14.0,11.0,7.61,1
7.4733,0.472,0.1573,0.2,0.2205,1,0.0,0.1573,0.7867,5.6152,0.4883,0.4069,0.5,0.178,2.0,0.1818,0.7324,1.4648,8.1469,0.6789,0.5092,0.2308,0.1418,0.0,0.4167,0.5092,2.2065,0,MV8tEGP-6swCsp7W5aj4L97GgpoO6xZ-pLHTGTCuJz9k7aVNbOlK8ckI6nCPYvkhf-1g4o7BdPoJmw,BR1_3278685566,16.17,12.712,12.288,5.892,1
6.4883,0.206,0.206,0.6667,0.2182,0,0.0,0.206,0.309,6.7004,0.3793,0.5057,0.1667,0.0837,0.0,0.2857,0.1264,0.7585,,,,,,,,,,0,MV8tEGP-6swCsp7W5aj4L97GgpoO6xZ-pLHTGTCuJz9k7aVNbOlK8ckI6nCPYvkhf-1g4o7BdPoJmw,BR1_3278384251,16.17,9.71,7.91,0.0,0
5.6429,0.5,0.4286,0.2,0.195,1,0.0,0.2143,1.0714,8.0,0.2727,0.2727,0.4615,0.1485,0.0,0.1111,0.5455,1.1818,3.3693,0.6739,0.3369,0.3333,0.154,0.0,0.3333,0.1685,0.5054,0,KgO_f_3OCm8Qc_tbZUgB0W0hyPHl9HVZjJdAFxK-QSolV_C-fC2C214SZ7VqeOKpUJVCuTb2UOPXjA,BR1_3278718493,16.17,14.0,11.0,5.936,0
7.0813,0.6503,0.1445,0.3571,0.3368,3,0.0,0.3613,1.0116,6.4512,0.6272,0.3584,0.4,0.2257,1.0,0.2222,0.3584,0.896,9.2723,0.7359,0.1472,0.6667,0.515,3.0,0.1111,1.1774,1.7661,0,KgO_f_3OCm8Qc_tbZUgB0W0hyPHl9HVZjJdAFxK-QSolV_C-fC2C214SZ7VqeOKpUJVCuTb2UOPXjA,BR1_3278694490,16.17,13.839,11.161,6.794,1
7.1793,0.5861,0.293,0.625,0.2721,3,0.0,0.3663,0.5861,8.194,0.3524,0.5286,0.0833,0.1927,1.0,0.1429,0.0881,1.0573,6.9807,0.3674,0.2756,0.3913,0.1883,0.0,0.4545,0.8267,2.1126,0,KgO_f_3OCm8Qc_tbZUgB0W0hyPHl9HVZjJdAFxK-QSolV_C-fC2C214SZ7VqeOKpUJVCuTb2UOPXjA,BR1_3278668987,16.17,13.65,11.35,10.887,1
6.574,0.3913,0.0783,0.1538,0.1394,0,0.0,0.1565,1.0174,5.6454,0.5727,0.0818,0.3333,0.1141,2.0,0.1538,0.3273,0.9818,8.7302,0.1984,0.3968,0.5,0.11,0.0,0.2222,0.3968,0.7937,0,Z_77SdMysY-ML4Hl6dSMaZPNdiw6Z99gBJ2GT_sPHnq0HP4WbtB-HVrv-UC-b0bOulQ0UQlZxdWlpw,BR1_3278621694,16.17,12.778,12.222,5.04,0
4.0714,0.3571,0.2857,0.0769,0.1425,0,0.0,0.0714,0.9286,8.2727,0.4545,0.0909,0.0476,0.0374,0.0,0.0667,0.0909,1.9091,11.9299,1.0845,0.0,0.0,0.0035,0.0,0.0,0.0,4.3382,0,Z_77SdMysY-ML4Hl6dSMaZPNdiw6Z99gBJ2GT_sPHnq0HP4WbtB-HVrv-UC-b0bOulQ0UQlZxdWlpw,BR1_3278304314,16.17,14.0,11.0,0.922,1
6.1346,0.4719,0.1573,0.2308,0.2816,2,0.0,0.2359,1.0224,5.9421,0.3256,0.1628,0.4231,0.2208,3.0,0.1538,0.8954,2.1164,4.0067,0.4553,0.3642,0.3636,0.2067,1.0,0.1765,0.3642,1.0017,0,r35uQwVGIrjZuXY9ejuPJwlXfBZgOPQBiY8_1dPZZ1oguyuzTUEpC5wKblOUeL3Ql8gveYb81oKlbg,BR1_3278764590,16.17,12.715,12.285,10.982,0
6.0,0.2143,0.0714,0.3846,0.3119,3,0.0,0.3571,0.9286,4.8182,0.3636,0.2727,0.6,0.3099,4.0,0.0,0.8182,1.3636,7.3099,0.5221,0.174,0.4231,0.2042,1.0,0.3333,0.9573,2.2626,1,r35uQwVGIrjZuXY9ejuPJwlXfBZgOPQBiY8_1dPZZ1oguyuzTUEpC5wKblOUeL3Ql8gveYb81oKlbg,BR1_3278761896,16.17,14.0,11.0,11.491,1
6.2143,0.1429,0.2857,0.25,0.2482,2,0.0,0.1429,0.5714,6.0,0.2727,0.0909,0.6,0.3716,4.0,0.1111,0.5455,0.9091,4.9868,0.8644,0.266,0.8462,0.4059,2.0,0.1667,0.7314,0.8644,1,r35uQwVGIrjZuXY9ejuPJwlXfBZgOPQBiY8_1dPZZ1oguyuzTUEpC5wKblOUeL3Ql8gveYb81oKlbg,BR1_3278756529,16.17,14.0,11.0,15.04,0
5.4286,0.2143,0.2143,0.1333,0.1752,2,0.0,0.1429,1.0714,7.5455,0.3636,0.2727,0.3333,0.11,2.0,0.0,0.4545,1.3636,6.3993,0.483,0.2415,1.0,0.3273,2.0,0.3,0.8452,0.8452,0,r35uQwVGIrjZuXY9ejuPJwlXfBZgOPQBiY8_1dPZZ1oguyuzTUEpC5wKblOUeL3Ql8gveYb81oKlbg,BR1_3278752586,16.17,14.0,11.0,8.282,0
6.6493,0.3367,0.505,0.4,0.21,1,0.0,0.1683,0.4208,4.8536,0.4622,0.9245,0.6667,0.3429,0.0,0.0,0.4622,0.6934,,,,,,,,,,0,O19fCwd2H0WWeUnAwrjp-Sdq9UKUU24DftTljIlzWbeb8Eg4SJsgDHVbPYjg_EfnI30YAyVk6uf_aQ,BR1_3278851647,16.17,11.881,4.327,0.0,0
8.0499,0.5279,0.0,0.5,0.2503,0,,0.2639,0.5279,,,,,,,,,,,,,,,,,,,0,zdOQt0a3EZ2Oql1KtoN0Ktw7cNqD-hTNbekRDhtbPWrzDGTQ7Pg9AO-lmaLUWPHjX-4Q52sCn7AQ1Q,BR1_3278184272,16.17,7.578,0.0,0.0,0
7.2857,0.5,0.0714,0.5333,0.2405,0,0.2,0.5714,1.0714,9.8889,0.3333,0.3333,0.3846,0.234,2.0,0.0909,0.5556,1.4444,6.7391,0.4289,0.1838,0.381,0.1811,0.0,0.1,0.4901,1.2866,0,zdOQt0a3EZ2Oql1KtoN0Ktw7cNqD-hTNbekRDhtbPWrzDGTQ7Pg9AO-lmaLUWPHjX-4Q52sCn7AQ1Q,BR1_3278164482,16.17,14.0,9.0,16.323,1
7.5,0.3571,0.0,0.25,0.2206,0,0.25,0.0714,0.2857,8.9091,0.4545,0.3636,0.2667,0.1951,0.0,0.0833,0.3636,1.3636,8.9531,0.0,0.1756,0.4444,0.0942,0.0,0.0,0.7022,1.58,0,zdOQt0a3EZ2Oql1KtoN0Ktw7cNqD-hTNbekRDhtbPWrzDGTQ7Pg9AO-lmaLUWPHjX-4Q52sCn7AQ1Q,BR1_3278144235,16.17,14.0,11.0,5.696,1
7.5591,2.4357,0.168,0.6667,0.4211,2,0.0,0.168,0.252,8.2482,3.5131,0.0764,0.3846,0.1865,1.0,0.0,0.3819,0.9928,3.9572,4.6861,0.4165,0.4286,0.2129,0.0,0.1111,0.3124,0.7289,0,QCoK8_6n9P6dXS4kSJWvkrB9cP5k0yFzkUqHFgxQeEE3o6vw62lLIdZTJTmeHbPRDNwi5NaViZATgw,BR1_3277834279,16.17,11.906,13.094,9.603,0
8.3274,2.9914,0.0,0.1579,0.2869,3,0.0,0.2425,1.5361,10.8132,4.248,0.0,0.1579,0.1768,1.0,0.3529,0.2896,1.8344,,,,,,,,,,0,QCoK8_6n9P6dXS4kSJWvkrB9cP5k0yFzkUqHFgxQeEE3o6vw62lLIdZTJTmeHbPRDNwi5NaViZATgw,BR1_3277820033,16.17,12.369,10.358,0.0,1
7.7857,0.2857,0.2143,0.4167,0.2179,3,0.0,0.3571,0.8571,8.1818,0.4545,0.1818,0.2667,0.1604,0.0,0.2222,0.3636,1.3636,5.5649,0.3352,0.3352,0.4615,0.2232,1.0,0.0,0.4023,0.8716,0,2Xv21YdG9FL8wGPXzL13jw55L71sR4MevaHrIM0xWP4FXBNL0AUJFx9xWepL4zT6HffiOj3E9_w8Fw,BR1_3278855469,16.17,14.0,11.0,14.915,0
5.8162,1.3926,0.3277,0.375,0.2899,3,0.0,0.2458,0.6553,2.9704,1.5634,0.3908,0.5625,0.3574,0.0,0.0,0.7035,1.2507,5.1389,1.9892,0.1658,0.4286,0.2686,0.0,0.2,0.4973,1.1604,0,TyL3bUiIJJYIS76mc7iXFRLRKzscee9EJ2wtO6dV0_p8lEeYnvoZNeb_PGcHX_jLM0aSo8iUF2UoQw,BR1_3278694325,16.17,12.207,12.793,6.032,0
6.3988,0.3878,0.0,0.5,0.2174,2,,0.5817,1.1634,,,,,,,,,,,,,,,,,,,0,TyL3bUiIJJYIS76mc7iXFRLRKzscee9EJ2wtO6dV0_p8lEeYnvoZNeb_PGcHX_jLM0aSo8iUF2UoQw,BR1_3278657220,16.17,5.157,0.0,0.0,1
6.2143,1.1429,0.2143,0.4,0.2109,0,0.25,0.2857,0.7143,4.7273,1.4545,0.0,0.3913,0.184,0.0,0.0,0.8182,2.0909,1.0821,0.6312,0.0902,0.05,0.0281,0.0,0.0909,0.0902,1.8036,0,TyL3bUiIJJYIS76mc7iXFRLRKzscee9EJ2wtO6dV0_p8lEeYnvoZNeb_PGcHX_jLM0aSo8iUF2UoQw,BR1_3278380888,16.17,14.0,11.0,11.089,1
6.6295,1.197,0.0,0.5385,0.2084,4,0.0,0.6445,1.197,6.0116,1.6974,0.0707,0.4815,0.2693,1.0,0.0714,0.9194,1.9096,8.6487,0.5766,0.0,0.2,0.0682,0.0,1.0,0.5766,2.8829,0,TyL3bUiIJJYIS76mc7iXFRLRKzscee9EJ2wtO6dV0_p8lEeYnvoZNeb_PGcHX_jLM0aSo8iUF2UoQw,BR1_3278365758,16.17,10.861,14.139,1.734,1
7.1269,0.324,0.081,0.1,0.2082,0,0.75,0.081,0.8099,8.6874,0.4633,0.0,0.2857,0.2725,0.0,0.2222,0.2317,0.8108,7.983,0.4662,0.1748,0.3333,0.2609,1.0,0.0476,0.2914,0.8741,0,m8YqIhgEYAKRIpwK0IohGnHQFWKGxHvHXXnG5CH-VGOI8LGH-dm3aaoAdWbKk3VZ986ZQZR3lU1oPg,BR1_3278627417,16.17,12.348,8.633,17.161,0
8.9356,0.3055,0.1527,0.1333,0.0859,0,0.0,0.1527,1.1456,8.2061,0.4497,0.2248,0.1333,0.1135,1.0,0.1111,0.2248,1.6862,9.4569,0.4203,0.2102,0.4286,0.1764,0.0,0.0,0.6305,1.4711,0,m8YqIhgEYAKRIpwK0IohGnHQFWKGxHvHXXnG5CH-VGOI8LGH-dm3aaoAdWbKk3VZ986ZQZR3lU1oPg,BR1_3278613362,16.17,13.094,8.896,4.758,1
7.7143,0.4286,0.0,0.4545,0.2491,4,0.0,0.7143,1.5714,8.7921,0.0,0.1998,0.5625,0.2477,0.0,0.0,1.7984,3.1971,,,,,,,,,,1,m8YqIhgEYAKRIpwK0IohGnHQFWKGxHvHXXnG5CH-VGOI8LGH-dm3aaoAdWbKk3VZ986ZQZR3lU1oPg,BR1_3278552835,16.17,14.0,5.005,0.0,1
6.8571,0.2857,0.2857,0.375,0.2436,0,0.0,0.2143,0.5714,6.7273,0.4545,0.1818,0.2632,0.1932,0.0,0.0,0.4545,1.7273,5.017,0.2181,0.3054,0.5385,0.1411,0.0,0.087,0.6108,1.1343,0,m1HwyogBFrN4YBTLlxspq4slb8QlywbZAXGG7d99xb3EbO6zO4q6NPs7e_h__dN9FbXj3xBfLyS_kQ,BR1_3278268688,16.17,14.0,11.0,22.922,1
4.9439,0.2392,0.4784,0.0,0.1458,0,0.2,0.0,0.0797,5.297,0.3243,0.4324,0.5833,0.1618,0.0,0.125,0.7567,1.2972,4.2492,0.0,0.607,0.6667,0.1767,0.0,0.3,0.607,0.9106,0,m1HwyogBFrN4YBTLlxspq4slb8QlywbZAXGG7d99xb3EbO6zO4q6NPs7e_h__dN9FbXj3xBfLyS_kQ,BR1_3277819481,16.17,12.541,9.25,3.295,0
8.2143,0.2857,0.0714,0.7143,0.2799,3,0.0,0.3571,0.5,7.5163,0.5011,0.4009,0.1111,0.2,0.0,0.0,0.1002,0.902,9.4116,0.0,1.0457,0.0,0.1058,0.0,0.0,0.0,0.0,1,xx2jNB4oTv_0g19_JJiz7J4y2CkCOn7-hXRndxwjhHPwoCkzPle557AhPnvbn-4stUfVjjQoOGZuSQ,BR1_3278890273,16.17,14.0,9.978,0.956,0
6.7143,0.2857,0.2857,0.2,0.1823,0,0.0,0.0714,0.3571,6.4545,0.1818,0.3636,0.3333,0.1731,0.0,0.0833,0.3636,1.0909,12.2012,0.0,0.0,1.0,0.2674,0.0,0.0,1.3557,1.3557,0,3CKy_evqE9Mwo8qXCM-knYEQlhmm4Jk1je-IdNUj8edw8cy6BrIQ7_Eel1zBicgNVL3CwF0pFAFGmQ,BR1_3276894198,16.17,14.0,11.0,0.738,0
7.5,0.2857,0.0,0.3846,0.1585,0,0.0,0.3571,0.9286,10.9091,0.4545,0.1818,0.2778,0.1622,0.0,0.0667,0.4545,1.6364,9.6535,0.0,0.351,0.4,0.2189,1.0,0.1429,0.7021,1.7552,0,3CKy_evqE9Mwo8qXCM-knYEQlhmm4Jk1je-IdNUj8edw8cy6BrIQ7_Eel1zBicgNVL3CwF0pFAFGmQ,BR1_3275927475,16.16,14.0,11.0,5.697,0
7.1429,0.3571,0.2143,0.0769,0.1524,0,0.0,0.0714,0.9286,6.9091,0.1818,0.2727,0.3,0.1926,0.0,0.1,0.2727,0.9091,10.6705,0.0,0.2808,0.3333,0.1421,0.0,0.0,0.2808,0.8424,0,b1oI8R83GH9ZTthAFGkFXfXro1fcTc3pgdbnRt4NlIJau1-0hPxFp5eHqmmpdctO5MT3FBa7aStcXw,BR1_3277183354,16.17,14.0,11.0,3.561,0
5.6779,0.0,0.1494,1.0,0.3825,1,,0.1494,0.1494,7.0413,0.2632,0.0658,0.4444,0.2185,1.0,0.0,0.5265,1.1845,3.4541,0.5454,0.3636,0.375,0.1769,1.0,0.0833,1.0908,2.9087,0,b1oI8R83GH9ZTthAFGkFXfXro1fcTc3pgdbnRt4NlIJau1-0hPxFp5eHqmmpdctO5MT3FBa7aStcXw,BR1_3277054567,16.17,6.693,15.196,5.501,1
7.1429,0.4286,0.1429,0.3333,0.3362,3,0.6,0.2143,0.6429,8.3636,0.0909,0.1818,0.3,0.2466,0.0,0.25,0.2727,0.9091,7.1449,0.0,0.3514,0.4,0.2716,1.0,0.125,0.4685,1.1713,0,bEo2bLjqdpRB7D1hyVW2Bn3YZCpS3maXDw4KhGNt4W5vG3r_zM-DZAz4DzddzFOM0mk8A78nYPiRng,BR1_3278803112,16.17,14.0,11.0,8.538,1
7.5732,0.2227,0.1485,0.3636,0.259,2,0.0,0.297,0.8167,10.1931,0.551,0.0,0.4444,0.3068,1.0,0.375,0.551,1.2397,17.4014,0.0,0.0,1.0,0.5574,0.0,0.3333,3.1074,3.1074,0,bEo2bLjqdpRB7D1hyVW2Bn3YZCpS3maXDw4KhGNt4W5vG3r_zM-DZAz4DzddzFOM0mk8A78nYPiRng,BR1_3278793786,16.17,13.468,7.26,1.609,1
7.6432,0.8735,0.0728,0.5385,0.2488,4,0.0,0.5095,0.9463,6.5706,1.8646,0.2664,0.4286,0.2722,2.0,0.0,0.7991,1.8646,6.7948,1.6248,0.2954,0.25,0.2723,0.0,0.0833,0.4431,1.7726,0,gB_ekg7y8rSSHeLX-6fOkyA46eCIaQ1Skxrw1sHWxojsG9M_vjTkqGpHB-zpAD9nu1oxNEtMBsdQFw,BR1_3278841414,16.17,13.738,11.262,6.77,1
2.4999,0.119,0.3571,0.0,0.1389,0,0.0,0.0,0.2381,0.0,0.0,0.0,0.0,0.0,0.0,0.0,0.0,1.2645,,,,,,,,,,0,q8fUEJ4lHREzrkSdiIlHL9eYXiqJmZKcYSsSSyP1lZL_NlYOTg2CiZflD9AnKmulTze3qWvPAiU4mQ,BR1_3276969985,16.17,8.4,10.28,0.0,0
6.1409,0.3412,0.1706,0.2727,0.1708,1,0.0,0.2559,0.9382,7.452,0.1656,0.3312,0.2353,0.2171,1.0,0.0,0.3312,1.4076,3.578,0.3408,0.1704,0.3529,0.1645,0.0,0.2,0.5111,1.4482,0,q8fUEJ4lHREzrkSdiIlHL9eYXiqJmZKcYSsSSyP1lZL_NlYOTg2CiZflD9AnKmulTze3qWvPAiU4mQ,BR1_3276942495,16.17,11.725,12.077,11.739,1
5.8906,0.3682,0.3682,0.0,0.2284,0,0.0,0.0,0.1841,7.6891,0.3076,0.4613,0.4545,0.2373,0.0,0.0769,0.3845,0.8458,8.0061,0.4106,0.0,0.2,0.1927,0.0,0.125,0.2053,1.0264,0,q8fUEJ4lHREzrkSdiIlHL9eYXiqJmZKcYSsSSyP1lZL_NlYOTg2CiZflD9AnKmulTze3qWvPAiU4mQ,BR1_3276936447,16.17,10.865,13.005,4.871,0
6.984,0.3755,0.2253,0.2727,0.2473,3,0.0,0.2253,0.8261,6.9327,0.5135,0.3424,0.4444,0.1495,1.0,0.0909,0.3424,0.7703,6.9183,0.736,0.1472,0.5,0.225,1.0,0.0,0.736,1.472,0,ds4UgNkav3wZV2VXSEf-E7WOD6chK-36zXoBcRYbRW59yf32SAC1SDpGcjZr0WTbtaZV-Q7PvN14dA,BR1_3278911670,16.17,13.316,11.684,6.794,1
6.9286,0.3571,0.3571,0.1667,0.178,0,0.0,0.0714,0.4286,5.4057,0.4601,0.345,0.3333,0.1659,0.0,0.1,0.115,0.345,6.8442,0.5549,0.37,0.6667,0.2202,0.0,0.3,0.37,0.5549,0,ds4UgNkav3wZV2VXSEf-E7WOD6chK-36zXoBcRYbRW59yf32SAC1SDpGcjZr0WTbtaZV-Q7PvN14dA,BR1_3278864711,16.17,14.0,8.695,5.406,0
6.8571,0.3571,0.0714,0.1429,0.2358,1,0.0,0.0714,0.5,4.8182,0.5455,0.3636,0.625,0.4495,1.0,0.1111,0.4545,0.7273,4.7766,0.5118,0.3412,0.5,0.1968,0.0,0.0,0.3412,0.6824,0,ds4UgNkav3wZV2VXSEf-E7WOD6chK-36zXoBcRYbRW59yf32SAC1SDpGcjZr0WTbtaZV-Q7PvN14dA,BR1_3278847373,16.17,14.0,11.0,5.862,0
7.3495,0.4083,0.0,0.5,0.257,1,0.0,0.3266,0.6533,5.8804,0.5488,0.3136,0.36,0.2523,2.0,0.0909,0.7056,1.9601,11.2908,0.9255,0.0,0.3,0.2153,0.0,0.4,0.5553,1.8509,0,ds4UgNkav3wZV2VXSEf-E7WOD6chK-36zXoBcRYbRW59yf32SAC1SDpGcjZr0WTbtaZV-Q7PvN14dA,BR1_3278834924,16.17,12.246,12.754,5.403,1
6.9084,0.5181,0.0,0.6,0.2715,0,0.0,0.5181,0.8635,6.8555,0.6706,0.2981,0.5556,0.2071,1.0,0.1667,0.7452,1.3413,7.8009,0.4,0.4,1.0,0.3443,0.0,0.0,0.4,0.4,0,FsMREKJYHkMD9rUQPQvVS2_40h-LdFs8P0b6PH7MioeHdi25mLirbThX5OuMRqYINU96Y1IsinQk_g,BR1_3278456077,16.17,11.58,13.42,4.999,0
5.7787,0.4249,0.2549,0.5714,0.3654,3,0.0,0.3399,0.5949,10.3727,0.461,0.1537,0.6364,0.2528,1.0,0.3333,0.5378,0.8452,6.6873,0.1555,0.4666,0.75,0.2703,0.0,0.0909,0.9331,1.2442,0,FsMREKJYHkMD9rUQPQvVS2_40h-LdFs8P0b6PH7MioeHdi25mLirbThX5OuMRqYINU96Y1IsinQk_g,BR1_3278450457,16.17,11.767,13.015,6.43,1
6.0538,0.3509,0.2632,0.3333,0.1932,0,0.0,0.1755,0.5264,7.4253,0.3676,0.2206,0.3333,0.1533,0.0,0.0,0.5881,1.7644,8.9572,0.2185,0.2185,0.4615,0.3373,2.0,0.0,1.3108,2.8401,0,FsMREKJYHkMD9rUQPQvVS2_40h-LdFs8P0b6PH7MioeHdi25mLirbThX5OuMRqYINU96Y1IsinQk_g,BR1_3278224887,16.17,11.398,13.602,4.577,1
5.4922,0.3613,0.0,0.2727,0.1838,1,0.0,0.2168,0.7949,4.3897,0.5164,0.1291,0.1538,0.2432,1.0,0.125,0.2582,1.6784,12.5523,0.0,0.8966,0.0,0.0309,0.0,0.0,0.0,1.7932,0,ISqqJmdkiVRpHr_Ur0UyDXdjkVwwiU8_ZPxWr3pzPzQ8szv2ofO_pTv8BzIV_DCfBLMg2jG_IgH1pg,BR1_3278773022,16.17,13.838,7.745,1.115,1
6.5205,0.268,0.0,0.2857,0.2132,1,0.0,0.1786,0.6253,,,,,,,,,,,,,,,,,,,0,ISqqJmdkiVRpHr_Ur0UyDXdjkVwwiU8_ZPxWr3pzPzQ8szv2ofO_pTv8BzIV_DCfBLMg2jG_IgH1pg,BR1_3278766836,16.17,11.195,0.0,0.0,1
6.2143,1.5,0.0,0.2941,0.2004,2,0.0,0.3571,1.2143,6.067,3.5054,0.1348,0.2727,0.1618,0.0,0.0,0.4045,1.4831,5.4,2.9893,0.2893,0.3158,0.2133,1.0,0.0,0.5786,1.8321,0,W4dUvAix4ja4izYYEN9UWZGs2k9XblTK5RDCZsmBiXnc4XmtoJUKMyulVr-1ZUVgz5jPnrZ-LoyS4w,BR1_3278772136,16.17,14.0,7.417,10.37,1
5.3571,0.3571,0.0714,0.0,0.2428,0,0.0,0.0,0.5,7.7696,0.4856,0.0971,0.8125,0.2148,0.0,0.125,1.2626,1.5539,5.5303,0.6561,0.4687,0.5,0.2121,0.0,0.0833,0.5624,1.1248,0,W4dUvAix4ja4izYYEN9UWZGs2k9XblTK5RDCZsmBiXnc4XmtoJUKMyulVr-1ZUVgz5jPnrZ-LoyS4w,BR1_3278763882,16.17,14.0,10.297,10.668,0
6.5714,0.4286,0.1429,0.2,0.183,1,0.5,0.1429,0.7143,8.1818,0.5455,0.1818,0.4615,0.2759,0.0,0.25,0.5455,1.1818,4.9728,0.5525,0.1842,0.3,0.209,1.0,0.0,0.5525,1.8418,0,W4dUvAix4ja4izYYEN9UWZGs2k9XblTK5RDCZsmBiXnc4XmtoJUKMyulVr-1ZUVgz5jPnrZ-LoyS4w,BR1_3278760860,16.17,14.0,11.0,5.43,1
5.9519,0.3353,0.0838,0.2308,0.1806,1,0.0,0.2515,1.0898,4.1313,0.459,0.0765,0.4762,0.2537,1.0,0.1,0.7651,1.6066,5.3899,0.49,0.098,0.4,0.1109,0.0,0.0625,0.588,1.47,0,DvLPgnKWJfHmHy3EYYfYCdDrZ1G-Xtca3bWr1t-HTRpFh5HL88mLEgYg8AUvxmvvdCYGWcdsf3fqjQ,BR1_3278930674,16.17,11.929,13.071,10.204,1
5.3571,0.3571,0.2143,0.25,0.1995,3,0.0,0.2143,0.8571,5.5455,0.7273,0.1818,0.6471,0.2269,0.0,0.2,1.0,1.5455,3.4986,1.0186,0.3543,0.4889,0.2156,0.0,0.1429,0.9743,1.9929,0,DvLPgnKWJfHmHy3EYYfYCdDrZ1G-Xtca3bWr1t-HTRpFh5HL88mLEgYg8AUvxmvvdCYGWcdsf3fqjQ,BR1_3278909455,16.17,14.0,11.0,22.581,1
7.8491,0.3204,0.1602,0.25,0.2598,1,0.25,0.1602,0.6407,9.7487,0.4794,0.0799,0.3846,0.2386,2.0,0.0769,0.3995,1.0388,8.6248,0.4312,0.4312,0.5556,0.3074,1.0,0.25,0.7187,1.2937,0,596pr1N0tetQHWpPGyfsP88vRNX4_ddQWF8H-7OnNyzoY0rAJUJMdg9Ss0P4HPa_J4Y6nyO880TPvA,BR1_3279018450,16.17,12.486,12.514,6.957,0
5.5197,0.2984,0.1492,0.1364,0.0875,0,0.0,0.2238,1.641,4.399,0.4313,0.4313,0.2857,0.109,0.0,0.1,0.5175,1.8114,5.351,0.5351,0.5351,0.2222,0.1118,0.0,0.0,0.5351,2.408,0,596pr1N0tetQHWpPGyfsP88vRNX4_ddQWF8H-7OnNyzoY0rAJUJMdg9Ss0P4HPa_J4Y6nyO880TPvA,BR1_3279000338,16.17,13.407,11.593,7.475,1
5.6429,0.2857,0.1429,0.1538,0.1758,2,0.0,0.1429,0.9286,8.763,0.0,0.0,0.3,0.1858,1.0,0.2857,0.2858,0.9525,5.2604,0.0,0.1697,0.5882,0.3967,1.0,0.0625,1.6969,2.8847,0,Xa4EHmwuwZdHP8WX1HOWl-tz6-xBkCRSPrwqnLzPcPiZ2_2MFq-Q2zxH5V1WWGl0ZqSYbj89xzNb7Q,BR1_3278847888,16.17,14.0,10.499,5.893,1
6.9286,0.2143,0.1429,0.4286,0.3768,1,0.0,0.2143,0.5,12.6945,0.4009,0.1336,0.5714,0.2638,2.0,0.125,0.5345,0.9354,8.2503,0.2037,0.5093,0.2857,0.3335,1.0,0.0,0.2037,0.713,0,Xa4EHmwuwZdHP8WX1HOWl-tz6-xBkCRSPrwqnLzPcPiZ2_2MFq-Q2zxH5V1WWGl0ZqSYbj89xzNb7Q,BR1_3278455539,16.17,14.0,7.484,9.818,0
5.3643,0.185,0.2775,0.0,0.25,0,0.0,0.0,0.4624,7.8941,0.0705,0.0705,0.4375,0.2637,2.0,0.2,0.4934,1.1277,9.5428,0.2921,0.2921,0.4286,0.2617,2.0,0.0833,0.5843,1.3633,0,Xa4EHmwuwZdHP8WX1HOWl-tz6-xBkCRSPrwqnLzPcPiZ2_2MFq-Q2zxH5V1WWGl0ZqSYbj89xzNb7Q,BR1_3278143787,16.17,10.812,14.188,10.27,0
6.4485,0.2614,0.2614,0.125,0.3186,0,0.0,0.0871,0.6971,7.5251,0.3909,0.4886,0.5,0.3257,2.0,0.1667,0.3909,0.7818,,,,,,,,,,0,Xa4EHmwuwZdHP8WX1HOWl-tz6-xBkCRSPrwqnLzPcPiZ2_2MFq-Q2zxH5V1WWGl0ZqSYbj89xzNb7Q,BR1_3278066826,16.17,11.475,10.232,0.0,0
4.9286,0.5,0.2857,0.5,0.2708,1,0.0,0.5714,1.1429,3.0909,1.0,0.3636,0.2222,0.1337,0.0,0.3,0.1818,0.8182,4.0425,0.9574,0.3191,0.4,0.2577,4.0,0.0909,0.5319,1.3298,0,pzfa0BbFXNFyHQZnToVnYpg-AUUjpSLvBNKsVL_62qnUztkuNzWcD7FksHbOF3foWtr88Ii39hga_w,BR1_3278763354,16.17,14.0,11.0,18.8,1
6.5714,0.2857,0.0,0.3571,0.1525,0,0.0,0.3571,1.0,7.2155,0.3549,0.2366,0.8,0.3345,0.0,0.125,0.4731,0.5914,4.9654,0.4138,0.0,1.0,0.4518,0.0,0.3,1.6551,1.6551,0,UI6NEXylLjaRyXUyTarRvyDAspQT3bNvnm36to0JBNaweHAAfy7KyeU7Yd8p_ZoDRkBc8FwIiwuoLg,BR1_3278522540,16.17,14.0,8.454,2.417,0
6.7015,0.3117,0.3117,0.3846,0.3151,2,0.0,0.3896,1.013,5.6023,0.2949,0.1966,0.7143,0.3996,1.0,0.1667,0.4914,0.688,7.6337,0.3181,0.3181,1.0,0.5424,0.0,0.2,0.6361,0.6361,0,kyswHVPlaScHV_ahmbABq4aG-4RN_hclAU1ucA7fcguZoEcZHKj56qJ8DY-5dJUjUheOUw-HJjkKlw,BR1_3278171875,16.17,12.833,10.174,3.144,0
8.1443,0.2201,0.1467,0.2857,0.2331,6,0.0,0.4402,1.5408,10.9051,0.2638,0.1759,0.4,0.2834,2.0,0.0667,0.5277,1.3192,4.2239,0.5187,0.4446,0.75,0.396,2.0,0.4118,1.1115,1.4821,0,kyswHVPlaScHV_ahmbABq4aG-4RN_hclAU1ucA7fcguZoEcZHKj56qJ8DY-5dJUjUheOUw-HJjkKlw,BR1_3278162672,16.17,13.629,11.371,13.495,0
7.0,0.2857,0.0714,0.0,0.1994,0,0.0,0.0,0.4286,9.0,0.5455,0.1818,0.375,0.2963,0.0,0.2,0.2727,0.7273,3.62,0.4344,0.2172,0.5,0.2201,0.0,0.2353,0.724,1.448,0,IBidtT_N58qcvSEzTg-abjY2aCPBEwmeZiSXp3vcLsPFn0TajlsVtPnDTHHb1NGw5Kc2e70yEDmAkg,BR1_3279015113,16.17,14.0,11.0,13.812,0
7.1761,0.3544,0.0,0.0,0.157,0,0.0,0.0,0.1772,6.4385,0.4222,0.3166,0.2857,0.1419,0.0,0.2857,0.2111,0.7388,,,,,,,,,,0,IBidtT_N58qcvSEzTg-abjY2aCPBEwmeZiSXp3vcLsPFn0TajlsVtPnDTHHb1NGw5Kc2e70yEDmAkg,BR1_3278999479,16.17,11.287,9.474,0.0,0
6.6366,0.3687,0.2212,0.25,0.2558,0,0.0,0.1475,0.5899,7.7443,0.6862,0.3921,0.3636,0.2526,0.0,0.0909,0.3921,1.0783,3.2625,0.0,0.6525,0.6667,0.1714,0.0,0.125,1.305,1.9575,0,IBidtT_N58qcvSEzTg-abjY2aCPBEwmeZiSXp3vcLsPFn0TajlsVtPnDTHHb1NGw5Kc2e70yEDmAkg,BR1_3278983609,16.17,13.561,10.201,1.533,0
5.3413,0.2322,0.1548,0.125,0.1587,0,0.0,0.0774,0.6193,,,,,,,,,,,,,,,,,,,0,IBidtT_N58qcvSEzTg-abjY2aCPBEwmeZiSXp3vcLsPFn0TajlsVtPnDTHHb1NGw5Kc2e70yEDmAkg,BR1_3278956993,16.17,12.918,0.0,0.0,0
7.1127,0.2177,0.1452,0.1111,0.1044,0,0.0,0.0726,0.6532,9.4817,0.1065,0.3196,0.25,0.1725,1.0,0.0,0.3196,1.2784,4.3064,0.522,0.3915,0.5,0.2002,0.0,0.1333,0.783,1.566,0,_0KrW5bvRlqkMv43mR46KiMR1IE_iNvDKm1p3CFDs5eUzVeNdZ1-nSxHRERFgK_nMplljCMtbnOKJw,BR1_3277301861,16.17,13.778,9.387,15.326,0
7.1429,0.2857,0.2143,0.3333,0.2355,3,0.0,0.2857,0.8571,7.7273,0.3636,0.3636,0.4,0.1699,1.0,0.1,0.1818,0.4545,6.9754,0.3033,0.3791,0.4286,0.2154,1.0,0.0,0.4549,1.0615,0,wDFDz1A1eDdL5aIyFTer_XHSXcqUIl73mTpiyX9Pwi3iAtSvjp1FJzKmfKqncMqo7w3vY-fi19RQTg,BR1_3278735166,16.17,14.0,11.0,13.189,0
7.0483,0.3633,0.1453,0.0909,0.1059,0,0.0,0.0727,0.7993,6.051,0.7119,0.4449,0.2667,0.1483,0.0,0.0,0.3559,1.3348,6.4224,0.3336,0.3336,0.3125,0.0797,1.0,0.0,0.417,1.3345,0,wDFDz1A1eDdL5aIyFTer_XHSXcqUIl73mTpiyX9Pwi3iAtSvjp1FJzKmfKqncMqo7w3vY-fi19RQTg,BR1_3278633756,16.17,13.762,11.238,11.989,0
7.2857,0.5714,0.0714,0.4545,0.1987,1,0.2,0.3571,0.7857,6.5044,1.0007,0.3753,0.4118,0.3387,2.0,0.1429,0.8756,2.1264,5.4383,0.3687,0.1843,0.5789,0.2732,0.0,0.1429,1.0139,1.7513,0,wDFDz1A1eDdL5aIyFTer_XHSXcqUIl73mTpiyX9Pwi3iAtSvjp1FJzKmfKqncMqo7w3vY-fi19RQTg,BR1_3278618335,16.17,14.0,7.995,10.849,1
6.8571,0.3571,0.3571,0.3077,0.2316,2,0.0,0.2857,0.9286,8.0,0.4545,0.1818,0.2857,0.152,0.0,0.0833,0.5455,1.9091,11.9501,0.4157,0.3117,0.375,0.1777,1.0,0.1538,0.6235,1.6626,0,0eaJjGl_meJiZBGwDZh2CghBAkgylcZJ7gK1b3ZiJ59lDGMBwxYTXFdu1JGMSf89rV-XD8cnPh2r2w,BR1_3277398786,16.17,14.0,11.0,9.623,0
4.7006,0.4477,0.1492,0.3333,0.2815,4,0.2,0.3731,1.1192,3.449,0.5174,0.3449,0.4286,0.1978,2.0,0.1111,0.5174,1.2072,3.0709,0.0465,0.4188,0.3571,0.1399,1.0,0.0455,0.4653,1.3028,0,3Kto6Z3NYFnwAcNUP3HmJI29B9xhn2u-TJh1lV2IEWKjHLQNv3ochzVw-FzkDX-BqbRPUaY1erBpLA,BR1_3278678055,16.17,13.402,11.598,21.492,0
3.9286,0.5,0.2857,0.1111,0.2814,0,0.0,0.0714,0.6429,4.8467,0.4406,0.5508,0.0,0.125,0.0,0.125,0.0,0.9914,4.0626,0.3693,0.4924,0.2,0.1131,0.0,0.2,0.1231,0.6156,0,3Kto6Z3NYFnwAcNUP3HmJI29B9xhn2u-TJh1lV2IEWKjHLQNv3ochzVw-FzkDX-BqbRPUaY1erBpLA,BR1_3278608097,16.17,14.0,9.078,8.123,0
4.9959,0.4542,0.0757,0.1818,0.1647,1,0.0,0.1514,0.8327,4.7648,0.3665,0.3665,0.3077,0.1537,0.0,0.1,0.3665,1.1912,5.7541,0.0943,0.1887,0.625,0.2019,0.0,0.375,0.4716,0.7546,0,3Kto6Z3NYFnwAcNUP3HmJI29B9xhn2u-TJh1lV2IEWKjHLQNv3ochzVw-FzkDX-BqbRPUaY1erBpLA,BR1_3278507139,16.17,13.211,10.913,10.601,0
5.9286,0.5,0.3571,0.5,0.2662,2,0.0,0.2143,0.4286,7.0909,0.5455,0.2727,0.6364,0.2922,0.0,0.1818,0.6364,1.0,3.832,0.6762,0.4508,0.3333,0.3183,0.0,0.0,0.2254,0.6762,1,3Kto6Z3NYFnwAcNUP3HmJI29B9xhn2u-TJh1lV2IEWKjHLQNv3ochzVw-FzkDX-BqbRPUaY1erBpLA,BR1_3278473191,16.17,14.0,11.0,4.436,0
5.6829,0.3247,0.0,0.5556,0.3553,4,0.0,0.8118,1.4613,3.8636,0.7885,0.3154,0.5,0.2708,0.0,0.1538,0.6308,1.2616,4.3124,0.308,0.6161,0.1111,0.1307,0.0,0.25,0.308,2.7722,1,3Kto6Z3NYFnwAcNUP3HmJI29B9xhn2u-TJh1lV2IEWKjHLQNv3ochzVw-FzkDX-BqbRPUaY1erBpLA,BR1_3278453146,16.17,12.318,12.682,3.246,1
6.9286,0.4286,0.0714,0.4545,0.2358,1,0.4,0.3571,0.7857,6.8182,0.5455,0.4545,0.6667,0.302,2.0,0.2222,0.7273,1.0909,4.0572,0.0,0.6086,0.75,0.3951,0.0,0.0,0.6086,0.8114,0,P-qAHYL3016LbOzz9U3NZBwDsVZsLpINDkXxV00p3Hod8wgJwLPv1KYyETPVJ-wVv9AX-RvlfkdTnQ,BR1_3278192982,16.17,14.0,11.0,4.929,0
5.7857,0.3571,0.1429,0.875,0.3647,2,0.0,0.5,0.5714,6.3255,0.6777,0.5648,0.8,0.4452,1.0,0.125,0.9036,1.1296,3.9325,0.7624,0.2006,0.6905,0.3237,5.0,0.1724,1.1637,1.6854,0,P-qAHYL3016LbOzz9U3NZBwDsVZsLpINDkXxV00p3Hod8wgJwLPv1KYyETPVJ-wVv9AX-RvlfkdTnQ,BR1_3278183109,16.17,14.0,8.853,24.92,1
4.7857,0.5,0.2143,0.75,0.4252,6,0.0,0.6429,0.8571,4.2727,0.5455,0.3636,0.5556,0.3476,2.0,0.0,0.9091,1.6364,4.4364,0.3697,0.3697,0.4,0.2582,1.0,0.1818,0.7394,1.8485,0,P-qAHYL3016LbOzz9U3NZBwDsVZsLpINDkXxV00p3Hod8wgJwLPv1KYyETPVJ-wVv9AX-RvlfkdTnQ,BR1_3278134278,16.17,14.0,11.0,5.41,1
6.3569,0.5057,0.0,0.5909,0.3884,11,0.0,0.9391,1.5892,5.4935,0.771,0.2891,0.6154,0.4942,9.0,0.0769,1.542,2.5058,7.841,0.224,0.4481,0.8333,0.5834,1.0,0.4444,2.2403,2.6883,0,P-qAHYL3016LbOzz9U3NZBwDsVZsLpINDkXxV00p3Hod8wgJwLPv1KYyETPVJ-wVv9AX-RvlfkdTnQ,BR1_3278130356,16.17,13.843,10.376,4.464,1
7.0339,0.4351,0.2175,0.5,0.2785,2,0.0,0.3626,0.7251,6.1555,0.5353,0.2676,0.1765,0.2136,1.0,0.1,0.2676,1.5166,3.256,0.7514,0.5009,0.1,0.1593,0.0,0.0,0.2505,2.5046,0,q9C2BIp-wl-dY9XsjdYEU3lQ6dLxomv-XGWj-8BhYTh9y2wd6mRxCEVRQ-CfYG3h6L7QMHqNUoidZQ,BR1_3279049607,16.17,13.79,11.21,3.993,1
8.2857,0.2857,0.2143,0.3333,0.2092,0,0.2,0.2857,0.8571,7.8182,0.5455,0.0909,0.25,0.1767,0.0,0.1,0.0909,0.3636,7.1754,0.3777,0.2832,0.5833,0.2303,1.0,0.1667,0.6609,1.133,0,UYTNbydJ8ra8UQEcR7kK9u8hX3Y9azOVX9UfT1DsrhxUy3hyOwBzpcOc5nBY9uGefOihT3tBWedxqQ,BR1_3277738917,16.17,14.0,11.0,10.592,0
6.3571,0.3571,0.1429,0.3333,0.1842,1,0.0,0.2857,0.8571,7.3636,0.5455,0.3636,0.5,0.2058,0.0,0.0,1.3636,2.7273,8.8089,0.3263,0.0,0.4167,0.1559,0.0,0.2857,0.8156,1.9575,0,KeFxeZrlCgEzyPgDUpg1FUw_bM5KdNvKb9VYjcZUxDL-EyyPU72JLV2LU2FyPXS2sWq9Drx960rjYg,BR1_3277766377,16.17,14.0,11.0,6.13,1
8.5714,0.5,0.1429,0.0,0.1167,0,0.2,0.0,0.5,9.9891,0.2737,0.2737,0.2,0.185,0.0,0.125,0.1368,0.6842,,,,,,,,,,0,KeFxeZrlCgEzyPgDUpg1FUw_bM5KdNvKb9VYjcZUxDL-EyyPU72JLV2LU2FyPXS2sWq9Drx960rjYg,BR1_3277124354,16.17,14.0,7.308,0.0,0
9.3491,0.3681,0.0,0.5,0.286,1,0.0,0.2208,0.4417,7.183,0.1752,0.438,0.5,0.3045,0.0,0.3,0.438,0.876,6.183,0.2409,0.3212,0.4167,0.1543,0.0,0.1875,0.4015,0.9636,0,KeFxeZrlCgEzyPgDUpg1FUw_bM5KdNvKb9VYjcZUxDL-EyyPU72JLV2LU2FyPXS2sWq9Drx960rjYg,BR1_3277104268,16.17,13.584,11.416,12.454,0
8.5,0.5,0.0714,0.5714,0.1945,0,0.4,0.5714,1.0,6.0909,0.3636,0.2727,0.5333,0.2338,0.0,0.1538,0.7273,1.3636,5.2226,0.5497,0.2749,0.6,0.1988,0.0,0.5,0.8246,1.3744,0,KeFxeZrlCgEzyPgDUpg1FUw_bM5KdNvKb9VYjcZUxDL-EyyPU72JLV2LU2FyPXS2sWq9Drx960rjYg,BR1_3275847263,16.16,14.0,11.0,3.638,1
6.7857,0.2857,0.1429,0.6429,0.3226,6,0.0,0.6429,1.0,8.6364,0.4545,0.0909,0.5789,0.4611,7.0,0.2222,1.0,1.7273,7.5049,0.3507,0.4208,0.4375,0.3081,0.0,0.2857,0.491,1.1222,0,eG6pCHe1okk3callnHi8fhH2WPH2rJjbnMatqYct_rJKKkbCvYPYfrhWHzDxLoPHDGkH_wHVxsXaVg,BR1_3277726460,16.17,14.0,11.0,14.257,0
8.0547,0.4517,0.0,0.2,0.2487,4,0.0,0.3011,1.5056,7.6819,0.6828,0.0,0.5294,0.3118,3.0,0.0833,0.7682,1.451,4.9209,1.036,0.259,0.6364,0.2998,1.0,0.4286,1.813,2.8489,0,EoQ3vVr-fiOWk1zsH2VQ6-abW_wx2s6WP-dRki-Mpt058tHEuVMUJcPjVAhbYVRCmFCC03GKXQ_b1g,BR1_3278914358,16.17,13.284,11.716,3.861,1
